Time,"container_id=""rskj-miner1""","container_id=""rskj-miner2""","container_id=""rskj-miner3""","container_id=""rskj-miner4""","container_id=""rskj-node1""","container_id=""rskj-node2"""
2026-03-05 19:28:32,0.0019878275862068966,0.0025213103448275863,0.0015468965517241378,0.0019396896551724138,0.0007407241379310344,0.0006356206896551723
2026-03-05 19:29:02,0.0042262758620689655,0.0022708620689655176,0.001956,0.0026780000000000003,0.00030603448275862074,0.00044031034482758615
2026-03-05 19:29:32,0.0022990586531498915,0.0015154994655356712,0.009335609116927001,0.005707458363504706,0.0005373607806627357,0.00032798869004517083
2026-03-05 19:30:02,0.003915758620689655,0.0020125517241379315,0.0043301379310344825,0.0010886896551724138,0.0002787586206896552,0.00042265517241379323
2026-03-05 19:30:32,0.009907796282886797,0.00709378986931485,0.011604910175511188,0.005772766456329092,0.0023590910658253163,0.0032935416020137233
2026-03-05 19:31:02,0.007507379819297883,0.004699220635905925,0.005201048348161943,0.005672391199393062,0.005758086764604456,0.0015785571418718536
2026-03-05 19:31:32,0.0013722285438433155,0.001565601186165994,0.0005871521671666494,0.0006138409020378607,0.0010076893900210337,0.0012070963070238956
2026-03-05 19:32:02,0.0007664563290921008,0.002369504499844833,0.0010092065790834799,0.0018102479224854316,0.0012781973035412575,0.0011182373021619942
2026-03-05 19:32:32,0.00730628642366978,0.009325356046760231,0.004439256526087105,0.012282009724473256,0.0023904617400600015,0.002203455291561778
2026-03-05 19:33:02,0.0009711724137931033,0.0012376551724137931,0.0001557931034482759,0.0002578275862068966,0.0006824827586206897,0.00016565517241379308
2026-03-05 19:33:32,0.008984827586206896,0.002317241379310345,0.0027359999999999997,0.009692896551724138,0.0012141724137931034,0.0021149655172413794
2026-03-05 19:34:02,0.016188945971106438,0.01628786677240286,0.013024687101334345,0.0305667689549357,0.021389683825811124,0.005600937834017172
2026-03-05 19:34:32,0.508853551205664,0,0,0,0,0
2026-03-05 19:35:02,0.0036550463777111084,0.003628599013827109,0.003065446019102789,0.006975449122444053,0.00004558463501258589,0.0014329161063411607
2026-03-05 19:35:32,0.0035932758620689656,0.0011034137931034483,0.0029322413793103448,0.0035955172413793105,0.0011166896551724139,0.005357793103448276
2026-03-05 19:36:02,0.0017616896551724132,0.005330586206896553,0.002392137931034483,0.0035782413793103447,0.00041527586206896547,0.002851310344827585
2026-03-05 19:36:32,0.004714320195855316,0.003406606668735561,0.002171683735043619,0.001832385090169305,0.0001323057825592221,0.00027492155442915766
2026-03-05 19:37:02,0.003690965517241379,0.007499,0.0033501034482758623,0.006867448275862069,0.0032756896551724137,0.0020544827586206895
2026-03-05 19:37:32,0.005882,0.004101793103448276,0.0015720689655172415,0.0015348965517241377,0.000814413793103448,0.00027306896551724147
2026-03-05 19:38:02,0.008591910623771593,0.004754560187579737,0.003006551498224199,0.0041019964828799,0.0039228302472328535,0.002450467225268094
2026-03-05 19:38:32,0.023619758620689657,0.010436586206896551,0.015658689655172413,0.010865137931034483,0.004564137931034483,0.004756827586206897
2026-03-05 19:39:02,0,0,0,0,0,0
2026-03-05 19:39:32,0.015762344827586205,0.010734206896551725,0.005598862068965518,0.01458251724137931,0.002780896551724138,0.0020554827586206897
2026-03-05 19:40:02,0.02716974691400593,0.007649886214743811,0.007357044341769533,0.012769464174884492,0.005247500172401903,0.0021334045927867045
2026-03-05 19:40:32,0.0055706354953277476,0.004976414606392884,0.0032079928278335233,0.0008096617358022134,0.002088410744457088,0.0015878417985586706
2026-03-05 19:41:02,0.007156480651169208,0.00001393391736221245,0.00440094502310823,0.0038302752293577986,0.0028399323998068568,0.0015624267089742708
2026-03-05 19:41:32,0.010105388354535113,0.007736594693234966,0.009649222601441031,0.013560692246699072,0.008248388320060675,0.007647740200641224
2026-03-05 19:42:02,0.004191696265388461,0.0039084451187971995,0.0023341494534294283,0.01710552088003034,0.004610434842580778,0.00285647780957964
2026-03-05 19:42:32,0.00447470951280902,0.003364031307106162,0.0025860428231562257,0.005293935110161019,0.0017951936006620007,0.0029891390545805606
2026-03-05 19:43:02,0,0,0,0,0,0
2026-03-05 19:43:32,0.003111727990620365,0.002461050381047622,0.0014435670195523983,0.0040582089037553,0.001534604641539363,0.001708231318321321
2026-03-05 19:44:02,0.023349791400889566,0.006151053339309727,0.014936868599800023,0.014941212977967798,0.0033023135537703,0.004114884667103404
2026-03-05 19:44:32,0.010768904520533772,0.011017275266370124,0.011926312885762558,0.017817730423088856,0.00658753146443226,0.0049578290403779176
2026-03-05 19:45:02,0.008526324862945214,0.006703134158535325,0.004596938247767473,0.008097920904733994,0.003876116263834776,0.001742647312346999
2026-03-05 19:45:32,0.0019226206896551725,0.0011850689655172417,0.00031996551724137963,0.004307103448275862,0.0002091379310344828,0.001675344827586207
2026-03-05 19:46:02,0.016332954036067722,0.02367728699010379,0.017251025826695632,0.025439260715147755,0.01073711251336161,0.004206199786214269
2026-03-05 19:46:32,0.004619220026895624,0.005315816695976001,0.003945277749043136,0.0035511878900727576,0.002766387365952898,0.004948760387572842
2026-03-05 19:47:02,0.002291403744698458,0.0015689458984172958,0.00035426364608116953,0.0023000241370987207,0.0019243474362953,0.0014337436640115859
2026-03-05 19:47:32,0.003286793103448276,0.0005337931034482758,0.004767103448275863,0.000390448275862069,0.0023910689655172413,0.0005275862068965518
2026-03-05 19:48:02,0.006053310344827585,0.0025707586206896553,0.005549137931034483,0.005333620689655172,0.0034716206896551723,0.003281034482758621
2026-03-05 19:48:32,0.0014754663632288551,0.014000379297265613,0.004502086134960863,0.004313747801799938,0.0017431467880417919,0.0007677666287369399
2026-03-05 19:49:02,0.011045070519673092,0.006698437877168178,0.0030284492568709263,0.009769888616848858,0.0024291182454567396,0.005043932549398254
2026-03-05 19:49:32,0.002915933933312644,0.0019570359642770937,0.001905210165166718,0.003942415778766249,0.0021449950001724075,0.001613461604772249
2026-03-05 19:50:02,0.013871064519466188,0.006820959343425634,0.0016890582433877026,0.006766681609710679,0.002973757715783302,0.018928825131901094
2026-03-05 19:50:32,0.005175338781421329,0.002004241233060929,0.0013672287162511643,0.0028117306299782763,0.0022235440157235956,0.001953794696734595
2026-03-05 19:51:02,0.005006310562433187,0.006879995861926272,0.006456395048105106,0.0015161902134556364,0.002546605055346736,0.002856684713265974
2026-03-05 19:51:32,0.019636238231541193,0.009070593509673413,0.008784701865710245,0.00996844501155292,0.006255854053867641,0.01079925509535469
2026-03-05 19:52:02,0.0021237028098603688,0.005270539562144458,0.006406481641096362,0.0018717462506464403,0.0012262023789001895,0.0012099637993449404
2026-03-05 19:52:32,0.0034656022621469703,0.017221835235697782,0.01183564950515535,0.007564778095796406,0.004107969240318632,0.007185937446118831
2026-03-05 19:53:02,0.003521292369228647,0.006518809696217371,0.007681010999620702,0.010413502982655769,0.0051229267956277354,0.0030663425399124165
2026-03-05 19:53:32,0.0032127048896880843,0.0041814440832699355,0.005713292758835328,0.007393526523272702,0.0018472923438688708,0.0013281693063144063
2026-03-05 19:54:02,0.004937500000000001,0.004580426089354662,0.00822511031439603,0.005947049089906234,0.003148372862658578,0.011996276889134034
2026-03-05 19:54:32,0.003619310344827586,0.005585758620689655,0.008308758620689655,0.005512620689655173,0.0035177931034482755,0.001566241379310345
2026-03-05 19:55:02,0.01549177557846822,0.005336632297665437,0.0081769371357633,0.015391703162178005,0.007435083968412704,0.008372219731714885
2026-03-05 19:55:32,0,0,0,0,0,0
2026-03-05 19:56:02,0.015774061174523256,0.010098693058381323,0.009279733783923582,0.026539949653436323,0.01264102210421049,0.0057757508879616535
2026-03-05 19:56:32,0.004777249060377227,0.005012758180752389,0.003746250129305886,0.009039067618357988,0.001998379366228751,0.0022116478742112344
2026-03-05 19:57:02,0.009824833626426674,0.008919313127133545,0.0103092651977518,0.025827626633564357,0.0034088479707596285,0.0030305851522361292
2026-03-05 19:57:32,0.007392586206896552,0.004883241379310345,0.013351310344827585,0.006856620689655173,0.004998206896551724,0.0040156206896551725
2026-03-05 19:58:02,0.07136920689655173,0.005002344827586207,0.009883206896551724,0.007856896551724137,0.009067172413793104,0.004729689655172414
2026-03-05 19:58:32,0.0032694575675023267,0.0046461946963688395,0.003929342391116935,0.021296355046725744,0.00017090244491189355,0.0009337908203731159
2026-03-05 19:59:02,0.008617392503706769,0.005417916623564704,0.009379952415433952,0.006104582600599982,0.004454984310885832,0.005384366056342886
2026-03-05 19:59:32,0.016257137931034484,0.005130344827586206,0.012582793103448274,0.0072875862068965515,0.004783620689655173,0.004480862068965518
2026-03-05 20:00:02,0.0033974964653953575,0.0010303113900479327,0.009713334942584227,0.0011498672368012689,0.002599917238525466,0.0016498155108796851
2026-03-05 20:00:32,0.0062701882628784225,0.004641197158816633,0.005289083511481967,0.0038435969933108063,0.002119922763947314,0.0013344596924350046
2026-03-05 20:01:02,0.005308931034482758,0.004329344827586207,0.006601275862068966,0.003974482758620689,0.0009179310344827585,0.004003689655172414
2026-03-05 20:01:32,0.0029929655172413793,0.00389948275862069,0.004143896551724137,0.005758793103448276,0.0024706896551724136,0.003444068965517241
2026-03-05 20:02:02,0,0,0,0,0,0
2026-03-05 20:02:32,0.010148832718369598,0.01567398875823304,0.010209489982413186,0.011015448808579605,0.005987516810924513,0.008782026966447119
2026-03-05 20:03:02,0.005756042895072584,0.0042990586531498915,0.012077204234336749,0.005774766387365954,0.0014763628840384813,0.012904761904761905
2026-03-05 20:03:32,0.007484361529707919,0.033395599848270625,0.005913686678850994,0.0016487120245525704,0.007008241663505637,0.01134246008483051
2026-03-05 20:04:02,0.0020337896079715896,0.002166500017239595,0.002757232010481675,0.0051422956245905605,0.0018992173223459647,0.0034681584663655497
2026-03-05 20:04:32,0.009892413793103447,0.024179,0.002591551724137931,0.01667255172413793,0.005119482758620689,0.003310586206896552
2026-03-05 20:05:02,0.0037495948415571874,0.0019690700320678595,0.002403399882762663,0.004209785869452776,0.0015941519257956622,0.0008483155753249887
2026-03-05 20:05:32,0,0,0,0,0,0
2026-03-05 20:06:02,0.0034289999999999993,0.003087206896551724,0.001671793103448276,0.0024403103448275864,0.003510896551724138,0.001979310344827586
2026-03-05 20:06:32,0.0026861142719216574,0.002135409123823316,0.004425537050446535,0.004412227164580531,0.0031716147719044164,0.0019197613875383606
2026-03-05 20:07:02,0.0020980033794268764,0.003236697817166109,0.0009545846408496845,0.0025537777164729818,0.017088313390116898,0.0016581261422807681
2026-03-05 20:07:32,0.0038436497810269317,0.004143901513845304,0.008054415669505844,0.004628366495396392,0.005720714507396807,0.0026196075726749196
2026-03-05 20:08:02,0.007143128060133784,0.007958106337493966,0.00949706916764361,0.009043065995448591,0.00832194331425419,0.0075903730777187785
2026-03-05 20:08:32,0.004235352943204937,0.0013597020586916789,0.003323735301217283,0.0045489499637918545,0.002368667885099486,0.001983585640884168
2026-03-05 20:09:02,0.0061858211785800485,0.006265577049067272,0.010684907416985622,0.004159304851556842,0.006440536533222992,0.0019726905968759693
2026-03-05 20:09:32,0,0,0,0,0,0
2026-03-05 20:10:02,0.008977930273457705,0.005227180247594744,0.0038533052863891854,0.005769923100796578,0.004460360702093175,0.005690541053139763
2026-03-05 20:10:32,0.0004385046986334376,0.0013094213624315857,0.001290144917558776,0.0014058035867956353,0.0006401845031152111,0.0003801590306702006
2026-03-05 20:11:02,0.0036292285940894508,0.0037856822649056858,0.0030062415945377426,0.0019024449118935135,0.00129666540225525,0.0029433083899444803
2026-03-05 20:11:32,0.0046287241379310345,0.006148172413793103,0.010360862068965516,0.008724241379310344,0.010463241379310343,0.01065003448275862
2026-03-05 20:12:02,0,0,0,0,0,0
2026-03-05 20:12:32,0.0008428674873280232,0.0019322383446547821,0.003011137546981139,0.0014747158971529718,0.0006187026447363885,0.002079671805569923
2026-03-05 20:13:02,0.005518395917382159,0.003781042033033343,0.005932864383986758,0.0034845350160339294,0.004243198510396192,0.002431088583152305
2026-03-05 20:13:32,0.0019216206896551723,0.002713344827586207,0.0019090344827586206,0.0017836551724137932,0.0023779310344827585,0.002220655172413793
2026-03-05 20:14:02,0.018804206896551722,0.005499620689655172,0.004334862068965517,0.012201310344827585,0.008287931034482759,0.004426931034482758
2026-03-05 20:14:32,0.0062687056065098955,0.003286773325977519,0.0035816840217916006,0.004483345976139576,0.00571077856699538,0.004357320184814841
2026-03-05 20:15:02,0.0016299655172413792,0.0003894827586206896,0.005063620689655173,0.0014016206896551725,0.0030304827586206894,0.00038362068965517226
2026-03-05 20:15:32,0.007592876107720423,0.00014171925106030837,0.0016655287748698316,0.025714768456260133,0.0013140236543567466,0.0013708492810592739
2026-03-05 20:16:02,0.002996862068965517,0.002390344827586207,0.003058586206896552,0.0036634482758620707,0.002987655172413793,0.0009187931034482759
2026-03-05 20:16:32,0.0007835396338309831,0.000995310829914147,0.0003935110161017826,0,0.0005596317622314934,0.0012576285211874636
2026-03-05 20:17:02,0.0024081238577980065,0.0014702251646494947,0.0022734043653667114,0.004632874728457639,0.002720837212509913,0.0022484397089755524
2026-03-05 20:17:32,0.0008943103448275862,0.0003426206896551724,0.00044158620689655175,0.0012707586206896554,0.00010624137931034484,0.0008384827586206896
2026-03-05 20:18:02,0.002949967242508879,0.001513637460777214,0.011113651253405054,0.003472018206268749,0.004351056860108271,0.006727147339746904
2026-03-05 20:18:32,0.0023930689655172416,0.0031856896551724135,0.000841793103448276,0.0015496551724137931,0.0014521379310344826,0.0013999655172413793
2026-03-05 20:19:02,0.006020068965517242,0.005543793103448276,0.00681751724137931,0.008916551724137932,0.005373137931034482,0.0022337241379310345
2026-03-05 20:19:32,0.0036643904121400244,0.0035292981548542854,0.005101845145714779,0.004687670287980687,0.005568511812381446,0.0025128815312984993
2026-03-05 20:20:02,0.0009092194180113087,0.0010259619362846502,0.000003137498276099876,0.00009215970211005384,0.000655599227692732,0.0005083781547372775
2026-03-05 20:20:32,0,0,0,0,0,0
2026-03-05 20:21:02,0.00503389538291783,0.004053446432881624,0.005259025550843074,0.003271956139443467,0.0015911865108099719,0.004162787490086548
2026-03-05 20:21:32,0.00302168890727906,0.002011309954829144,0.0009733802282679907,0.0032147167339057277,0.001641702010275508,0.0003838833143684701
2026-03-05 20:22:02,0.0010485172413793105,0.001477551724137931,0.0008856206896551724,0.0016846551724137933,0.0014276896551724137,0.0014931724137931034
2026-03-05 20:22:32,0.0012374056067032172,0.009255715320161376,0.001888245232923003,0.0014033998827626634,0.0004912244405365332,0.000879797248370746
2026-03-05 20:23:02,0.001905830833419537,0.0072475776697355256,0.004734457432502327,0.003569670011378918,0.0025359470363090927,0.0033830212751284434
2026-03-05 20:23:32,0.013868866590807211,0.004280576531843729,0.003968001103410227,0.003964932243715733,0.002931312713354712,0.0025330850660322053
2026-03-05 20:24:02,0.002681355815316713,0.00250594807075618,0.0036433226440467565,0.003568566601151684,0.0035810144477776626,0.0027605254991207194
2026-03-05 20:24:32,0.0008986621612302601,0.0007452589476587822,0.0003357699469002139,0.0004590373077718779,0.000007137438797324283,0.0008318736638852494
2026-03-05 20:25:02,0.0007259749663804697,0.0007066997689734837,0.0006434605703251612,0.0006339091755456709,0.00037629736905623955,0.00009885866004620536
2026-03-05 20:25:32,0.004488361667643712,0.0031110727956136417,0.003688265112590089,0.0051206248491327275,0.0014656022621469705,0.0019685851236249524
2026-03-05 20:26:02,0.019839390386869875,0.007183780428935936,0.005903937659471761,0.003253430797876008,0.008650093097027793,0.006419833114957589
2026-03-05 20:26:32,0.015563019414462568,0.0414508431325218,0.010564743611848683,0.006403979447567157,0.010388496155039827,0.010660471050725885
2026-03-05 20:27:02,0.023961515914341872,0.01401969033414945,0.020633332183868407,0.037716645401565566,0.002078761336597813,0.009100037932342493
2026-03-05 20:27:32,0,0,0,0,0,0
2026-03-05 20:28:02,0.006087134926381848,0.0038509706561842692,0.0059633805730836854,0.005790007241129616,0.000020895831178235074,0.0006756663563325402
2026-03-05 20:28:32,0,0,0,0,0,0
2026-03-05 20:29:02,0.007653586206896552,0.0004929655172413794,0.009494275862068966,0.00047431034482758584,0.006695965517241379,0.001576862068965517
2026-03-05 20:29:32,0,0,0,0,0,0
2026-03-05 20:30:02,0.005802516807446992,0.004149525943802792,0.004230132735735218,0.004718703671780727,0.00203733838993277,0.003971211860024133
2026-03-05 20:30:32,0.04221589655172414,0.05158310344827586,0.08544062068965518,0.0354163448275862,0.03952844827586207,0.008607068965517242
2026-03-05 20:31:02,0.019559360022068206,0.011800489638288334,0.011490638253853316,0.011533947105272233,0.015201786145305336,0.0032159925519809666
2026-03-05 20:31:32,0.014759870349298298,0.018775249129340366,0.016548463846074273,0.013379090376193923,0.00676614599496569,0.008769421744077788
2026-03-05 20:32:02,0.01209351724137931,0.00939858620689655,0.032452,0.00873744827586207,0.003490793103448276,0.004251689655172414
2026-03-05 20:32:32,0.024672988069788293,0.0000018619405558236844,0.003145369284876904,0.007646093372870837,0.002041479897938074,0.0005031032342597062
2026-03-05 20:33:02,0.010894896551724138,0.009802987200000002,0.011211586206896551,0.0071118620689655165,0.0034801724137931028,0.006884344827586208
2026-03-05 20:33:32,0.022915350665471346,0.0034894145231363356,0.012495620991655748,0.010452037790497208,0.006177539480035859,0.0068063926625749945
2026-03-05 20:34:02,0.0069964139167614904,0.00128223164718458,0.0010336540119306231,0.004705665321885452,0.0007982483362642667,0.0003118168339022793
2026-03-05 20:34:32,0.003947484569497604,0.0006781835109134166,0.003125754284335023,0.0001869245888072819,0.00304044688114203,0.002145650149994828
2026-03-05 20:35:02,0.0008700389641736494,0.00258353160235854,0.0020322057860073794,0.0038959691045136378,0.002276404261922003,0.0013999172442329577
2026-03-05 20:35:32,0.004779566926418868,0.0023733880422039857,0.0017426039583477001,0.004361837114681746,0.0009880008275291363,0.003954141093717675
2026-03-05 20:36:02,0.0024052068965517235,0.003410586206896552,0.0027869655172413793,0.005109724137931034,0.005231862068965517,0.002316413793103448
2026-03-05 20:36:32,0.000415744284679839,0.004700803420571704,0.004123512982310954,0.0005663597806972171,0.002310403089548636,0.0021634426399089685
2026-03-05 20:37:02,0.0036367241379310347,0.004027068965517242,0.003730034482758621,0.004396758620689656,0.0002528965517241382,0.00007413793103448273
2026-03-05 20:37:32,0,0,0,0,0,0
2026-03-05 20:38:02,0.003376495741232456,0.0006701610400358635,0.010281664884996032,0.0053529087209903785,0.002534087382323528,0.0021902824235318454
2026-03-05 20:38:32,0.004957382249500035,0.002426246465760982,0.0036528170471002005,0.0024252810151024072,0.0013666643679746224,0.0013276325770636508
2026-03-05 20:39:02,0.014338988895785916,0.0018101248361956,0.008391751155252087,0.006944340989033726,0.011253983033312641,0.0034718601282847095
2026-03-05 20:39:32,0,0,0,0,0,0
2026-03-05 20:40:02,0.009744112271990622,0.0038474190545153618,0.005403848143167477,0.00674800868935554,0.003489810696182891,0.0031025481879935176
2026-03-05 20:40:32,0.005528793103448276,0.0026214137931034483,0.0008857586206896552,0.0015774827586206895,0.0021337586206896554,0.00033110344827586203
2026-03-05 20:41:02,0.0587197089855872,0.002174436245776154,0.004308392524653472,0.0051938487000896495,0.00039876560237224993,0.0014792083304599683
2026-03-05 20:41:32,0.009363586206896549,0.005915793103448275,0.008396793103448276,0.007599655172413793,0.004103724137931034,0.006601103448275861
2026-03-05 20:42:02,0.0032157511809937584,0.0011656839419330362,0.0022485431536843556,0.007393262301299955,0.0013645736353918828,0.0030300679286921137
2026-03-05 20:42:32,0.006389620689655172,0.0000011379310344829395,0.003377241379310345,0.006238275862068966,0.0020406896551724138,0.0034311724137931036
2026-03-05 20:43:02,0.005764724137931035,0.004783809448275862,0.001333,0.0019445862068965516,0.0023446896551724138,0.0025648275862068964
2026-03-05 20:43:32,0.004982581401766005,0.006968543046357616,0.01619250137969095,0.0034911354856512144,0.003538493377483444,0.0027502069536423845
2026-03-05 20:44:02,0.0074090893417468355,0.005272163028861073,0.0028019378642115786,0.005171787179752422,0.0017895934622944034,0.0034345712216820104
2026-03-05 20:44:32,0.002484057771190238,0.0032277756712970943,0.00944579642204681,0.004739409189617731,0.0013499017614008481,0.0071297783599324396
2026-03-05 20:45:02,0,0,0,0,0,0
2026-03-05 20:45:32,0.0025942068965517243,0.0026531379310344824,0.0030601379310344827,0.002341137931034483,0.0019236206896551724,0.0006610344827586206
2026-03-05 20:46:02,0.0009882073031964418,0.0008920726871487192,0.0008302817144236406,0.0012475776697355263,0.0004801558566945968,0.0008411089272783697
2026-03-05 20:46:32,0.012213103448275862,0.012162172413793103,0.01108348275862069,0.021825965517241377,0.005058482758620689,0.011914907310344829
2026-03-05 20:47:02,0.0013009206579083481,0.003956311851315472,0.005394641564083997,0.003524878452467156,0.00029036929761042736,0.0016421502706803212
2026-03-05 20:47:32,0.020315747732836797,0.01231854073997448,0.011620702734388469,0.010584738457294575,0.04600062066825282,0.006696148408675562
2026-03-05 20:48:02,0.0024141236509085903,0.0029170028619702774,0.005985138443501949,0.0016406330816178757,0.001407434226405986,0.00016120133788490048
2026-03-05 20:48:32,0.004810241379310345,0.011665275862068966,0.004097793103448276,0.009037068965517241,0.0046254137931034485,0.004873
2026-03-05 20:49:02,0.0075134650529292074,0.003517051136167718,0.0029751732698872447,0.0027517326988724523,0.001711389262439226,0.0025967380435157404
2026-03-05 20:49:32,0.0036086414624013296,0.0001165697271846003,0.0025387065503392884,0.0030663343027281537,0.0010185569865669576,0.004745810829524997
2026-03-05 20:50:02,0.023978410070701846,0.0104930850146577,0.008526297637523711,0.006720986376961544,0.010560372478013452,0.003959234350750129
2026-03-05 20:50:32,0.007909426286029513,0.002707764446283271,0.0028381947317611365,0.003193662943042339,0.001499448351951455,0.0013817404495931596
2026-03-05 20:51:02,0,0,0,0,0,0
2026-03-05 20:51:32,0.00956755172413793,0.0027103103448275863,0.0010209999999999998,0.0040081034482758625,0.003197344827586207,0.0012544482758620687
2026-03-05 20:52:02,0,0,0,0,0,0
2026-03-05 20:52:32,0.011192482758620689,0.007323103448275862,0.005494758620689655,0.0037208965517241377,0.0015420689655172416,0.004298551724137931
2026-03-05 20:53:02,0.0065071379310344835,0.003926724137931034,0.0045379999999999995,0.004917965517241379,0.0017333448275862065,0.002939586206896551
2026-03-05 20:53:32,0,0,0,0,0,0
2026-03-05 20:54:02,0,0,0,0,0,0
2026-03-05 20:54:32,0.007437857783295402,0.005847161873232638,0.004688599213738879,0.00319591006276295,0.004617559831712533,0.004998413683702325
2026-03-05 20:55:02,0,0,0,0,0,0
2026-03-05 20:55:32,0.007472689655172414,0.005844827586206897,0.003813413793103448,0.002418758620689655,0.0019198620689655174,0.0028778275862068967
2026-03-05 20:56:02,0.007200551724137931,0.005599517241379311,0.009045448275862067,0.0036059310344827584,0.0032183793103448275,0.003440413793103448
2026-03-05 20:56:32,0.005213268507982483,0.006093996758732458,0.0070883072997482855,0.0029053136098755217,0.003666459777249061,0.00319109685872901
2026-03-05 20:57:02,0.008434827586206894,0.003506310344827586,0.002920724137931034,0.004300551724137931,0.0013653793103448276,0.0011069310344827587
2026-03-05 20:57:32,0.00908097389385109,0.00866210297616995,0.02327747698037728,0.012729661689140255,0.006134220781460151,0.016706073042038833
2026-03-05 20:58:02,0.018266836787475427,0.009349632745956755,0.0059153074243939435,0.00825504327735439,0.0030945205007069203,0.004036759888272009
2026-03-05 20:58:32,0.005381761765212893,0.004706395449060506,0.0023185312877090154,0.00327188415790381,0.0016660230994656091,0.0030222375452508186
2026-03-05 20:59:02,0.0030432413793103448,0.0057712068965517236,0.0027171034482758624,0.0033041034482758623,0.004387655172413794,0.0033984827586206897
2026-03-05 20:59:32,0.005298596503327701,0.003472533535639159,0.0032533190799682744,0.0007388185799510326,0.0013235283975309492,0.0016375737094382564
2026-03-05 21:00:02,0.008352793103448275,0.003614620689655172,0.0016742758620689657,0.0075768620689655175,0.0026249999999999997,0.0006933103448275861
2026-03-05 21:00:32,0.0017504827586206897,0.0011120689655172414,0.0037157931034482766,0.0021864827586206893,0.0014254137931034485,0.0002677241379310342
2026-03-05 21:01:02,0.021445137931034485,0.00995296551724138,0.009568241379310345,0.008837068965517243,0.00391051724137931,0.0023056551724137935
2026-03-05 21:01:32,0.0037364482758620687,0.0027608275862068964,0.0010224827586206898,0.0007818965517241378,0.0003117586206896552,0.001181896551724138
2026-03-05 21:02:02,0.024113417704058757,0.004309252043173902,0.00921459360667609,0.010609538259939997,0.0043258043380806225,0.005344942929066518
2026-03-05 21:02:32,0,0.0042390427256112275,0,0,0,0
2026-03-05 21:03:02,0.031963344827586206,0.007370448275862069,0.012939586206896553,0.007060310344827585,0.010566344827586208,0.012421724137931035
2026-03-05 21:03:32,0.016101620689655174,0.004153344827586208,0.009092689655172416,0.010164137931034484,0.033633862068965514,0.001791758620689655
2026-03-05 21:04:02,0.0027693103448275863,0.004554931034482759,0.002358896551724138,0.0022978275862068965,0.0010591724137931032,0.0009315862068965516
2026-03-05 21:04:32,0,0,0,0,0,0
2026-03-05 21:05:02,0.008680150355196911,0.004194392716739085,0.004843954755500379,0.0038377474308573002,0.0061950479343403,0.003287812952617422
2026-03-05 21:05:32,0.0036605289472776805,0.001900072411296162,0.001202199924140547,0.001086410813420227,0.0008704182614392606,0.0013056446329436917
2026-03-05 21:06:02,0.00729121693851512,0.003899375840546225,0.0029714128073381834,0.0027151625918135107,0.0028494430842442835,0.006590296217110934
2026-03-05 21:06:32,0.013193075623297353,0.005162453877719921,0.013364391875581916,0.002437221973171488,0.0029515155695023962,0.004513293561846959
2026-03-05 21:07:02,0.007048241379310345,0.002057,0.002892724137931035,0.020445379310344826,0.0029413793103448276,0.0035772068965517242
2026-03-05 21:07:32,0.006342253181144177,0.0038576502638021995,0.0032152488016828156,0.0038710300355184655,0.0011914548777544052,0.0009021345563640124
2026-03-05 21:08:02,0.003782620689655172,0.0023819655172413793,0.009918620689655173,0.002027896551724138,0.002161586206896552,0.003709655172413793
2026-03-05 21:08:32,0.014401324183592535,0.008486465050518983,0.012780578640642777,0.011694161867650607,0.0034666367805786403,0.00546339528949274
2026-03-05 21:09:02,0.007830241379310343,0.006164137931034483,0.029636137931034482,0.007996758620689656,0.0024663103448275864,0.0026919655172413792
2026-03-05 21:09:32,0.003805193461618043,0.0052816056279743435,0.011558659217877094,0.008087626732878129,0.0017921235947306708,0.002539899303400234
2026-03-05 21:10:02,0.0010750000000000002,0.0035529655172413794,0.0012958620689655174,0,0.001159241379310345,0.0012464827586206896
2026-03-05 21:10:32,0.0007955101900065511,0.006054105313976343,0.004018793751508673,0.0032654574295665362,0.002200696575743991,0.003998724093934273
2026-03-05 21:11:02,0.0006833103448275862,0.0017351724137931036,0.003827379310344827,0.0023509310344827583,0.002097344827586207,0.0023894482758620686
2026-03-05 21:11:32,0.006015241904893271,0.012914307389909995,0.007524431876961273,0.012095555019138591,0.00900962102141453,0.003422290423807717
2026-03-05 21:12:02,0.004150941444237534,0.004845023794744464,0.006771466997723981,0.0021418718532312574,0.003552831229739982,0.002085799020622112
2026-03-05 21:12:32,0.007141473001861941,0.007618715950624095,0.007144334873457003,0.003307289152472243,0.00599979311771602,0.005254051444727951
2026-03-05 21:13:02,0,0,0,0,0,0
2026-03-05 21:13:32,0.01291362068965517,0.00533351724137931,0.00374851724137931,0.004410965517241379,0.002064,0.005019172413793104
2026-03-05 21:14:02,0.006646628729091222,0.0006340748404897395,0.00445859630970857,0.004826073460941541,0.0021467494395585444,0.002606759786170029
2026-03-05 21:14:32,0.009999344895355654,0.006463750845314852,0.006965589766575872,0.014433437920215153,0.004140054477123057,0.002927007550943006
2026-03-05 21:15:02,0.0063902279231750625,0.006373435398779352,0.0018132823006103238,0.00579966208061791,0.002244784662597841,0.0019782421295817384
2026-03-05 21:15:32,0.005709448275862069,0.003015310344827586,0.004948620689655172,0.0021896551724137933,0.002725758620689655,0.0020029655172413793
2026-03-05 21:16:02,0.0026233103448275864,0.00044,0.0014656896551724138,0.003450758620689655,0.0006909999999999998,0.0007373103448275863
2026-03-05 21:16:32,0.0007464395323976687,0.0012560088278906166,0.004638297872340425,0.004402806993344598,0.002057312321114521,0.003158246836097796
2026-03-05 21:17:02,0.0025804627426640457,0.0017762146132891967,0.0017903520568256265,0.0002110616875280163,0.00005341195131202354,0.0002618530395503604
2026-03-05 21:17:32,0.0020541379310344827,0.003907655172413794,0.008488931034482759,0.006267310344827587,0.002222862068965517,0.002286655172413793
2026-03-05 21:18:02,0,0,0,0,0,0
2026-03-05 21:18:32,0.0007974482758620693,0.0013197931034482759,0.002574413793103448,0.001741689655172414,0.0015339655172413795,0.0008381379310344828
2026-03-05 21:19:02,0.002615124659471016,0.005041380737266802,0.003591606607124383,0.0018217869581709707,0.002433877030242422,0.0019686196075726745
2026-03-05 21:19:32,0.005419813109892762,0.006953346436329782,0.011127685252232683,0.005263749525878419,0.0022026137029757596,0.002359504844660529
2026-03-05 21:20:02,0.023797054969308232,0.02284340299330988,0.016822746396303195,0.027942892613283674,0.011022518794399614,0.008563073315401064
2026-03-05 21:20:32,0.000600289645184649,0.0005372228543843319,0.000418192476121513,0.0019372780248956929,0.0004236060825488775,0.0002200958587634909
2026-03-05 21:21:02,0.002725630150684459,0.0030836867694217437,0.001404537774559498,0.00168914865004655,0.0003642288196958726,0.0002583704010206544
2026-03-05 21:21:32,0.006814125112076694,0.013385474860335195,0.0016086626663907853,0.004607179805503827,0.0015699013725084486,0.006485240361404235
2026-03-05 21:22:02,0.0034405131388371615,0.003884440306228016,0.004337264638940617,0.0032820194496172156,0.002173632664321678,0.003293123663700945
2026-03-05 21:22:32,0.0017270438950381017,0.0027059411744422605,0.000757422157856626,0.004768042481293747,0.0061381676493914,0.0017100789627943862
2026-03-05 21:23:02,0.01309451724137931,0.017728310344827587,0.007802655172413793,0.008298,0.005568103448275861,0.0006597931034482758
2026-03-05 21:23:32,0.019017,0.009188724137931035,0.010506413793103448,0.01474906896551724,0.004635827586206897,0.008539965517241378
2026-03-05 21:24:02,0.014586158143384254,0.006529328597537846,0.0017061622814579808,0.0026014000482775263,0.0023240456567467844,0.0013960826235387424
2026-03-05 21:24:32,0.007352448275862069,0.005919,0.001126586206896552,0.0043683793103448275,0.0014566551724137932,0.000031379310344827384
2026-03-05 21:25:02,0.0038311275441445802,0.010428971284425863,0.004217837520301324,0.0038465738277065555,0.004239676561042192,0.0032643145927640903
2026-03-05 21:25:32,0.005078657884754647,0.003753232870098968,0.011835580537259905,0.004376081933859787,0.003592434221869719,0.008901410393461843
2026-03-05 21:26:02,0,0,0,0,0,0
2026-03-05 21:26:32,0.018646502965926334,0.005772347910056559,0.012783694302662437,0.016749620637329286,0.015530797351358807,0.004268105945647675
2026-03-05 21:27:02,0,0,0,0,0,0
2026-03-05 21:27:32,0,0,0,0,0,0
2026-03-05 21:28:02,0.011464652734671357,0.008819435823160221,0.0130097592937444,0.013513207807434997,0.005382405683150564,0.004131250431064212
2026-03-05 21:28:32,0.015559413793103449,0.010147034482758619,0.01380744827586207,0.012504137931034484,0.007784896551724138,0.006795344827586206
2026-03-05 21:29:02,0.0006336896551724139,0.0014128965517241378,0.001455344827586207,0.0016727931034482759,0.0013418620689655172,0.0011841379310344828
2026-03-05 21:29:32,0.0042263025412916785,0.034467604565359806,0.00138684872935416,0.001872314747767318,0.0014107444570876867,0.001411296162201303
2026-03-05 21:30:02,0.0025936066760922786,0.003263284940860029,0.0034719473085278803,0.003018483395979171,0.0014893617021276594,0.003728438911686609
2026-03-05 21:30:32,0.007056689655172413,0.01327462068965517,0.01288096551724138,0.010975862068965518,0.004673344827586207,0.007831344827586207
2026-03-05 21:31:02,0.011913476791502862,0.007216670115180357,0.005300744878957169,0.007452307055659011,0.004177529484792055,0.0026337678460583488
2026-03-05 21:31:32,0.0062422580867646064,0.002129871025587972,0.005044278915787297,0.003052762259466171,0.002060590385543831,0.0019958272984343752
2026-03-05 21:32:02,0.025629219682079925,0.0065307403192993345,0.0033751939588290056,0.0026279093824350883,0.0023194027792145092,0.004545360504810178
2026-03-05 21:32:32,0.005585385198979239,0.0038264707910890404,0.0030070004827919164,0.001983757500517277,0.0018093661631836677,0.002111180081384923
2026-03-05 21:33:02,0.006355071214263544,0.0026040280028968516,0.0036896230644549435,0.002940890436941752,0.00270048625719902,0.002497982549918957
2026-03-05 21:33:32,0.009560689655172414,0.004050689655172413,0.008244310344827586,0.006398793103448275,0.006889689655172414,0.005352896551724138
2026-03-05 21:34:02,0.025406890130353812,0.03327595006552176,0.010727532933305747,0.0067625353472653285,0.029289675150010346,0.003957341885647286
2026-03-05 21:34:32,0.009559344827586207,0.006199172413793104,0.008106862068965517,0.0040655862068965515,0.010595379310344826,0.0017148275862068965
2026-03-05 21:35:02,0,0,0,0,0,0
2026-03-05 21:35:32,0.00596692989413428,0.004771957653712197,0.005013414255663988,0.004355253629435497,0.0016135728818235109,0.002038415117762681
2026-03-05 21:36:02,0.01251832821821442,0.005756784716714368,0.008992448015448807,0.005786820235180523,0.0028035794337735783,0.005300389668609262
2026-03-05 21:36:32,0,0,0,0,0,0
2026-03-05 21:37:02,0.003044655172413793,0.016862000000000002,0.015818241379310347,0.0032446551724137924,0.0015153103448275862,0.00184948275862069
2026-03-05 21:37:32,0.0016007793372185247,0.0058988240973826675,0.0029574123245629156,0.0057021276595744675,0.001735577088865133,0.00189427221628332
2026-03-05 21:38:02,0.005195937790958309,0.006892892858374425,0.0026847132659746885,0.007359288251319009,0.004350150005172591,0.008280216559191695
2026-03-05 21:38:32,0.003833132176971619,0.003588916859202041,0.004421782217777624,0.003324761734312677,0.0031048312010758987,0.0027867857512328007
2026-03-05 21:39:02,0,0,0,0,0,0
2026-03-05 21:39:32,0,0.0029223793103448276,0,0,0,0
2026-03-05 21:40:02,0.002158413793103448,0.0020770344827586206,0.00031458620689655143,0.0004600344827586209,0.0013427586206896552,0.0009270000000000001
2026-03-05 21:40:32,0.015326758620689654,0.0017424827586206895,0.007283689655172414,0.015095000000000003,0.002505965517241379,0.0009449655172413794
2026-03-05 21:41:02,0.010071126542679363,0.011296538210320051,0.021304548110969778,0.006884939324143147,0.001853793530200419,0.00821148887895768
2026-03-05 21:41:32,0.0042991724137931035,0.0043037586206896555,0.004171758620689655,0.004554586206896552,0.002595310344827586,0.001663344827586207
2026-03-05 21:42:02,0.013523500810372768,0.002816269526535397,0.01600872443877375,0.0000012414221180043534,0.0026770578295803303,0.006365460877961308
2026-03-05 21:42:32,0.012985310851349952,0.004339402089583117,0.014177959380711008,0.005729905865314988,0.0004763284024688803,0.0014603979173131959
2026-03-05 21:43:02,0.0025921034482758614,0.0036528275862068964,0.003753551724137931,0.0049777931034482754,0.002366344827586207,0.0032402068965517237
2026-03-05 21:43:32,0.00039440019309678985,0.0022081997172511297,0.001295989793455398,0.00031995448432812644,0.0005057066997689734,0.0008507292851970623
2026-03-05 21:44:02,0.007582793103448276,0.0021899310344827582,0.004588827586206897,0.0034775517241379308,0.0032938275862068964,0.001275413793103448
2026-03-05 21:44:32,0.0017269905858822712,0.0027998206834718435,0.0014171867995448118,0.0017073692196282627,0.0013142522155936412,0.000649781026931963
2026-03-05 21:45:02,0.0044761904761904765,0.003653460225509465,0.0031369607944553633,0.0021450984448812107,0.001982138546946657,0.00021857866970104468
2026-03-05 21:45:32,0.0010579999999999995,0.0029519655172413795,0.0038530689655172415,0.0006686896551724135,0.0006573793103448278,0.000492103448275862
2026-03-05 21:46:02,0,0,0,0,0,0
2026-03-05 21:46:32,0.014433310344827586,0.007759758620689655,0.007199724137931035,0.0027321724137931037,0.004939275862068966,0.004510724137931034
2026-03-05 21:47:02,0.0018051034482758617,0.001838,0.00042944827586206873,0.0009547241379310341,0.0013106206896551724,0.001586655172413793
2026-03-05 21:47:32,0.01680733818407531,0.008875926756095037,0.009948446498155107,0.0035452601813855647,0.005980964860857271,0.01101669023069761
2026-03-05 21:48:02,0.006468636849546535,0.008222007655436393,0.0026445739508258906,0.003553260457257146,0.006531880409669298,0.005090865202248352
2026-03-05 21:48:32,0.008154,0.0018879999999999997,0.0045833793103448265,0.007276724137931034,0.0016538965517241381,0.004278827586206896
2026-03-05 21:49:02,0,0,0,0,0,0
2026-03-05 21:49:32,0.009707241379310345,0.004303620689655173,0.007133103448275862,0.005534137931034483,0.0058085517241379305,0.0027621379310344826
2026-03-05 21:50:02,0.010801689655172414,0.0038868275862068966,0.015530448275862068,0.010618793103448277,0.0050357586206896555,0.004835827586206896
2026-03-05 21:50:32,0,0,0,0,0,0
2026-03-05 21:51:02,0,0,0,0,0,0
2026-03-05 21:51:32,0.0020561379310344826,0.0019904827586206897,0.002136103448275862,0.0019219310344827589,0.002213827586206896,0.0028794827586206893
2026-03-05 21:52:02,0.005874862068965517,0.01086996551724138,0.004218827586206897,0.004255241379310345,0.0013330344827586207,0.0018738275862068966
2026-03-05 21:52:32,0.0007621986965067759,0.0050668298906858845,0.006068519604124279,0.0011933514948791336,0.0020864857408876164,0.005362702162143522
2026-03-05 21:53:02,0.005225137931034483,0.008800034482758621,0.0002276206896551732,0.00633151724137931,0.010869862068965517,0.0027663793103448278
2026-03-05 21:53:32,0,0,0,0.00040746870797558774,0,0
2026-03-05 21:54:02,0.0028721980826263882,0.046213566452858824,0.00028870956617697743,0.004028277812262915,0.0020951789778605426,0.0035673149872405
2026-03-05 21:54:32,0,0.006330057584221233,0.004826868039033136,0.0012253715389124516,0.0020032067859728974,0.0025895658770387223
2026-03-05 21:55:02,0.05043772413793103,0.004161724137931035,0.008530241379310344,0.008985137931034483,0.003466965517241379,0.004228103448275862
2026-03-05 21:55:32,0.010155453636332287,0.014722542156626089,0.00990358288216835,0.015129556191592812,0.00504417393703231,0.0030520707610607258
2026-03-05 21:56:02,0,0,0,0,0,0
2026-03-05 21:56:32,0.009695620689655172,0.006561000000000001,0.011296517241379311,0.010740241379310345,0.0010395517241379314,0.004898448275862068
2026-03-05 21:57:02,0.006336005504902804,0.0048157577842766214,0.0025758816445897127,0.00669922587304318,0.002675429101439303,0.0008709444348873216
2026-03-05 21:57:32,0.0006452981137280596,0.005497672333528741,0.005212903893237697,0.0010933480464843613,0.0009738611676264697,0.0015110865891927304
2026-03-05 21:58:02,0,0,0,0,0,0
2026-03-05 21:58:32,0.033138236612530604,0.020387400434467778,0.008959104858453158,0.023086893555394648,0.005850418951070652,0.007622702665425331
2026-03-05 21:59:02,0.0008240526842050825,0.000886839292486984,0.007799710374788816,0.0004936041099196639,0.0008370168603247938,0.00025583560321346084
2026-03-05 21:59:32,0.015470087238371087,0.0057825592220957876,0.007603082652322333,0.000645701872349229,0.0024079169683804006,0.0033442639908968655
2026-03-05 22:00:02,0.009794482758620687,0.009319999999999998,0.01348744827586207,0.007057517241379311,0.006801206896551724,0.005017103448275863
2026-03-05 22:00:32,0.0232461724137931,0.008246275862068966,0.006444655172413792,0.007417551724137931,0.004558310344827586,0.005337103448275862
2026-03-05 22:01:02,0.001281610978931761,0.0023172994034688457,0.0020348953484362604,0.001778662804730871,0.001734836729767939,0.0005852211992689907
2026-03-05 22:01:32,0.003364,0.01427058620689655,0.0011533793103448277,0.0017107241379310347,0.0025523793103448275,0.0009854827586206897
2026-03-05 22:02:02,0.0023729310344827582,0.0031296206896551724,0.0027188275862068964,0.001105448275862069,0.0002529310344827587,0.00022575862068965508
2026-03-05 22:02:32,0.0077209751387883165,0.007545877728354194,0.004552601634426398,0.007542153718837281,0.003579876555980828,0.0043509534153994694
2026-03-05 22:03:02,0.007174977584661012,0.02378129526174219,0.01174636181805642,0.006628767501206981,0.005235430029657218,0.004507345334160977
2026-03-05 22:03:32,0.0005565325333609181,0.005615633943657114,0,0.0007371125133616074,0.0030378952449915514,0.0019607599737940067
2026-03-05 22:04:02,0.02161653850132763,0.011481982137315078,0.014220524845684332,0.01030318286837477,0.010507776130211383,0.011503258733059758
2026-03-05 22:04:32,0.015880935140167578,0.005427847315609805,0.009811385814282265,0.020528499017275267,0.0029619323471604423,0.003267025274990517
2026-03-05 22:05:02,0.00548548275862069,0.0033204137931034483,0.013013172413793104,0.0036138965517241383,0,0.0004635517241379309
2026-03-05 22:05:32,0,0,0,0,0.0001615405834080409,0
2026-03-05 22:06:02,0,0,0,0,0,0
2026-03-05 22:06:32,0.007236620689655172,0.004310379310344827,0.006868862068965517,0.0067406206896551725,0.0044512068965517244,0.0003426551724137931
2026-03-05 22:07:02,0.011640093786635405,0.012311530239293841,0.008383214950693055,0.011996931246120958,0.008600027584304532,0.004430522032963244
2026-03-05 22:07:32,0.001078031792007172,0.003595634633288507,0.00839736560808248,0.002140512396124271,0.001143650218957967,0.002203544705354987
2026-03-05 22:08:02,0.04620380740229885,0.0028248965517241376,0.004607965517241379,0.0016229310344827584,0.004868793103448277,0.0023713448275862067
2026-03-05 22:08:32,0.010926243922623357,0.009787352160270334,0.021460639288300408,0.014121582014413298,0.007134478121444089,0.005220751008585911
2026-03-05 22:09:02,0.00032293103448275903,0.002476758620689655,0.0007385172413793105,0.003002620689655173,0.00036386206896551695,0.00017589655172413799
2026-03-05 22:09:32,0,0,0,0,0,0
2026-03-05 22:10:02,0,0,0,0,0,0
2026-03-05 22:10:32,0.005484362608185925,0.014649839660701356,0.00379111065135685,0.005451674080204131,0.004497775938760733,0.002737698700044826
2026-03-05 22:11:02,0.004812586206896553,0.0040273448275862074,0.0025934827586206895,0.0013927931034482762,0.002468793103448276,0.0030977241379310343
2026-03-05 22:11:32,0.0013520466222973191,0.006887513362529741,0.005123383564950515,0.0060395875719852395,0.0016681264871202452,0.0007859926204351876
2026-03-05 22:12:02,0.004523377698089787,0.002492897041583339,0.0028453554927246397,0.003849975863733536,0.002145507206399559,0.0018558375284463142
2026-03-05 22:12:32,0.005441310344827586,0.0025266551724137934,0.014946103448275861,0.004497241379310344,0.0008138620689655174,0.0027986551724137935
2026-03-05 22:13:02,0,0,0,0,0,0
2026-03-05 22:13:32,0.000925655172413793,0.00033393103448275854,0.0002730344827586205,0.0016077241379310345,0.00029137931034482756,0.00033575862068965524
2026-03-05 22:14:02,0,0,0,0,0,0
2026-03-05 22:14:32,0,0,0,0,0,0
2026-03-05 22:15:02,0.005508862068965516,0.005401724137931035,0.01108542416551724,0.01110051724137931,0.0044814137931034476,0.0034227241379310345
2026-03-05 22:15:32,0,0,0,0,0,0
2026-03-05 22:16:02,0.028095489344092697,0.007086557693634043,0.01778550244844472,0.03703434719635837,0.02901882888475067,0.007993309883440236
2026-03-05 22:16:32,0.0034821391628163576,0.004306565064478312,0.0005214812771532997,0.005380939245569271,0.005883214950693056,0.0009568650437900834
2026-03-05 22:17:02,0.013996413916761492,0.016676390469294165,0.00913982276473225,0.018161063411606497,0.008374711216854592,0.003115513258163512
2026-03-05 22:17:32,0.0032379655172413793,0.004409689655172413,0.002882724137931035,0.0038734827586206894,0.0019633793103448274,0.0021197586206896553
2026-03-05 22:18:02,0.005637391814075377,0.027190924450881008,0.007344746732871281,0.0029132098893141617,0.0009696907003206784,0.004105410158270405
2026-03-05 22:18:32,0.003788103448275862,0.010587827586206895,0.006821517241379311,0.009198,0.0020136206896551726,0.0033413793103448278
2026-03-05 22:19:02,0.0044845862068965524,0.004609620689655172,0.008461655172413792,0.0011105172413793107,0.0002952068965517241,0.0006574482758620689
2026-03-05 22:19:32,0.01481524775007758,0.017451260301368916,0.015107341126168062,0.012824833626426673,0.0044749836212544395,0.007919002793007137
2026-03-05 22:20:02,0.0032889655172413795,0.004130551724137931,0.0006724827586206899,0.0037280689655172414,0.0009252413793103447,0.00047824137931034454
2026-03-05 22:20:32,0.002073896551724138,0.0023318275862068967,0.0047649655172413785,0.0023492758620689653,0.012627413793103448,0.0017332068965517243
2026-03-05 22:21:02,0.005420847556980793,0.005548463846074273,0.003908830729974829,0.0016364952932657498,0.004556256680804112,0.0009817592496810454
2026-03-05 22:21:32,0,0,0,0,0,0
2026-03-05 22:22:02,0.07011186206896552,0.014566413793103448,0.02302213793103448,0.07084298879999999,0.042066689655172414,0.0067309310344827586
2026-03-05 22:22:32,0.007172206896551725,0.004020551724137931,0.0033842068965517238,0.008483206896551724,0.003959724137931034,0.002208137931034483
2026-03-05 22:23:02,0.004401862068965517,0.001997862068965517,0.0019540689655172415,0.0036791379310344833,0.002877689655172414,0.003158862068965517
2026-03-05 22:23:32,0.002855689655172414,0.002266241379310345,0.00391096551724138,0.001587,0.0005427586206896552,0.002372862068965517
2026-03-05 22:24:02,0.002301113831511431,0.0009761371081761438,0.003232904582916652,0.0022738715128107862,0.000001310390013448734,0.0026554019104107034
2026-03-05 22:24:32,0.006760154472105373,0.02015481690917868,0.01539724846562306,0.02794424522446728,0.006106001950440199,0.006237087097441555
2026-03-05 22:25:02,0,0,0,0,0,0
2026-03-05 22:25:32,0.019310172413793104,0.019169724137931034,0.010022862068965518,0.0029853448275862066,0.004425965517241379,0.002313413793103448
2026-03-05 22:26:02,0,0,0,0,0,0
2026-03-05 22:26:32,0.0808865172413793,0.017920827586206896,0.014681862068965516,0.015443827586206896,0.007391551724137932,0.00626
2026-03-05 22:27:02,0,0,0,0,0,0
2026-03-05 22:27:32,0.00517448275862069,0.006210172413793104,0.004228965517241379,0.005295482758620692,0.003126551724137931,0.0048162068965517234
2026-03-05 22:28:02,0.009841018036348586,0.0075995447804945325,0.006691761216677586,0.005994930510052762,0.003202676138910921,0.0046615511949512
2026-03-05 22:28:32,0.008881237284044274,0.010590778992379046,0.007625711231421773,0.022663264250491394,0.005773509431359702,0.006068726507810614
