"Time","rskj-miner2"
2026-01-29 15:36:00,56.1 kB/s
2026-01-29 15:40:00,3.68 kB/s
2026-01-29 15:44:00,3.67 kB/s
2026-01-29 15:48:00,3.71 kB/s
2026-01-29 15:52:00,3.56 kB/s
2026-01-29 15:56:00,3.56 kB/s
2026-01-29 16:00:00,3.74 kB/s
2026-01-29 16:04:00,3.74 kB/s
2026-01-29 16:08:00,3.70 kB/s
2026-01-29 16:12:00,3.61 kB/s
2026-01-29 16:16:00,3.70 kB/s
2026-01-29 16:20:00,3.85 kB/s
2026-01-29 16:24:00,3.90 kB/s
2026-01-29 16:28:00,3.80 kB/s
2026-01-29 16:32:00,3.87 kB/s
2026-01-29 16:36:00,3.75 kB/s
2026-01-29 16:40:00,3.66 kB/s
2026-01-29 16:44:00,3.64 kB/s
2026-01-29 16:48:00,3.65 kB/s
2026-01-29 16:52:00,1.24 MB/s
2026-01-29 16:56:00,1.24 MB/s
2026-01-29 17:00:00,1.24 MB/s
2026-01-29 17:04:00,1.24 MB/s
2026-01-29 17:08:00,1.24 MB/s
2026-01-29 17:12:00,1.31 MB/s
2026-01-29 17:16:00,1.31 MB/s
2026-01-29 17:20:00,1.31 MB/s
2026-01-29 17:24:00,70.1 kB/s
2026-01-29 17:28:00,70.1 kB/s
2026-01-29 17:32:00,70.2 kB/s
2026-01-29 17:36:00,70.2 kB/s
2026-01-29 17:40:00,70.1 kB/s
2026-01-29 17:44:00,3.61 kB/s
2026-01-29 17:48:00,3.62 kB/s
2026-01-29 17:52:00,3.90 kB/s
2026-01-29 17:56:00,3.88 kB/s
2026-01-29 18:00:00,3.69 kB/s
2026-01-29 18:04:00,3.89 kB/s
2026-01-29 18:08:00,4.02 kB/s
2026-01-29 18:12:00,3.96 kB/s
2026-01-29 18:16:00,3.86 kB/s
2026-01-29 18:20:00,3.82 kB/s
2026-01-29 18:24:00,3.68 kB/s
2026-01-29 18:28:00,3.72 kB/s
2026-01-29 18:32:00,3.74 kB/s
2026-01-29 18:36:00,3.50 kB/s
2026-01-29 18:40:00,3.52 kB/s
2026-01-29 18:44:00,3.58 kB/s
2026-01-29 18:48:00,3.56 kB/s
2026-01-29 18:52:00,3.47 kB/s
2026-01-29 18:56:00,3.44 kB/s
2026-01-29 19:00:00,3.40 kB/s
2026-01-29 19:04:00,63.9 kB/s
2026-01-29 19:08:00,63.9 kB/s
2026-01-29 19:12:00,63.9 kB/s
2026-01-29 19:16:00,63.9 kB/s
2026-01-29 19:20:00,63.8 kB/s
2026-01-29 19:24:00,63.7 kB/s
2026-01-29 19:28:00,63.7 kB/s
2026-01-29 19:32:00,63.9 kB/s
2026-01-29 19:36:00,3.34 kB/s
2026-01-29 19:40:00,3.35 kB/s
2026-01-29 19:44:00,3.47 kB/s
2026-01-29 19:48:00,3.50 kB/s
2026-01-29 19:52:00,3.76 kB/s
2026-01-29 19:56:00,3.99 kB/s
2026-01-29 20:00:00,4.01 kB/s
2026-01-29 20:04:00,4.02 kB/s
2026-01-29 20:08:00,3.99 kB/s
2026-01-29 20:12:00,3.99 kB/s
2026-01-29 20:16:00,4.01 kB/s
2026-01-29 20:20:00,8.29 kB/s
2026-01-29 20:24:00,8.05 kB/s
2026-01-29 20:28:00,8.03 kB/s
2026-01-29 20:32:00,7.86 kB/s
2026-01-29 20:36:00,7.95 kB/s
2026-01-29 20:40:00,7.96 kB/s
2026-01-29 20:44:00,7.90 kB/s
2026-01-29 20:48:00,3.60 kB/s
2026-01-29 20:52:00,3.54 kB/s
2026-01-29 20:56:00,112 kB/s
2026-01-29 21:00:00,1.75 MB/s
2026-01-29 21:04:00,1.75 MB/s
2026-01-29 21:08:00,1.75 MB/s
2026-01-29 21:12:00,1.75 MB/s
2026-01-29 21:16:00,1.75 MB/s
2026-01-29 21:20:00,1.75 MB/s
2026-01-29 21:24:00,1.64 MB/s
2026-01-29 21:28:00,1.64 MB/s
2026-01-29 21:32:00,3.29 kB/s
2026-01-29 21:36:00,3.36 kB/s
2026-01-29 21:40:00,3.27 kB/s
2026-01-29 21:44:00,3.41 kB/s
2026-01-29 21:48:00,3.54 kB/s
2026-01-29 21:52:00,3.71 kB/s
2026-01-29 21:56:00,3.71 kB/s
2026-01-29 22:00:00,3.90 kB/s
2026-01-29 22:04:00,4.04 kB/s
2026-01-29 22:08:00,4.06 kB/s
2026-01-29 22:12:00,3.88 kB/s
2026-01-29 22:16:00,3.90 kB/s
2026-01-29 22:20:00,3.72 kB/s
2026-01-29 22:24:00,3.86 kB/s
2026-01-29 22:28:00,3.58 kB/s
2026-01-29 22:32:00,3.38 kB/s
2026-01-29 22:36:00,3.55 kB/s
2026-01-29 22:40:00,3.47 kB/s
2026-01-29 22:44:00,3.38 kB/s
2026-01-29 22:48:00,3.37 kB/s
2026-01-29 22:52:00,3.42 kB/s
2026-01-29 22:56:00,3.45 kB/s
2026-01-29 23:00:00,60.2 kB/s
2026-01-29 23:04:00,60.2 kB/s
2026-01-29 23:08:00,60.1 kB/s
2026-01-29 23:12:00,60.2 kB/s
2026-01-29 23:16:00,60.2 kB/s
2026-01-29 23:20:00,60.2 kB/s
2026-01-29 23:24:00,60.4 kB/s
2026-01-29 23:28:00,60.4 kB/s
2026-01-29 23:32:00,3.84 kB/s
2026-01-29 23:36:00,4.01 kB/s
2026-01-29 23:40:00,4.07 kB/s
2026-01-29 23:44:00,4.04 kB/s
2026-01-29 23:48:00,3.96 kB/s
2026-01-29 23:52:00,4.01 kB/s
2026-01-29 23:56:00,3.92 kB/s
2026-01-30 00:00:00,3.78 kB/s
2026-01-30 00:04:00,3.65 kB/s
2026-01-30 00:08:00,3.64 kB/s
2026-01-30 00:12:00,3.52 kB/s
2026-01-30 00:16:00,3.50 kB/s
2026-01-30 00:20:00,3.19 kB/s
2026-01-30 00:24:00,3.24 kB/s
2026-01-30 00:28:00,3.18 kB/s
2026-01-30 00:32:00,3.13 kB/s
2026-01-30 00:36:00,3.16 kB/s
2026-01-30 00:40:00,3.13 kB/s
2026-01-30 00:44:00,3.29 kB/s
2026-01-30 00:48:00,3.38 kB/s
2026-01-30 00:52:00,3.37 kB/s
2026-01-30 00:56:00,112 kB/s
2026-01-30 01:00:00,112 kB/s
2026-01-30 01:04:00,176 kB/s
2026-01-30 01:08:00,176 kB/s
2026-01-30 01:12:00,176 kB/s
2026-01-30 01:16:00,176 kB/s
2026-01-30 01:20:00,177 kB/s
2026-01-30 01:24:00,68.0 kB/s
2026-01-30 01:28:00,67.8 kB/s
2026-01-30 01:32:00,10.1 kB/s
2026-01-30 01:36:00,3.49 kB/s
2026-01-30 01:40:00,3.52 kB/s
2026-01-30 01:44:00,3.60 kB/s
2026-01-30 01:48:00,3.46 kB/s
2026-01-30 01:52:00,3.37 kB/s
2026-01-30 01:56:00,3.44 kB/s
2026-01-30 02:00:00,3.48 kB/s
2026-01-30 02:04:00,3.52 kB/s
2026-01-30 02:08:00,31.5 kB/s
2026-01-30 02:12:00,31.6 kB/s
2026-01-30 02:16:00,31.7 kB/s
2026-01-30 02:20:00,31.6 kB/s
2026-01-30 02:24:00,31.7 kB/s
2026-01-30 02:28:00,31.7 kB/s
2026-01-30 02:32:00,31.8 kB/s
2026-01-30 02:36:00,3.78 kB/s
2026-01-30 02:40:00,3.87 kB/s
2026-01-30 02:44:00,3.80 kB/s
2026-01-30 02:48:00,928 kB/s
2026-01-30 02:52:00,980 kB/s
2026-01-30 02:56:00,980 kB/s
2026-01-30 03:00:00,980 kB/s
2026-01-30 03:04:00,980 kB/s
2026-01-30 03:08:00,980 kB/s
2026-01-30 03:12:00,980 kB/s
2026-01-30 03:16:00,980 kB/s
2026-01-30 03:20:00,3.89 kB/s
2026-01-30 03:24:00,3.67 kB/s
2026-01-30 03:28:00,3.56 kB/s
2026-01-30 03:32:00,3.40 kB/s
2026-01-30 03:36:00,3.48 kB/s
2026-01-30 03:40:00,3.50 kB/s
2026-01-30 03:44:00,3.45 kB/s
2026-01-30 03:48:00,3.39 kB/s
2026-01-30 03:52:00,3.26 kB/s
2026-01-30 03:56:00,3.34 kB/s
2026-01-30 04:00:00,3.29 kB/s
2026-01-30 04:04:00,3.23 kB/s
2026-01-30 04:08:00,3.39 kB/s
2026-01-30 04:12:00,3.30 kB/s
2026-01-30 04:16:00,3.30 kB/s
2026-01-30 04:20:00,3.32 kB/s
2026-01-30 04:24:00,3.24 kB/s
2026-01-30 04:28:00,3.26 kB/s
2026-01-30 04:32:00,3.40 kB/s
2026-01-30 04:36:00,3.40 kB/s
2026-01-30 04:40:00,3.36 kB/s
2026-01-30 04:44:00,3.48 kB/s
2026-01-30 04:48:00,112 kB/s
2026-01-30 04:52:00,112 kB/s
2026-01-30 04:56:00,112 kB/s
2026-01-30 05:00:00,112 kB/s
2026-01-30 05:04:00,112 kB/s
2026-01-30 05:08:00,182 kB/s
2026-01-30 05:12:00,182 kB/s
2026-01-30 05:16:00,181 kB/s
2026-01-30 05:20:00,72.9 kB/s
2026-01-30 05:24:00,72.9 kB/s
2026-01-30 05:28:00,73.0 kB/s
2026-01-30 05:32:00,73.0 kB/s
2026-01-30 05:36:00,73.1 kB/s
2026-01-30 05:40:00,3.38 kB/s
2026-01-30 05:44:00,3.30 kB/s
2026-01-30 05:48:00,3.46 kB/s
2026-01-30 05:52:00,3.67 kB/s
2026-01-30 05:56:00,3.63 kB/s
2026-01-30 06:00:00,3.54 kB/s
2026-01-30 06:04:00,3.46 kB/s
2026-01-30 06:08:00,3.54 kB/s
2026-01-30 06:12:00,3.69 kB/s
2026-01-30 06:16:00,3.77 kB/s
2026-01-30 06:20:00,3.65 kB/s
2026-01-30 06:24:00,3.71 kB/s
2026-01-30 06:28:00,3.65 kB/s
2026-01-30 06:32:00,3.84 kB/s
2026-01-30 06:36:00,3.80 kB/s
2026-01-30 06:40:00,3.62 kB/s
2026-01-30 06:44:00,3.58 kB/s
2026-01-30 06:48:00,3.45 kB/s
2026-01-30 06:52:00,3.42 kB/s
2026-01-30 06:56:00,3.30 kB/s
2026-01-30 07:00:00,3.18 kB/s
2026-01-30 07:04:00,3.22 kB/s
2026-01-30 07:08:00,62.3 kB/s
2026-01-30 07:12:00,62.2 kB/s
2026-01-30 07:16:00,62.2 kB/s
2026-01-30 07:20:00,62.2 kB/s
2026-01-30 07:24:00,62.3 kB/s
2026-01-30 07:28:00,62.4 kB/s
2026-01-30 07:32:00,62.4 kB/s
2026-01-30 07:36:00,62.4 kB/s
2026-01-30 07:40:00,3.38 kB/s
2026-01-30 07:44:00,3.51 kB/s
2026-01-30 07:48:00,3.50 kB/s
2026-01-30 07:52:00,3.48 kB/s
2026-01-30 07:56:00,3.50 kB/s
2026-01-30 08:00:00,3.53 kB/s
2026-01-30 08:04:00,3.39 kB/s
2026-01-30 08:08:00,3.34 kB/s
2026-01-30 08:12:00,3.34 kB/s
2026-01-30 08:16:00,3.45 kB/s
2026-01-30 08:20:00,3.44 kB/s
2026-01-30 08:24:00,3.42 kB/s
2026-01-30 08:28:00,3.43 kB/s
2026-01-30 08:32:00,3.58 kB/s
2026-01-30 08:36:00,3.79 kB/s
2026-01-30 08:40:00,3.63 kB/s
2026-01-30 08:44:00,3.49 kB/s
2026-01-30 08:48:00,7.76 kB/s
2026-01-30 08:52:00,7.81 kB/s
2026-01-30 08:56:00,7.72 kB/s
2026-01-30 09:00:00,7.58 kB/s
2026-01-30 09:04:00,7.46 kB/s
2026-01-30 09:08:00,7.53 kB/s
2026-01-30 09:12:00,1.38 MB/s
2026-01-30 09:16:00,1.38 MB/s
2026-01-30 09:20:00,1.38 MB/s
2026-01-30 09:24:00,1.38 MB/s
2026-01-30 09:28:00,1.38 MB/s
2026-01-30 09:32:00,1.38 MB/s
2026-01-30 09:36:00,1.38 MB/s
2026-01-30 09:40:00,64.3 kB/s
2026-01-30 09:44:00,3.94 kB/s
2026-01-30 09:48:00,3.98 kB/s
2026-01-30 09:52:00,3.94 kB/s
2026-01-30 09:56:00,3.79 kB/s
2026-01-30 10:00:00,3.78 kB/s
2026-01-30 10:04:00,3.74 kB/s
2026-01-30 10:08:00,3.64 kB/s
2026-01-30 10:12:00,3.57 kB/s
2026-01-30 10:16:00,3.37 kB/s
2026-01-30 10:20:00,3.39 kB/s
2026-01-30 10:24:00,3.22 kB/s
2026-01-30 10:28:00,3.35 kB/s
2026-01-30 10:32:00,3.47 kB/s
2026-01-30 10:36:00,3.32 kB/s
2026-01-30 10:40:00,3.42 kB/s
2026-01-30 10:44:00,3.37 kB/s
2026-01-30 10:48:00,3.45 kB/s
2026-01-30 10:52:00,3.46 kB/s
2026-01-30 10:56:00,3.52 kB/s
2026-01-30 11:00:00,3.43 kB/s
2026-01-30 11:04:00,55.8 kB/s
2026-01-30 11:08:00,55.8 kB/s
2026-01-30 11:12:00,55.6 kB/s
2026-01-30 11:16:00,55.8 kB/s
2026-01-30 11:20:00,55.8 kB/s
2026-01-30 11:24:00,55.8 kB/s
2026-01-30 11:28:00,55.7 kB/s
2026-01-30 11:32:00,3.34 kB/s
2026-01-30 11:36:00,3.29 kB/s
2026-01-30 11:40:00,3.24 kB/s
2026-01-30 11:44:00,3.18 kB/s
2026-01-30 11:48:00,3.06 kB/s
2026-01-30 11:52:00,3.04 kB/s
2026-01-30 11:56:00,3.10 kB/s
2026-01-30 12:00:00,3.29 kB/s
2026-01-30 12:04:00,3.50 kB/s
2026-01-30 12:08:00,3.68 kB/s
2026-01-30 12:12:00,3.59 kB/s
2026-01-30 12:16:00,3.64 kB/s
2026-01-30 12:20:00,3.74 kB/s
2026-01-30 12:24:00,3.74 kB/s
2026-01-30 12:28:00,3.44 kB/s
2026-01-30 12:32:00,3.38 kB/s
2026-01-30 12:36:00,3.20 kB/s
2026-01-30 12:40:00,3.29 kB/s
2026-01-30 12:44:00,3.31 kB/s
2026-01-30 12:48:00,3.43 kB/s
2026-01-30 12:52:00,3.46 kB/s
2026-01-30 12:56:00,3.41 kB/s
2026-01-30 13:00:00,3.50 kB/s
2026-01-30 13:04:00,3.62 kB/s
2026-01-30 13:08:00,114 kB/s
2026-01-30 13:12:00,114 kB/s
2026-01-30 13:16:00,1.72 MB/s
2026-01-30 13:20:00,1.72 MB/s
2026-01-30 13:24:00,1.72 MB/s
2026-01-30 13:28:00,1.71 MB/s
2026-01-30 13:32:00,1.71 MB/s
2026-01-30 13:36:00,1.71 MB/s
2026-01-30 13:40:00,1.60 MB/s
2026-01-30 13:44:00,3.56 kB/s
2026-01-30 13:48:00,3.46 kB/s
2026-01-30 13:52:00,3.54 kB/s
2026-01-30 13:56:00,3.68 kB/s
2026-01-30 14:00:00,3.61 kB/s
2026-01-30 14:04:00,3.74 kB/s
2026-01-30 14:08:00,3.75 kB/s
2026-01-30 14:12:00,3.70 kB/s
2026-01-30 14:16:00,3.70 kB/s
2026-01-30 14:20:00,3.76 kB/s
2026-01-30 14:24:00,3.49 kB/s
2026-01-30 14:28:00,3.38 kB/s
2026-01-30 14:32:00,3.19 kB/s
2026-01-30 14:36:00,3.01 kB/s
2026-01-30 14:40:00,3.02 kB/s
2026-01-30 14:44:00,2.82 kB/s
2026-01-30 14:48:00,2.68 kB/s
2026-01-30 14:52:00,2.88 kB/s
2026-01-30 14:56:00,3.06 kB/s
2026-01-30 15:00:00,3.26 kB/s
2026-01-30 15:04:00,3.55 kB/s
2026-01-30 15:08:00,3.51 kB/s
2026-01-30 15:12:00,59.9 kB/s
2026-01-30 15:16:00,59.9 kB/s
2026-01-30 15:20:00,60.0 kB/s
2026-01-30 15:24:00,60.0 kB/s
2026-01-30 15:28:00,59.6 kB/s
2026-01-30 15:32:00,59.6 kB/s
2026-01-30 15:36:00,59.5 kB/s