Time,"container_id=""rskj-miner1"",job=""docker-json-logs"",service_name=""docker-json-logs"",source=""promtail"""
2026-02-19 04:06:00,172.8
2026-02-19 04:06:30,172.8
2026-02-19 04:07:00,172.11155378486055
2026-02-19 04:07:30,171.42857142857142
2026-02-19 04:08:00,171.42857142857142
2026-02-19 04:08:30,171.42857142857142
2026-02-19 04:09:00,171.42857142857142
2026-02-19 04:09:30,171.42857142857142
2026-02-19 04:10:00,171.42857142857142
2026-02-19 04:10:30,171.42857142857142
2026-02-19 04:11:00,171.42857142857142
2026-02-19 04:11:30,171.42857142857142
2026-02-19 04:12:00,171.42857142857142
2026-02-19 04:12:30,171.42857142857142
2026-02-19 04:13:00,171.42857142857142
2026-02-19 04:13:30,171.42857142857142
2026-02-19 04:14:00,171.42857142857142
2026-02-19 04:14:30,170.7509881422925
2026-02-19 04:15:00,170.07874015748033
2026-02-19 04:15:30,170.07874015748033
2026-02-19 04:16:00,170.07874015748033
2026-02-19 04:16:30,170.07874015748033
2026-02-19 04:17:00,170.07874015748033
2026-02-19 04:17:30,170.07874015748033
2026-02-19 04:18:00,169.41176470588235
2026-02-19 04:18:30,168.75
2026-02-19 04:19:00,168.75
2026-02-19 04:19:30,168.75
2026-02-19 04:20:00,168.75
2026-02-19 04:20:30,168.75
2026-02-19 04:21:00,168.75
2026-02-19 04:21:30,168.75
2026-02-19 04:22:00,168.09338521400778
2026-02-19 04:22:30,168.09338521400778
2026-02-19 04:23:00,167.44186046511626
2026-02-19 04:23:30,167.44186046511626
2026-02-19 04:24:00,166.7953667953668
2026-02-19 04:24:30,166.7953667953668
2026-02-19 04:25:00,166.7953667953668
2026-02-19 04:25:30,166.7953667953668
2026-02-19 04:26:00,166.7953667953668
2026-02-19 04:26:30,166.15384615384616
2026-02-19 04:27:00,165.51724137931035
2026-02-19 04:27:30,165.51724137931035
2026-02-19 04:28:00,165.51724137931035
2026-02-19 04:28:30,165.51724137931035
2026-02-19 04:29:00,164.8854961832061
2026-02-19 04:29:30,164.8854961832061
2026-02-19 04:30:00,164.8854961832061
2026-02-19 04:30:30,164.25855513307985
2026-02-19 04:31:00,164.25855513307985
2026-02-19 04:31:30,164.25855513307985
2026-02-19 04:32:00,164.25855513307985
2026-02-19 04:32:30,163.63636363636363
2026-02-19 04:33:00,163.63636363636363
2026-02-19 04:33:30,163.63636363636363
2026-02-19 04:34:00,163.0188679245283
2026-02-19 04:34:30,163.0188679245283
2026-02-19 04:35:00,163.0188679245283
2026-02-19 04:35:30,163.0188679245283
2026-02-19 04:36:00,163.0188679245283
2026-02-19 04:36:30,162.406015037594
2026-02-19 04:37:00,161.79775280898878
2026-02-19 04:37:30,161.79775280898878
2026-02-19 04:38:00,161.79775280898878
2026-02-19 04:38:30,161.79775280898878
2026-02-19 04:39:00,161.79775280898878
2026-02-19 04:39:30,161.79775280898878
2026-02-19 04:40:00,161.79775280898878
2026-02-19 04:40:30,161.79775280898878
2026-02-19 04:41:00,161.79775280898878
2026-02-19 04:41:30,161.79775280898878
2026-02-19 04:42:00,161.19402985074626
2026-02-19 04:42:30,160.59479553903347
2026-02-19 04:43:00,160.59479553903347
2026-02-19 04:43:30,160
2026-02-19 04:44:00,160
2026-02-19 04:44:30,159.40959409594095
2026-02-19 04:45:00,159.40959409594095
2026-02-19 04:45:30,159.40959409594095
2026-02-19 04:46:00,159.40959409594095
2026-02-19 04:46:30,159.40959409594095
2026-02-19 04:47:00,159.40959409594095
2026-02-19 04:47:30,159.40959409594095
2026-02-19 04:48:00,159.40959409594095
2026-02-19 04:48:30,158.8235294117647
2026-02-19 04:49:00,158.8235294117647
2026-02-19 04:49:30,158.8235294117647
2026-02-19 04:50:00,158.8235294117647
2026-02-19 04:50:30,158.8235294117647
2026-02-19 04:51:00,158.8235294117647
2026-02-19 04:51:30,158.24175824175825
2026-02-19 04:52:00,157.66423357664235
2026-02-19 04:52:30,157.66423357664235
2026-02-19 04:53:00,157.66423357664235
2026-02-19 04:53:30,157.66423357664235
2026-02-19 04:54:00,157.66423357664235
2026-02-19 04:54:30,157.0909090909091
2026-02-19 04:55:00,157.0909090909091
2026-02-19 04:55:30,155.956678700361
2026-02-19 04:56:00,155.956678700361
2026-02-19 04:56:30,155.956678700361
2026-02-19 04:57:00,155.956678700361
2026-02-19 04:57:30,155.956678700361
2026-02-19 04:58:00,155.956678700361
2026-02-19 04:58:30,155.956678700361
2026-02-19 04:59:00,155.956678700361
2026-02-19 04:59:30,155.3956834532374
2026-02-19 05:00:00,155.3956834532374
2026-02-19 05:00:30,154.28571428571428
2026-02-19 05:01:00,153.73665480427047
2026-02-19 05:01:30,153.73665480427047
2026-02-19 05:02:00,153.73665480427047
2026-02-19 05:02:30,153.1914893617021
2026-02-19 05:03:00,153.1914893617021
2026-02-19 05:03:30,153.1914893617021
2026-02-19 05:04:00,153.1914893617021
2026-02-19 05:04:30,153.1914893617021
2026-02-19 05:05:00,153.1914893617021
2026-02-19 05:05:30,153.1914893617021
2026-02-19 05:06:00,153.1914893617021
2026-02-19 05:06:30,153.1914893617021
2026-02-19 05:07:00,153.1914893617021
2026-02-19 05:07:30,153.1914893617021
2026-02-19 05:08:00,153.1914893617021
2026-02-19 05:08:30,153.1914893617021
2026-02-19 05:09:00,153.1914893617021
2026-02-19 05:09:30,152.65017667844523
2026-02-19 05:10:00,152.65017667844523
2026-02-19 05:10:30,152.65017667844523
2026-02-19 05:11:00,152.65017667844523
2026-02-19 05:11:30,152.11267605633802
2026-02-19 05:12:00,152.11267605633802
2026-02-19 05:12:30,152.11267605633802
2026-02-19 05:13:00,152.11267605633802
2026-02-19 05:13:30,152.11267605633802
2026-02-19 05:14:00,152.11267605633802
2026-02-19 05:14:30,151.04895104895104
2026-02-19 05:15:00,151.04895104895104
2026-02-19 05:15:30,151.04895104895104
2026-02-19 05:16:00,151.04895104895104
2026-02-19 05:16:30,151.04895104895104
2026-02-19 05:17:00,151.04895104895104
2026-02-19 05:17:30,151.04895104895104
2026-02-19 05:18:00,151.04895104895104
2026-02-19 05:18:30,151.04895104895104
2026-02-19 05:19:00,150.5226480836237
2026-02-19 05:19:30,150.5226480836237
2026-02-19 05:20:00,150.5226480836237
2026-02-19 05:20:30,150.5226480836237
2026-02-19 05:21:00,150
2026-02-19 05:21:30,150
2026-02-19 05:22:00,148.9655172413793
2026-02-19 05:22:30,148.9655172413793
2026-02-19 05:23:00,148.4536082474227
2026-02-19 05:23:30,148.4536082474227
2026-02-19 05:24:00,148.4536082474227
2026-02-19 05:24:30,148.4536082474227
2026-02-19 05:25:00,148.4536082474227
2026-02-19 05:25:30,148.4536082474227
2026-02-19 05:26:00,148.4536082474227
2026-02-19 05:26:30,148.4536082474227
2026-02-19 05:27:00,147.94520547945206
2026-02-19 05:27:30,147.94520547945206
2026-02-19 05:28:00,147.94520547945206
2026-02-19 05:28:30,147.94520547945206
2026-02-19 05:29:00,147.94520547945206
2026-02-19 05:29:30,147.44027303754268
2026-02-19 05:30:00,147.44027303754268
2026-02-19 05:30:30,147.44027303754268
2026-02-19 05:31:00,147.44027303754268
2026-02-19 05:31:30,146.9387755102041
2026-02-19 05:32:00,146.9387755102041
2026-02-19 05:32:30,145.94594594594594
2026-02-19 05:33:00,145.45454545454547
2026-02-19 05:33:30,145.45454545454547
2026-02-19 05:34:00,145.45454545454547
2026-02-19 05:34:30,145.45454545454547
2026-02-19 05:35:00,145.45454545454547
2026-02-19 05:35:30,145.45454545454547
2026-02-19 05:36:00,145.45454545454547
2026-02-19 05:36:30,145.45454545454547
2026-02-19 05:37:00,145.45454545454547
2026-02-19 05:37:30,145.45454545454547
2026-02-19 05:38:00,144.96644295302013
2026-02-19 05:38:30,144.96644295302013
2026-02-19 05:39:00,144.48160535117057
2026-02-19 05:39:30,144.48160535117057
2026-02-19 05:40:00,144.48160535117057
2026-02-19 05:40:30,144.48160535117057
2026-02-19 05:41:00,144.48160535117057
2026-02-19 05:41:30,144.48160535117057
2026-02-19 05:42:00,144.48160535117057
2026-02-19 05:42:30,144.48160535117057
2026-02-19 05:43:00,144.48160535117057
2026-02-19 05:43:30,144.48160535117057
2026-02-19 05:44:00,144.48160535117057
2026-02-19 05:44:30,144.48160535117057
2026-02-19 05:45:00,144.48160535117057
2026-02-19 05:45:30,144.48160535117057
2026-02-19 05:46:00,144.48160535117057
2026-02-19 05:46:30,144
2026-02-19 05:47:00,144
2026-02-19 05:47:30,143.52159468438538
2026-02-19 05:48:00,143.52159468438538
2026-02-19 05:48:30,143.52159468438538
2026-02-19 05:49:00,143.52159468438538
2026-02-19 05:49:30,143.52159468438538
2026-02-19 05:50:00,143.52159468438538
2026-02-19 05:50:30,143.52159468438538
2026-02-19 05:51:00,143.52159468438538
2026-02-19 05:51:30,143.52159468438538
2026-02-19 05:52:00,143.52159468438538
2026-02-19 05:52:30,143.52159468438538
2026-02-19 05:53:00,143.52159468438538
2026-02-19 05:53:30,143.52159468438538
2026-02-19 05:54:00,143.52159468438538
2026-02-19 05:54:30,143.52159468438538
2026-02-19 05:55:00,143.52159468438538
2026-02-19 05:55:30,142.5742574257426
2026-02-19 05:56:00,142.10526315789474
2026-02-19 05:56:30,142.10526315789474
2026-02-19 05:57:00,142.10526315789474
2026-02-19 05:57:30,142.10526315789474
2026-02-19 05:58:00,142.10526315789474
2026-02-19 05:58:30,142.10526315789474
2026-02-19 05:59:00,142.10526315789474
2026-02-19 05:59:30,141.63934426229508
2026-02-19 06:00:00,141.1764705882353
2026-02-19 06:00:30,141.1764705882353
2026-02-19 06:01:00,141.1764705882353
2026-02-19 06:01:30,140.71661237785017
2026-02-19 06:02:00,140.71661237785017
2026-02-19 06:02:30,140.71661237785017
2026-02-19 06:03:00,140.71661237785017
2026-02-19 06:03:30,139.80582524271844
2026-02-19 06:04:00,139.80582524271844
2026-02-19 06:04:30,139.80582524271844
2026-02-19 06:05:00,139.3548387096774
2026-02-19 06:05:30,139.3548387096774
2026-02-19 06:06:00,139.3548387096774
2026-02-19 06:06:30,139.3548387096774
2026-02-19 06:07:00,138.90675241157555
2026-02-19 06:07:30,138.90675241157555
2026-02-19 06:08:00,138.90675241157555
2026-02-19 06:08:30,138.90675241157555
2026-02-19 06:09:00,138.90675241157555
2026-02-19 06:09:30,138.90675241157555
2026-02-19 06:10:00,138.90675241157555
2026-02-19 06:10:30,138.90675241157555
2026-02-19 06:11:00,138.90675241157555
2026-02-19 06:11:30,138.90675241157555
2026-02-19 06:12:00,138.90675241157555
2026-02-19 06:12:30,138.90675241157555
2026-02-19 06:13:00,138.90675241157555
2026-02-19 06:13:30,138.46153846153848
2026-02-19 06:14:00,138.46153846153848
2026-02-19 06:14:30,138.01916932907346
2026-02-19 06:15:00,138.01916932907346
2026-02-19 06:15:30,138.01916932907346
2026-02-19 06:16:00,138.01916932907346
2026-02-19 06:16:30,138.01916932907346
2026-02-19 06:17:00,138.01916932907346
2026-02-19 06:17:30,137.5796178343949
2026-02-19 06:18:00,137.5796178343949
2026-02-19 06:18:30,137.5796178343949
2026-02-19 06:19:00,137.5796178343949
2026-02-19 06:19:30,137.14285714285714
2026-02-19 06:20:00,137.14285714285714
2026-02-19 06:20:30,137.14285714285714
2026-02-19 06:21:00,137.14285714285714
2026-02-19 06:21:30,137.14285714285714
2026-02-19 06:22:00,137.14285714285714
2026-02-19 06:22:30,136.70886075949366
2026-02-19 06:23:00,136.2776025236593
2026-02-19 06:23:30,136.2776025236593
2026-02-19 06:24:00,136.2776025236593
2026-02-19 06:24:30,135.8490566037736
2026-02-19 06:25:00,135.8490566037736
2026-02-19 06:25:30,135.8490566037736
2026-02-19 06:26:00,135
2026-02-19 06:26:30,135
2026-02-19 06:27:00,135
2026-02-19 06:27:30,135
2026-02-19 06:28:00,135
2026-02-19 06:28:30,135
2026-02-19 06:29:00,135
2026-02-19 06:29:30,135
2026-02-19 06:30:00,135
2026-02-19 06:30:30,135
2026-02-19 06:31:00,134.57943925233644
2026-02-19 06:31:30,134.57943925233644
2026-02-19 06:32:00,134.57943925233644
2026-02-19 06:32:30,133.74613003095976
2026-02-19 06:33:00,133.74613003095976
2026-02-19 06:33:30,133.74613003095976
2026-02-19 06:34:00,133.74613003095976
2026-02-19 06:34:30,133.33333333333334
2026-02-19 06:35:00,132.92307692307693
2026-02-19 06:35:30,132.92307692307693
2026-02-19 06:36:00,132.51533742331287
2026-02-19 06:36:30,132.51533742331287
2026-02-19 06:37:00,132.11009174311926
2026-02-19 06:37:30,132.11009174311926
2026-02-19 06:38:00,132.11009174311926
2026-02-19 06:38:30,132.11009174311926
2026-02-19 06:39:00,131.70731707317074
2026-02-19 06:39:30,131.70731707317074
2026-02-19 06:40:00,131.70731707317074
2026-02-19 06:40:30,131.70731707317074
2026-02-19 06:41:00,131.70731707317074
2026-02-19 06:41:30,131.70731707317074
2026-02-19 06:42:00,131.70731707317074
2026-02-19 06:42:30,131.70731707317074
2026-02-19 06:43:00,130.9090909090909
2026-02-19 06:43:30,130.9090909090909
2026-02-19 06:44:00,130.9090909090909
2026-02-19 06:44:30,130.9090909090909
2026-02-19 06:45:00,130.9090909090909
2026-02-19 06:45:30,130.9090909090909
2026-02-19 06:46:00,130.9090909090909
2026-02-19 06:46:30,130.9090909090909
2026-02-19 06:47:00,130.9090909090909
2026-02-19 06:47:30,130.51359516616316
2026-02-19 06:48:00,130.51359516616316
2026-02-19 06:48:30,130.51359516616316
2026-02-19 06:49:00,130.51359516616316
2026-02-19 06:49:30,130.51359516616316
2026-02-19 06:50:00,130.51359516616316
2026-02-19 06:50:30,130.51359516616316
2026-02-19 06:51:00,130.51359516616316
2026-02-19 06:51:30,130.51359516616316
2026-02-19 06:52:00,130.51359516616316
2026-02-19 06:52:30,130.51359516616316
2026-02-19 06:53:00,130.51359516616316
2026-02-19 06:53:30,130.51359516616316
2026-02-19 06:54:00,130.51359516616316
2026-02-19 06:54:30,130.51359516616316
2026-02-19 06:55:00,130.12048192771084
2026-02-19 06:55:30,129.72972972972974
2026-02-19 06:56:00,129.72972972972974
2026-02-19 06:56:30,129.72972972972974
2026-02-19 06:57:00,129.72972972972974
2026-02-19 06:57:30,129.72972972972974
2026-02-19 06:58:00,129.34131736526945
2026-02-19 06:58:30,129.34131736526945
2026-02-19 06:59:00,129.34131736526945
2026-02-19 06:59:30,128.955223880597
2026-02-19 07:00:00,128.955223880597
2026-02-19 07:00:30,128.955223880597
2026-02-19 07:01:00,128.955223880597
2026-02-19 07:01:30,128.955223880597
2026-02-19 07:02:00,128.57142857142858
2026-02-19 07:02:30,128.57142857142858
2026-02-19 07:03:00,128.1899109792285
2026-02-19 07:03:30,127.81065088757397
2026-02-19 07:04:00,127.81065088757397
2026-02-19 07:04:30,127.43362831858407
2026-02-19 07:05:00,127.43362831858407
2026-02-19 07:05:30,127.43362831858407
2026-02-19 07:06:00,127.43362831858407
2026-02-19 07:06:30,127.43362831858407
2026-02-19 07:07:00,127.43362831858407
2026-02-19 07:07:30,127.43362831858407
2026-02-19 07:08:00,127.05882352941178
2026-02-19 07:08:30,127.05882352941178
2026-02-19 07:09:00,127.05882352941178
2026-02-19 07:09:30,127.05882352941178
2026-02-19 07:10:00,127.05882352941178
2026-02-19 07:10:30,126.68621700879766
2026-02-19 07:11:00,126.68621700879766
2026-02-19 07:11:30,126.68621700879766
2026-02-19 07:12:00,126.68621700879766
2026-02-19 07:12:30,126.68621700879766
2026-02-19 07:13:00,126.3157894736842
2026-02-19 07:13:30,125.94752186588921
2026-02-19 07:14:00,125.94752186588921
2026-02-19 07:14:30,125.5813953488372
2026-02-19 07:15:00,125.21739130434784
2026-02-19 07:15:30,125.21739130434784
2026-02-19 07:16:00,125.21739130434784
2026-02-19 07:16:30,124.85549132947976
2026-02-19 07:17:00,124.49567723342938
2026-02-19 07:17:30,124.49567723342938
2026-02-19 07:18:00,124.49567723342938
2026-02-19 07:18:30,124.49567723342938
2026-02-19 07:19:00,124.49567723342938
2026-02-19 07:19:30,124.49567723342938
2026-02-19 07:20:00,124.49567723342938
2026-02-19 07:20:30,124.49567723342938
2026-02-19 07:21:00,124.49567723342938
2026-02-19 07:21:30,124.49567723342938
2026-02-19 07:22:00,124.49567723342938
2026-02-19 07:22:30,124.49567723342938
2026-02-19 07:23:00,124.49567723342938
2026-02-19 07:23:30,124.49567723342938
2026-02-19 07:24:00,124.49567723342938
2026-02-19 07:24:30,124.49567723342938
2026-02-19 07:25:00,124.49567723342938
2026-02-19 07:25:30,124.49567723342938
2026-02-19 07:26:00,124.49567723342938
2026-02-19 07:26:30,124.49567723342938
2026-02-19 07:27:00,124.13793103448276
2026-02-19 07:27:30,124.13793103448276
2026-02-19 07:28:00,124.13793103448276
2026-02-19 07:28:30,124.13793103448276
2026-02-19 07:29:00,123.78223495702005
2026-02-19 07:29:30,123.78223495702005
2026-02-19 07:30:00,123.78223495702005
2026-02-19 07:30:30,123.78223495702005
2026-02-19 07:31:00,123.78223495702005
2026-02-19 07:31:30,123.78223495702005
2026-02-19 07:32:00,123.78223495702005
2026-02-19 07:32:30,123.42857142857143
2026-02-19 07:33:00,123.42857142857143
2026-02-19 07:33:30,123.42857142857143
2026-02-19 07:34:00,123.42857142857143
2026-02-19 07:34:30,123.42857142857143
2026-02-19 07:35:00,123.42857142857143
2026-02-19 07:35:30,123.42857142857143
2026-02-19 07:36:00,123.42857142857143
2026-02-19 07:36:30,123.07692307692307
2026-02-19 07:37:00,122.72727272727273
2026-02-19 07:37:30,122.72727272727273
2026-02-19 07:38:00,122.72727272727273
2026-02-19 07:38:30,122.72727272727273
2026-02-19 07:39:00,122.72727272727273
2026-02-19 07:39:30,122.37960339943342
2026-02-19 07:40:00,122.03389830508473
2026-02-19 07:40:30,121.69014084507043
2026-02-19 07:41:00,121.69014084507043
2026-02-19 07:41:30,121.69014084507043
2026-02-19 07:42:00,121.69014084507043
2026-02-19 07:42:30,121.69014084507043
2026-02-19 07:43:00,121.69014084507043
2026-02-19 07:43:30,121.69014084507043
2026-02-19 07:44:00,121.69014084507043
2026-02-19 07:44:30,121.34831460674157
2026-02-19 07:45:00,121.34831460674157
2026-02-19 07:45:30,121.34831460674157
2026-02-19 07:46:00,121.34831460674157
2026-02-19 07:46:30,121.34831460674157
2026-02-19 07:47:00,121.34831460674157
2026-02-19 07:47:30,121.00840336134455
2026-02-19 07:48:00,120.6703910614525
2026-02-19 07:48:30,120.6703910614525
2026-02-19 07:49:00,120.6703910614525
2026-02-19 07:49:30,120.33426183844013
2026-02-19 07:50:00,120.33426183844013
2026-02-19 07:50:30,120
2026-02-19 07:51:00,120
2026-02-19 07:51:30,120
2026-02-19 07:52:00,119.66759002770083
2026-02-19 07:52:30,119.66759002770083
2026-02-19 07:53:00,119.66759002770083
2026-02-19 07:53:30,119.66759002770083
2026-02-19 07:54:00,119.33701657458565
2026-02-19 07:54:30,119.33701657458565
2026-02-19 07:55:00,119.00826446280992
2026-02-19 07:55:30,119.00826446280992
2026-02-19 07:56:00,119.00826446280992
2026-02-19 07:56:30,119.00826446280992
2026-02-19 07:57:00,119.00826446280992
2026-02-19 07:57:30,119.00826446280992
2026-02-19 07:58:00,119.00826446280992
2026-02-19 07:58:30,118.68131868131869
2026-02-19 07:59:00,118.68131868131869
2026-02-19 07:59:30,118.35616438356165
2026-02-19 08:00:00,118.35616438356165
2026-02-19 08:00:30,118.35616438356165
2026-02-19 08:01:00,118.35616438356165
2026-02-19 08:01:30,118.0327868852459
2026-02-19 08:02:00,118.0327868852459
2026-02-19 08:02:30,118.0327868852459
2026-02-19 08:03:00,118.0327868852459
2026-02-19 08:03:30,118.0327868852459
2026-02-19 08:04:00,118.0327868852459
2026-02-19 08:04:30,118.0327868852459
2026-02-19 08:05:00,118.0327868852459
2026-02-19 08:05:30,118.0327868852459
2026-02-19 08:06:00,117.71117166212534
2026-02-19 08:06:30,117.71117166212534
2026-02-19 08:07:00,117.39130434782608
2026-02-19 08:07:30,117.39130434782608
2026-02-19 08:08:00,117.07317073170732
2026-02-19 08:08:30,117.07317073170732
2026-02-19 08:09:00,117.07317073170732
2026-02-19 08:09:30,117.07317073170732
2026-02-19 08:10:00,117.07317073170732
2026-02-19 08:10:30,117.07317073170732
2026-02-19 08:11:00,117.07317073170732
2026-02-19 08:11:30,117.07317073170732
2026-02-19 08:12:00,117.07317073170732
2026-02-19 08:12:30,116.75675675675676
2026-02-19 08:13:00,116.44204851752022
2026-02-19 08:13:30,116.44204851752022
2026-02-19 08:14:00,116.44204851752022
2026-02-19 08:14:30,115.81769436997318
2026-02-19 08:15:00,115.81769436997318
2026-02-19 08:15:30,115.81769436997318
2026-02-19 08:16:00,115.81769436997318
2026-02-19 08:16:30,115.81769436997318
2026-02-19 08:17:00,115.81769436997318
2026-02-19 08:17:30,115.81769436997318
2026-02-19 08:18:00,115.81769436997318
2026-02-19 08:18:30,115.81769436997318
2026-02-19 08:19:00,115.81769436997318
2026-02-19 08:19:30,115.81769436997318
2026-02-19 08:20:00,115.81769436997318
2026-02-19 08:20:30,115.81769436997318
2026-02-19 08:21:00,115.81769436997318
2026-02-19 08:21:30,115.81769436997318
2026-02-19 08:22:00,115.81769436997318
2026-02-19 08:22:30,115.81769436997318
2026-02-19 08:23:00,115.81769436997318
2026-02-19 08:23:30,115.81769436997318
2026-02-19 08:24:00,115.50802139037434
2026-02-19 08:24:30,115.50802139037434
2026-02-19 08:25:00,115.81769436997318
2026-02-19 08:25:30,116.12903225806451
2026-02-19 08:26:00,116.75675675675676
2026-02-19 08:26:30,117.07317073170732
2026-02-19 08:27:00,117.39130434782608
2026-02-19 08:27:30,117.71117166212534
2026-02-19 08:28:00,117.71117166212534
2026-02-19 08:28:30,117.71117166212534
2026-02-19 08:29:00,117.71117166212534
2026-02-19 08:29:30,117.39130434782608
2026-02-19 08:30:00,117.71117166212534
2026-02-19 08:30:30,117.71117166212534
2026-02-19 08:31:00,118.0327868852459
2026-02-19 08:31:30,118.68131868131869
2026-02-19 08:32:00,118.68131868131869
2026-02-19 08:32:30,118.68131868131869
2026-02-19 08:33:00,118.68131868131869
2026-02-19 08:33:30,119.33701657458565
2026-02-19 08:34:00,119.00826446280992
2026-02-19 08:34:30,118.68131868131869
2026-02-19 08:35:00,118.68131868131869
2026-02-19 08:35:30,118.68131868131869
2026-02-19 08:36:00,118.68131868131869
2026-02-19 08:36:30,118.35616438356165
2026-02-19 08:37:00,118.0327868852459
2026-02-19 08:37:30,118.35616438356165
2026-02-19 08:38:00,118.0327868852459
2026-02-19 08:38:30,118.0327868852459
2026-02-19 08:39:00,118.35616438356165
2026-02-19 08:39:30,118.35616438356165
2026-02-19 08:40:00,119.00826446280992
2026-02-19 08:40:30,119.00826446280992
2026-02-19 08:41:00,119.33701657458565
2026-02-19 08:41:30,119.33701657458565
2026-02-19 08:42:00,119.00826446280992
2026-02-19 08:42:30,119.00826446280992
2026-02-19 08:43:00,119.00826446280992
2026-02-19 08:43:30,119.00826446280992
2026-02-19 08:44:00,119.00826446280992
2026-02-19 08:44:30,119.00826446280992
2026-02-19 08:45:00,119.33701657458565
2026-02-19 08:45:30,119.33701657458565
2026-02-19 08:46:00,119.33701657458565
2026-02-19 08:46:30,119.33701657458565
2026-02-19 08:47:00,119.33701657458565
2026-02-19 08:47:30,119.33701657458565
2026-02-19 08:48:00,119.66759002770083
2026-02-19 08:48:30,119.66759002770083
2026-02-19 08:49:00,120
2026-02-19 08:49:30,120
2026-02-19 08:50:00,120
2026-02-19 08:50:30,120
2026-02-19 08:51:00,120
2026-02-19 08:51:30,120
2026-02-19 08:52:00,120.33426183844013
2026-02-19 08:52:30,120.33426183844013
2026-02-19 08:53:00,121.00840336134455
2026-02-19 08:53:30,121.69014084507043
2026-02-19 08:54:00,121.69014084507043
2026-02-19 08:54:30,121.69014084507043
2026-02-19 08:55:00,121.69014084507043
2026-02-19 08:55:30,122.37960339943342
2026-02-19 08:56:00,122.37960339943342
2026-02-19 08:56:30,122.03389830508473
2026-02-19 08:57:00,122.03389830508473
2026-02-19 08:57:30,122.03389830508473
2026-02-19 08:58:00,122.03389830508473
2026-02-19 08:58:30,121.69014084507043
2026-02-19 08:59:00,121.00840336134455
2026-02-19 08:59:30,121.00840336134455
2026-02-19 09:00:00,120.6703910614525
2026-02-19 09:00:30,120.6703910614525
2026-02-19 09:01:00,120.6703910614525
2026-02-19 09:01:30,120.33426183844013
2026-02-19 09:02:00,120.33426183844013
2026-02-19 09:02:30,120
2026-02-19 09:03:00,120
2026-02-19 09:03:30,119.66759002770083
2026-02-19 09:04:00,119.00826446280992
2026-02-19 09:04:30,119.00826446280992
2026-02-19 09:05:00,119.00826446280992
2026-02-19 09:05:30,119.33701657458565
2026-02-19 09:06:00,119.33701657458565
2026-02-19 09:06:30,119.00826446280992
2026-02-19 09:07:00,119.00826446280992
2026-02-19 09:07:30,119.00826446280992
2026-02-19 09:08:00,119.00826446280992
2026-02-19 09:08:30,118.35616438356165
2026-02-19 09:09:00,118.68131868131869
2026-02-19 09:09:30,118.68131868131869
2026-02-19 09:10:00,118.68131868131869
2026-02-19 09:10:30,119.00826446280992
2026-02-19 09:11:00,119.00826446280992
2026-02-19 09:11:30,118.68131868131869
2026-02-19 09:12:00,118.68131868131869
2026-02-19 09:12:30,118.68131868131869
2026-02-19 09:13:00,118.68131868131869
2026-02-19 09:13:30,118.68131868131869
2026-02-19 09:14:00,119.33701657458565
2026-02-19 09:14:30,119.33701657458565
2026-02-19 09:15:00,119.00826446280992
2026-02-19 09:15:30,119.00826446280992
2026-02-19 09:16:00,119.00826446280992
2026-02-19 09:16:30,119.00826446280992
2026-02-19 09:17:00,119.33701657458565
2026-02-19 09:17:30,119.33701657458565
2026-02-19 09:18:00,119.33701657458565
2026-02-19 09:18:30,119.66759002770083
2026-02-19 09:19:00,120.33426183844013
2026-02-19 09:19:30,120.6703910614525
2026-02-19 09:20:00,120.6703910614525
2026-02-19 09:20:30,120.6703910614525
2026-02-19 09:21:00,120.6703910614525
2026-02-19 09:21:30,120
2026-02-19 09:22:00,120
2026-02-19 09:22:30,120
2026-02-19 09:23:00,120
2026-02-19 09:23:30,120.33426183844013
2026-02-19 09:24:00,120.33426183844013
2026-02-19 09:24:30,120
2026-02-19 09:25:00,119.33701657458565
2026-02-19 09:25:30,119.33701657458565
2026-02-19 09:26:00,119.00826446280992
2026-02-19 09:26:30,119.00826446280992
2026-02-19 09:27:00,119.00826446280992
2026-02-19 09:27:30,119.33701657458565
2026-02-19 09:28:00,119.33701657458565
2026-02-19 09:28:30,119.33701657458565
2026-02-19 09:29:00,119.33701657458565
2026-02-19 09:29:30,119.33701657458565
2026-02-19 09:30:00,119.66759002770083
2026-02-19 09:30:30,120
2026-02-19 09:31:00,120.6703910614525
2026-02-19 09:31:30,120.6703910614525
2026-02-19 09:32:00,121.00840336134455
2026-02-19 09:32:30,121.69014084507043
2026-02-19 09:33:00,122.03389830508473
2026-02-19 09:33:30,122.03389830508473
2026-02-19 09:34:00,122.03389830508473
2026-02-19 09:34:30,122.03389830508473
2026-02-19 09:35:00,121.69014084507043
2026-02-19 09:35:30,121.69014084507043
2026-02-19 09:36:00,121.69014084507043
2026-02-19 09:36:30,121.34831460674157
2026-02-19 09:37:00,121.34831460674157
2026-02-19 09:37:30,121.34831460674157
2026-02-19 09:38:00,121.34831460674157
2026-02-19 09:38:30,122.03389830508473
2026-02-19 09:39:00,122.03389830508473
2026-02-19 09:39:30,122.03389830508473
2026-02-19 09:40:00,121.69014084507043
2026-02-19 09:40:30,122.03389830508473
2026-02-19 09:41:00,122.03389830508473
2026-02-19 09:41:30,121.69014084507043
2026-02-19 09:42:00,121.69014084507043
2026-02-19 09:42:30,121.69014084507043
2026-02-19 09:43:00,121.69014084507043
2026-02-19 09:43:30,121.69014084507043
2026-02-19 09:44:00,122.03389830508473
2026-02-19 09:44:30,122.03389830508473
2026-02-19 09:45:00,122.03389830508473
2026-02-19 09:45:30,122.03389830508473
2026-02-19 09:46:00,121.69014084507043
2026-02-19 09:46:30,121.34831460674157
2026-02-19 09:47:00,121.34831460674157
2026-02-19 09:47:30,121.34831460674157
2026-02-19 09:48:00,121.34831460674157
2026-02-19 09:48:30,121.34831460674157
2026-02-19 09:49:00,121.34831460674157
2026-02-19 09:49:30,121.00840336134455
2026-02-19 09:50:00,120.6703910614525
2026-02-19 09:50:30,120.6703910614525
2026-02-19 09:51:00,120.6703910614525
2026-02-19 09:51:30,120.6703910614525
2026-02-19 09:52:00,120.33426183844013
2026-02-19 09:52:30,120.33426183844013
2026-02-19 09:53:00,120.33426183844013
2026-02-19 09:53:30,120.33426183844013
2026-02-19 09:54:00,120.33426183844013
2026-02-19 09:54:30,120.33426183844013
2026-02-19 09:55:00,120.33426183844013
2026-02-19 09:55:30,120.33426183844013
2026-02-19 09:56:00,119.66759002770083
2026-02-19 09:56:30,120
2026-02-19 09:57:00,119.66759002770083
2026-02-19 09:57:30,119.33701657458565
2026-02-19 09:58:00,119.66759002770083
2026-02-19 09:58:30,120
2026-02-19 09:59:00,120
2026-02-19 09:59:30,119.66759002770083
2026-02-19 10:00:00,119.66759002770083
2026-02-19 10:00:30,119.66759002770083
2026-02-19 10:01:00,119.66759002770083
2026-02-19 10:01:30,119.66759002770083
2026-02-19 10:02:00,119.66759002770083
2026-02-19 10:02:30,119.66759002770083
2026-02-19 10:03:00,120
2026-02-19 10:03:30,119.66759002770083
2026-02-19 10:04:00,119.66759002770083
2026-02-19 10:04:30,119.66759002770083
2026-02-19 10:05:00,119.66759002770083
2026-02-19 10:05:30,119.66759002770083
2026-02-19 10:06:00,119.33701657458565
2026-02-19 10:06:30,119.00826446280992
2026-02-19 10:07:00,119.33701657458565
2026-02-19 10:07:30,120
2026-02-19 10:08:00,120.33426183844013
2026-02-19 10:08:30,120.33426183844013
2026-02-19 10:09:00,120.33426183844013
2026-02-19 10:09:30,120
2026-02-19 10:10:00,119.66759002770083
2026-02-19 10:10:30,120
2026-02-19 10:11:00,120
2026-02-19 10:11:30,120
2026-02-19 10:12:00,120
2026-02-19 10:12:30,120.33426183844013
2026-02-19 10:13:00,120.33426183844013
2026-02-19 10:13:30,120.33426183844013
2026-02-19 10:14:00,120.33426183844013
2026-02-19 10:14:30,120.33426183844013
2026-02-19 10:15:00,120.6703910614525
2026-02-19 10:15:30,120.6703910614525
2026-02-19 10:16:00,120.6703910614525
2026-02-19 10:16:30,120.6703910614525
2026-02-19 10:17:00,120.33426183844013
2026-02-19 10:17:30,120.33426183844013
2026-02-19 10:18:00,120.33426183844013
2026-02-19 10:18:30,120.6703910614525
2026-02-19 10:19:00,120
2026-02-19 10:19:30,120
2026-02-19 10:20:00,120
2026-02-19 10:20:30,120
2026-02-19 10:21:00,119.66759002770083
2026-02-19 10:21:30,119.66759002770083
2026-02-19 10:22:00,120.33426183844013
2026-02-19 10:22:30,120.33426183844013
2026-02-19 10:23:00,120.33426183844013
2026-02-19 10:23:30,120.33426183844013
2026-02-19 10:24:00,120.33426183844013
2026-02-19 10:24:30,120.33426183844013
2026-02-19 10:25:00,120.33426183844013
2026-02-19 10:25:30,120.33426183844013
2026-02-19 10:26:00,120.33426183844013
2026-02-19 10:26:30,120.6703910614525
2026-02-19 10:27:00,120.6703910614525
2026-02-19 10:27:30,120.6703910614525
2026-02-19 10:28:00,120.6703910614525
2026-02-19 10:28:30,120.6703910614525
2026-02-19 10:29:00,121.00840336134455
2026-02-19 10:29:30,121.00840336134455
2026-02-19 10:30:00,121.34831460674157
2026-02-19 10:30:30,121.34831460674157
2026-02-19 10:31:00,121.34831460674157
2026-02-19 10:31:30,121.34831460674157
2026-02-19 10:32:00,121.69014084507043
2026-02-19 10:32:30,121.69014084507043
2026-02-19 10:33:00,121.69014084507043
2026-02-19 10:33:30,121.69014084507043
2026-02-19 10:34:00,121.69014084507043
2026-02-19 10:34:30,121.69014084507043
2026-02-19 10:35:00,121.69014084507043
2026-02-19 10:35:30,121.69014084507043
2026-02-19 10:36:00,121.69014084507043
2026-02-19 10:36:30,121.69014084507043
2026-02-19 10:37:00,121.00840336134455
2026-02-19 10:37:30,120.6703910614525
2026-02-19 10:38:00,120.6703910614525
2026-02-19 10:38:30,120.6703910614525
2026-02-19 10:39:00,120.6703910614525
2026-02-19 10:39:30,120.6703910614525
2026-02-19 10:40:00,120.33426183844013
2026-02-19 10:40:30,120.33426183844013
2026-02-19 10:41:00,120
2026-02-19 10:41:30,120
2026-02-19 10:42:00,120
2026-02-19 10:42:30,119.66759002770083
2026-02-19 10:43:00,119.66759002770083
2026-02-19 10:43:30,119.66759002770083
2026-02-19 10:44:00,120
2026-02-19 10:44:30,120
2026-02-19 10:45:00,119.66759002770083
2026-02-19 10:45:30,119.66759002770083
2026-02-19 10:46:00,119.66759002770083
2026-02-19 10:46:30,119.66759002770083
2026-02-19 10:47:00,119.66759002770083
2026-02-19 10:47:30,119.66759002770083
2026-02-19 10:48:00,120
2026-02-19 10:48:30,120
2026-02-19 10:49:00,120
2026-02-19 10:49:30,119.66759002770083
2026-02-19 10:50:00,120.33426183844013
2026-02-19 10:50:30,120.33426183844013
2026-02-19 10:51:00,120
2026-02-19 10:51:30,120
2026-02-19 10:52:00,120.33426183844013
2026-02-19 10:52:30,120.33426183844013
2026-02-19 10:53:00,120.33426183844013
2026-02-19 10:53:30,120.33426183844013
2026-02-19 10:54:00,120.33426183844013
2026-02-19 10:54:30,121.00840336134455
2026-02-19 10:55:00,121.00840336134455
2026-02-19 10:55:30,121.00840336134455
2026-02-19 10:56:00,120.6703910614525
2026-02-19 10:56:30,120.33426183844013
2026-02-19 10:57:00,120.33426183844013
2026-02-19 10:57:30,120.33426183844013
2026-02-19 10:58:00,120.33426183844013
2026-02-19 10:58:30,121.00840336134455
2026-02-19 10:59:00,121.00840336134455
2026-02-19 10:59:30,121.00840336134455
2026-02-19 11:00:00,121.00840336134455
2026-02-19 11:00:30,120.6703910614525
2026-02-19 11:01:00,121.00840336134455
2026-02-19 11:01:30,121.00840336134455
2026-02-19 11:02:00,121.00840336134455
2026-02-19 11:02:30,120.6703910614525
2026-02-19 11:03:00,120.6703910614525
2026-02-19 11:03:30,120.6703910614525
2026-02-19 11:04:00,120.6703910614525
2026-02-19 11:04:30,120.6703910614525
2026-02-19 11:05:00,120.6703910614525
2026-02-19 11:05:30,120.6703910614525
2026-02-19 11:06:00,121.00840336134455
2026-02-19 11:06:30,121.34831460674157
2026-02-19 11:07:00,121.34831460674157
2026-02-19 11:07:30,121.34831460674157
2026-02-19 11:08:00,121.34831460674157
2026-02-19 11:08:30,121.34831460674157
2026-02-19 11:09:00,121.34831460674157
2026-02-19 11:09:30,121.34831460674157
2026-02-19 11:10:00,121.34831460674157
2026-02-19 11:10:30,121.34831460674157
2026-02-19 11:11:00,121.34831460674157
2026-02-19 11:11:30,121.69014084507043
2026-02-19 11:12:00,121.69014084507043
2026-02-19 11:12:30,122.03389830508473
2026-02-19 11:13:00,122.03389830508473
2026-02-19 11:13:30,122.03389830508473
2026-02-19 11:14:00,121.34831460674157
2026-02-19 11:14:30,121.34831460674157
2026-02-19 11:15:00,121.00840336134455
2026-02-19 11:15:30,121.00840336134455
2026-02-19 11:16:00,121.00840336134455
2026-02-19 11:16:30,121.00840336134455
2026-02-19 11:17:00,121.00840336134455
2026-02-19 11:17:30,121.00840336134455
2026-02-19 11:18:00,121.00840336134455
2026-02-19 11:18:30,121.00840336134455
2026-02-19 11:19:00,121.00840336134455
2026-02-19 11:19:30,121.00840336134455
2026-02-19 11:20:00,121.00840336134455
2026-02-19 11:20:30,121.34831460674157
2026-02-19 11:21:00,121.69014084507043
2026-02-19 11:21:30,121.69014084507043
2026-02-19 11:22:00,121.69014084507043
2026-02-19 11:22:30,121.69014084507043
2026-02-19 11:23:00,121.69014084507043
2026-02-19 11:23:30,121.69014084507043
2026-02-19 11:24:00,121.69014084507043
2026-02-19 11:24:30,121.69014084507043
2026-02-19 11:25:00,122.03389830508473
2026-02-19 11:25:30,122.03389830508473
2026-02-19 11:26:00,121.69014084507043
2026-02-19 11:26:30,121.34831460674157
2026-02-19 11:27:00,121.34831460674157
2026-02-19 11:27:30,121.34831460674157
2026-02-19 11:28:00,121.34831460674157
2026-02-19 11:28:30,121.34831460674157
2026-02-19 11:29:00,121.69014084507043
2026-02-19 11:29:30,121.34831460674157
2026-02-19 11:30:00,121.34831460674157
2026-02-19 11:30:30,121.69014084507043
2026-02-19 11:31:00,121.69014084507043
2026-02-19 11:31:30,122.03389830508473
2026-02-19 11:32:00,122.03389830508473
2026-02-19 11:32:30,122.03389830508473
2026-02-19 11:33:00,122.72727272727273
2026-02-19 11:33:30,123.42857142857143
2026-02-19 11:34:00,123.42857142857143
2026-02-19 11:34:30,123.42857142857143
2026-02-19 11:35:00,123.42857142857143
2026-02-19 11:35:30,123.42857142857143
2026-02-19 11:36:00,123.07692307692307
2026-02-19 11:36:30,123.07692307692307
2026-02-19 11:37:00,123.07692307692307
2026-02-19 11:37:30,123.42857142857143
2026-02-19 11:38:00,123.07692307692307
2026-02-19 11:38:30,123.07692307692307
2026-02-19 11:39:00,122.72727272727273
2026-02-19 11:39:30,122.37960339943342
2026-02-19 11:40:00,122.37960339943342
2026-02-19 11:40:30,122.72727272727273
2026-02-19 11:41:00,122.72727272727273
2026-02-19 11:41:30,122.37960339943342
2026-02-19 11:42:00,122.37960339943342
2026-02-19 11:42:30,122.03389830508473
2026-02-19 11:43:00,122.03389830508473
2026-02-19 11:43:30,122.03389830508473
2026-02-19 11:44:00,122.03389830508473
2026-02-19 11:44:30,122.03389830508473
2026-02-19 11:45:00,122.03389830508473
2026-02-19 11:45:30,121.69014084507043
2026-02-19 11:46:00,121.69014084507043
2026-02-19 11:46:30,121.69014084507043
2026-02-19 11:47:00,121.69014084507043
2026-02-19 11:47:30,121.69014084507043
2026-02-19 11:48:00,121.00840336134455
2026-02-19 11:48:30,120.6703910614525
2026-02-19 11:49:00,120.33426183844013
2026-02-19 11:49:30,120
2026-02-19 11:50:00,119.66759002770083
2026-02-19 11:50:30,119.66759002770083
2026-02-19 11:51:00,119.66759002770083
2026-02-19 11:51:30,119.66759002770083
2026-02-19 11:52:00,119.66759002770083
2026-02-19 11:52:30,119.66759002770083
2026-02-19 11:53:00,119.33701657458565
2026-02-19 11:53:30,119.33701657458565
2026-02-19 11:54:00,119.33701657458565
2026-02-19 11:54:30,119.66759002770083
2026-02-19 11:55:00,119.66759002770083
2026-02-19 11:55:30,120.33426183844013
2026-02-19 11:56:00,120.33426183844013
2026-02-19 11:56:30,121.00840336134455
2026-02-19 11:57:00,121.00840336134455
2026-02-19 11:57:30,121.00840336134455
2026-02-19 11:58:00,121.00840336134455
2026-02-19 11:58:30,121.00840336134455
2026-02-19 11:59:00,120.6703910614525
2026-02-19 11:59:30,120.6703910614525
2026-02-19 12:00:00,120.6703910614525
2026-02-19 12:00:30,120.6703910614525
2026-02-19 12:01:00,120.6703910614525
2026-02-19 12:01:30,120.6703910614525
2026-02-19 12:02:00,120.6703910614525
2026-02-19 12:02:30,120.6703910614525
2026-02-19 12:03:00,120.33426183844013
2026-02-19 12:03:30,120.33426183844013
2026-02-19 12:04:00,120.33426183844013
2026-02-19 12:04:30,120.33426183844013
2026-02-19 12:05:00,120.33426183844013
2026-02-19 12:05:30,120.33426183844013
2026-02-19 12:06:00,119.66759002770083
2026-02-19 12:06:30,119.66759002770083
2026-02-19 12:07:00,119.66759002770083
2026-02-19 12:07:30,119.66759002770083
2026-02-19 12:08:00,119.66759002770083
2026-02-19 12:08:30,119.66759002770083
2026-02-19 12:09:00,119.66759002770083
2026-02-19 12:09:30,119.66759002770083
2026-02-19 12:10:00,119.66759002770083
2026-02-19 12:10:30,119.66759002770083
2026-02-19 12:11:00,119.33701657458565
2026-02-19 12:11:30,119.33701657458565
2026-02-19 12:12:00,119.33701657458565
2026-02-19 12:12:30,120
2026-02-19 12:13:00,119.66759002770083
2026-02-19 12:13:30,120
2026-02-19 12:14:00,120
2026-02-19 12:14:30,120
2026-02-19 12:15:00,120
2026-02-19 12:15:30,120.33426183844013
2026-02-19 12:16:00,120
2026-02-19 12:16:30,120
2026-02-19 12:17:00,120
2026-02-19 12:17:30,119.66759002770083
2026-02-19 12:18:00,119.66759002770083
2026-02-19 12:18:30,119.66759002770083
2026-02-19 12:19:00,119.66759002770083
2026-02-19 12:19:30,119.66759002770083
2026-02-19 12:20:00,119.66759002770083
2026-02-19 12:20:30,120
2026-02-19 12:21:00,120
2026-02-19 12:21:30,120
2026-02-19 12:22:00,120
2026-02-19 12:22:30,120
2026-02-19 12:23:00,120
2026-02-19 12:23:30,120
2026-02-19 12:24:00,120
2026-02-19 12:24:30,120
2026-02-19 12:25:00,120
2026-02-19 12:25:30,120.33426183844013
2026-02-19 12:26:00,120
2026-02-19 12:26:30,120
2026-02-19 12:27:00,120.33426183844013
2026-02-19 12:27:30,120.6703910614525
2026-02-19 12:28:00,120.33426183844013
2026-02-19 12:28:30,119.33701657458565
2026-02-19 12:29:00,119.33701657458565
2026-02-19 12:29:30,119.33701657458565
2026-02-19 12:30:00,119.33701657458565
2026-02-19 12:30:30,119.33701657458565
2026-02-19 12:31:00,119.00826446280992
2026-02-19 12:31:30,118.68131868131869
2026-02-19 12:32:00,118.68131868131869
2026-02-19 12:32:30,118.68131868131869
2026-02-19 12:33:00,118.35616438356165
2026-02-19 12:33:30,118.35616438356165
2026-02-19 12:34:00,118.68131868131869
2026-02-19 12:34:30,118.68131868131869
2026-02-19 12:35:00,118.0327868852459
2026-02-19 12:35:30,118.35616438356165
2026-02-19 12:36:00,118.35616438356165
2026-02-19 12:36:30,118.35616438356165
2026-02-19 12:37:00,118.35616438356165
2026-02-19 12:37:30,118.35616438356165
2026-02-19 12:38:00,118.35616438356165
2026-02-19 12:38:30,118.35616438356165
2026-02-19 12:39:00,118.35616438356165
2026-02-19 12:39:30,118.35616438356165
2026-02-19 12:40:00,118.35616438356165
2026-02-19 12:40:30,118.35616438356165
2026-02-19 12:41:00,118.35616438356165
2026-02-19 12:41:30,118.35616438356165
2026-02-19 12:42:00,118.0327868852459
2026-02-19 12:42:30,118.0327868852459
2026-02-19 12:43:00,118.0327868852459
2026-02-19 12:43:30,118.0327868852459
2026-02-19 12:44:00,118.0327868852459
2026-02-19 12:44:30,118.35616438356165
2026-02-19 12:45:00,118.35616438356165
2026-02-19 12:45:30,118.68131868131869
2026-02-19 12:46:00,118.35616438356165
2026-02-19 12:46:30,118.35616438356165
2026-02-19 12:47:00,119.00826446280992
2026-02-19 12:47:30,119.00826446280992
2026-02-19 12:48:00,119.33701657458565
2026-02-19 12:48:30,119.00826446280992
2026-02-19 12:49:00,119.00826446280992
2026-02-19 12:49:30,119.00826446280992
2026-02-19 12:50:00,118.68131868131869
2026-02-19 12:50:30,118.68131868131869
2026-02-19 12:51:00,118.68131868131869
2026-02-19 12:51:30,119.00826446280992
2026-02-19 12:52:00,119.00826446280992
2026-02-19 12:52:30,119.00826446280992
2026-02-19 12:53:00,118.68131868131869
2026-02-19 12:53:30,118.68131868131869
2026-02-19 12:54:00,118.35616438356165
2026-02-19 12:54:30,118.35616438356165
2026-02-19 12:55:00,118.35616438356165
2026-02-19 12:55:30,118.35616438356165
2026-02-19 12:56:00,118.35616438356165
2026-02-19 12:56:30,118.35616438356165
2026-02-19 12:57:00,118.0327868852459
2026-02-19 12:57:30,118.0327868852459
2026-02-19 12:58:00,118.0327868852459
2026-02-19 12:58:30,118.0327868852459
2026-02-19 12:59:00,118.0327868852459
2026-02-19 12:59:30,118.35616438356165
2026-02-19 13:00:00,118.35616438356165
2026-02-19 13:00:30,118.35616438356165
2026-02-19 13:01:00,118.35616438356165
2026-02-19 13:01:30,118.35616438356165
2026-02-19 13:02:00,118.35616438356165
2026-02-19 13:02:30,118.35616438356165
2026-02-19 13:03:00,118.35616438356165
2026-02-19 13:03:30,118.35616438356165
2026-02-19 13:04:00,118.35616438356165
2026-02-19 13:04:30,118.35616438356165
2026-02-19 13:05:00,118.35616438356165
2026-02-19 13:05:30,118.68131868131869
2026-02-19 13:06:00,118.68131868131869
2026-02-19 13:06:30,119.00826446280992
2026-02-19 13:07:00,119.00826446280992
2026-02-19 13:07:30,119.00826446280992
2026-02-19 13:08:00,119.33701657458565
2026-02-19 13:08:30,119.66759002770083
2026-02-19 13:09:00,119.66759002770083
2026-02-19 13:09:30,119.66759002770083
2026-02-19 13:10:00,119.66759002770083
2026-02-19 13:10:30,119.33701657458565
2026-02-19 13:11:00,119.33701657458565
2026-02-19 13:11:30,119.33701657458565
2026-02-19 13:12:00,119.33701657458565
2026-02-19 13:12:30,119.00826446280992
2026-02-19 13:13:00,118.35616438356165
2026-02-19 13:13:30,118.35616438356165
2026-02-19 13:14:00,118.0327868852459
2026-02-19 13:14:30,118.35616438356165
2026-02-19 13:15:00,118.68131868131869
2026-02-19 13:15:30,118.0327868852459
2026-02-19 13:16:00,118.0327868852459
2026-02-19 13:16:30,118.0327868852459
2026-02-19 13:17:00,118.68131868131869
2026-02-19 13:17:30,118.35616438356165
2026-02-19 13:18:00,118.0327868852459
2026-02-19 13:18:30,118.0327868852459
2026-02-19 13:19:00,117.71117166212534
2026-02-19 13:19:30,118.0327868852459
2026-02-19 13:20:00,118.0327868852459
2026-02-19 13:20:30,118.35616438356165
2026-02-19 13:21:00,118.35616438356165
2026-02-19 13:21:30,118.35616438356165
2026-02-19 13:22:00,118.0327868852459
2026-02-19 13:22:30,118.0327868852459
2026-02-19 13:23:00,118.35616438356165
2026-02-19 13:23:30,118.35616438356165
2026-02-19 13:24:00,118.35616438356165
2026-02-19 13:24:30,118.35616438356165
2026-02-19 13:25:00,118.35616438356165
2026-02-19 13:25:30,118.68131868131869
2026-02-19 13:26:00,118.68131868131869
2026-02-19 13:26:30,118.68131868131869
2026-02-19 13:27:00,118.68131868131869
2026-02-19 13:27:30,119.00826446280992
2026-02-19 13:28:00,119.33701657458565
2026-02-19 13:28:30,119.00826446280992
2026-02-19 13:29:00,119.00826446280992
2026-02-19 13:29:30,119.00826446280992
2026-02-19 13:30:00,119.00826446280992
2026-02-19 13:30:30,119.00826446280992
2026-02-19 13:31:00,119.00826446280992
2026-02-19 13:31:30,119.33701657458565
2026-02-19 13:32:00,119.00826446280992
2026-02-19 13:32:30,119.00826446280992
2026-02-19 13:33:00,119.33701657458565
2026-02-19 13:33:30,120
2026-02-19 13:34:00,119.66759002770083
2026-02-19 13:34:30,119.66759002770083
2026-02-19 13:35:00,120
2026-02-19 13:35:30,120
2026-02-19 13:36:00,120
2026-02-19 13:36:30,119.33701657458565
2026-02-19 13:37:00,119.33701657458565
2026-02-19 13:37:30,119.66759002770083
2026-02-19 13:38:00,119.66759002770083
2026-02-19 13:38:30,119.66759002770083
2026-02-19 13:39:00,119.66759002770083
2026-02-19 13:39:30,119.66759002770083
2026-02-19 13:40:00,119.66759002770083
2026-02-19 13:40:30,119.66759002770083
2026-02-19 13:41:00,119.66759002770083
2026-02-19 13:41:30,119.66759002770083
2026-02-19 13:42:00,119.66759002770083
2026-02-19 13:42:30,119.33701657458565
2026-02-19 13:43:00,119.33701657458565
2026-02-19 13:43:30,119.00826446280992
2026-02-19 13:44:00,118.68131868131869
2026-02-19 13:44:30,119.00826446280992
2026-02-19 13:45:00,119.33701657458565
2026-02-19 13:45:30,119.66759002770083
2026-02-19 13:46:00,119.33701657458565
2026-02-19 13:46:30,119.33701657458565
2026-02-19 13:47:00,118.68131868131869
2026-02-19 13:47:30,118.68131868131869
2026-02-19 13:48:00,118.68131868131869
2026-02-19 13:48:30,118.35616438356165
2026-02-19 13:49:00,118.35616438356165
2026-02-19 13:49:30,118.0327868852459
2026-02-19 13:50:00,118.0327868852459
2026-02-19 13:50:30,118.0327868852459
2026-02-19 13:51:00,118.0327868852459
2026-02-19 13:51:30,119.00826446280992
2026-02-19 13:52:00,119.00826446280992
2026-02-19 13:52:30,119.33701657458565
2026-02-19 13:53:00,119.33701657458565
2026-02-19 13:53:30,119.66759002770083
2026-02-19 13:54:00,119.66759002770083
2026-02-19 13:54:30,119.66759002770083
2026-02-19 13:55:00,119.66759002770083
2026-02-19 13:55:30,120
2026-02-19 13:56:00,120
2026-02-19 13:56:30,120
2026-02-19 13:57:00,120
2026-02-19 13:57:30,120.6703910614525
2026-02-19 13:58:00,121.34831460674157
2026-02-19 13:58:30,121.00840336134455
2026-02-19 13:59:00,120.6703910614525
2026-02-19 13:59:30,121.00840336134455
2026-02-19 14:00:00,121.00840336134455
2026-02-19 14:00:30,121.00840336134455
2026-02-19 14:01:00,121.00840336134455
2026-02-19 14:01:30,121.00840336134455
2026-02-19 14:02:00,121.00840336134455
2026-02-19 14:02:30,121.00840336134455
2026-02-19 14:03:00,120.6703910614525
2026-02-19 14:03:30,121.00840336134455
2026-02-19 14:04:00,121.00840336134455
2026-02-19 14:04:30,121.00840336134455
2026-02-19 14:05:00,121.00840336134455
2026-02-19 14:05:30,121.34831460674157
2026-02-19 14:06:00,121.34831460674157
2026-02-19 14:06:30,121.34831460674157
2026-02-19 14:07:00,121.34831460674157
2026-02-19 14:07:30,121.34831460674157
2026-02-19 14:08:00,121.34831460674157
2026-02-19 14:08:30,121.34831460674157
2026-02-19 14:09:00,121.34831460674157
2026-02-19 14:09:30,121.34831460674157
2026-02-19 14:10:00,121.34831460674157
2026-02-19 14:10:30,121.69014084507043
2026-02-19 14:11:00,121.69014084507043
2026-02-19 14:11:30,121.69014084507043
2026-02-19 14:12:00,121.69014084507043
2026-02-19 14:12:30,121.34831460674157
2026-02-19 14:13:00,121.00840336134455
2026-02-19 14:13:30,120.6703910614525
2026-02-19 14:14:00,120
2026-02-19 14:14:30,120
2026-02-19 14:15:00,119.66759002770083
2026-02-19 14:15:30,119.66759002770083
2026-02-19 14:16:00,119.66759002770083
2026-02-19 14:16:30,119.66759002770083
2026-02-19 14:17:00,119.66759002770083
2026-02-19 14:17:30,119.66759002770083
2026-02-19 14:18:00,119.66759002770083
2026-02-19 14:18:30,119.33701657458565
2026-02-19 14:19:00,119.33701657458565
2026-02-19 14:19:30,119.00826446280992
2026-02-19 14:20:00,119.00826446280992
2026-02-19 14:20:30,118.68131868131869
2026-02-19 14:21:00,118.68131868131869
2026-02-19 14:21:30,118.68131868131869
2026-02-19 14:22:00,118.68131868131869
2026-02-19 14:22:30,119.00826446280992
2026-02-19 14:23:00,118.68131868131869
2026-02-19 14:23:30,118.68131868131869
2026-02-19 14:24:00,118.68131868131869
2026-02-19 14:24:30,118.68131868131869
2026-02-19 14:25:00,118.68131868131869
2026-02-19 14:25:30,118.68131868131869
2026-02-19 14:26:00,118.68131868131869
2026-02-19 14:26:30,118.68131868131869
2026-02-19 14:27:00,118.35616438356165
2026-02-19 14:27:30,118.35616438356165
2026-02-19 14:28:00,119.33701657458565
2026-02-19 14:28:30,119.33701657458565
2026-02-19 14:29:00,119.33701657458565
2026-02-19 14:29:30,119.33701657458565
2026-02-19 14:30:00,119.66759002770083
2026-02-19 14:30:30,119.33701657458565
2026-02-19 14:31:00,119.33701657458565
2026-02-19 14:31:30,119.33701657458565
2026-02-19 14:32:00,119.33701657458565
2026-02-19 14:32:30,119.33701657458565
2026-02-19 14:33:00,119.66759002770083
2026-02-19 14:33:30,119.66759002770083
2026-02-19 14:34:00,119.66759002770083
2026-02-19 14:34:30,119.66759002770083
2026-02-19 14:35:00,119.66759002770083
2026-02-19 14:35:30,120
2026-02-19 14:36:00,120
2026-02-19 14:36:30,120
2026-02-19 14:37:00,119.00826446280992
2026-02-19 14:37:30,119.00826446280992
2026-02-19 14:38:00,119.00826446280992
2026-02-19 14:38:30,118.68131868131869
2026-02-19 14:39:00,118.35616438356165
2026-02-19 14:39:30,118.68131868131869
2026-02-19 14:40:00,118.68131868131869
2026-02-19 14:40:30,118.35616438356165
2026-02-19 14:41:00,118.0327868852459
2026-02-19 14:41:30,118.0327868852459
2026-02-19 14:42:00,118.0327868852459
2026-02-19 14:42:30,117.71117166212534
2026-02-19 14:43:00,118.0327868852459
2026-02-19 14:43:30,118.0327868852459
2026-02-19 14:44:00,118.0327868852459
2026-02-19 14:44:30,118.0327868852459
2026-02-19 14:45:00,118.35616438356165
2026-02-19 14:45:30,118.35616438356165
2026-02-19 14:46:00,117.39130434782608
2026-02-19 14:46:30,117.39130434782608
2026-02-19 14:47:00,117.39130434782608
2026-02-19 14:47:30,117.39130434782608
2026-02-19 14:48:00,117.39130434782608
2026-02-19 14:48:30,117.07317073170732
2026-02-19 14:49:00,117.07317073170732
2026-02-19 14:49:30,117.71117166212534
2026-02-19 14:50:00,117.71117166212534
2026-02-19 14:50:30,117.71117166212534
2026-02-19 14:51:00,117.71117166212534
2026-02-19 14:51:30,117.71117166212534
2026-02-19 14:52:00,117.71117166212534
2026-02-19 14:52:30,117.39130434782608
2026-02-19 14:53:00,117.39130434782608
2026-02-19 14:53:30,117.07317073170732
2026-02-19 14:54:00,117.07317073170732
2026-02-19 14:54:30,117.07317073170732
2026-02-19 14:55:00,117.71117166212534
2026-02-19 14:55:30,117.71117166212534
2026-02-19 14:56:00,117.71117166212534
2026-02-19 14:56:30,117.39130434782608
2026-02-19 14:57:00,117.39130434782608
2026-02-19 14:57:30,117.07317073170732
2026-02-19 14:58:00,116.75675675675676
2026-02-19 14:58:30,116.75675675675676
2026-02-19 14:59:00,116.44204851752022
2026-02-19 14:59:30,116.44204851752022
2026-02-19 15:00:00,116.44204851752022
2026-02-19 15:00:30,116.44204851752022
2026-02-19 15:01:00,116.44204851752022
2026-02-19 15:01:30,116.44204851752022
2026-02-19 15:02:00,116.44204851752022
2026-02-19 15:02:30,116.75675675675676
2026-02-19 15:03:00,116.44204851752022
2026-02-19 15:03:30,116.44204851752022
2026-02-19 15:04:00,116.44204851752022
2026-02-19 15:04:30,116.75675675675676
2026-02-19 15:05:00,116.75675675675676
2026-02-19 15:05:30,117.39130434782608
2026-02-19 15:06:00,117.71117166212534
2026-02-19 15:06:30,117.71117166212534
2026-02-19 15:07:00,118.0327868852459
2026-02-19 15:07:30,118.0327868852459
2026-02-19 15:08:00,118.0327868852459
2026-02-19 15:08:30,118.0327868852459
2026-02-19 15:09:00,118.0327868852459
2026-02-19 15:09:30,118.0327868852459
2026-02-19 15:10:00,118.0327868852459
2026-02-19 15:10:30,118.0327868852459
2026-02-19 15:11:00,118.0327868852459
2026-02-19 15:11:30,118.0327868852459
2026-02-19 15:12:00,118.0327868852459
2026-02-19 15:12:30,118.0327868852459
2026-02-19 15:13:00,118.35616438356165
2026-02-19 15:13:30,118.35616438356165
2026-02-19 15:14:00,118.0327868852459
2026-02-19 15:14:30,117.71117166212534
2026-02-19 15:15:00,117.39130434782608
2026-02-19 15:15:30,117.39130434782608
2026-02-19 15:16:00,117.39130434782608
2026-02-19 15:16:30,117.71117166212534
2026-02-19 15:17:00,118.0327868852459
2026-02-19 15:17:30,118.0327868852459
2026-02-19 15:18:00,118.0327868852459
2026-02-19 15:18:30,117.71117166212534
2026-02-19 15:19:00,118.0327868852459
2026-02-19 15:19:30,118.35616438356165
2026-02-19 15:20:00,118.35616438356165
2026-02-19 15:20:30,118.35616438356165
2026-02-19 15:21:00,118.35616438356165
2026-02-19 15:21:30,118.35616438356165
2026-02-19 15:22:00,118.35616438356165
2026-02-19 15:22:30,118.35616438356165
2026-02-19 15:23:00,118.35616438356165
2026-02-19 15:23:30,118.35616438356165
2026-02-19 15:24:00,118.68131868131869
2026-02-19 15:24:30,118.68131868131869
2026-02-19 15:25:00,118.0327868852459
2026-02-19 15:25:30,118.0327868852459
2026-02-19 15:26:00,118.0327868852459
2026-02-19 15:26:30,118.0327868852459
2026-02-19 15:27:00,118.35616438356165
2026-02-19 15:27:30,117.39130434782608
2026-02-19 15:28:00,117.71117166212534
2026-02-19 15:28:30,118.35616438356165
2026-02-19 15:29:00,118.35616438356165
2026-02-19 15:29:30,118.35616438356165
2026-02-19 15:30:00,118.35616438356165
2026-02-19 15:30:30,118.35616438356165
2026-02-19 15:31:00,118.0327868852459
2026-02-19 15:31:30,117.39130434782608
2026-02-19 15:32:00,117.07317073170732
2026-02-19 15:32:30,117.39130434782608
2026-02-19 15:33:00,117.07317073170732
2026-02-19 15:33:30,117.07317073170732
2026-02-19 15:34:00,117.07317073170732
2026-02-19 15:34:30,117.39130434782608
2026-02-19 15:35:00,117.07317073170732
2026-02-19 15:35:30,117.07317073170732
2026-02-19 15:36:00,116.75675675675676
2026-02-19 15:36:30,116.75675675675676
2026-02-19 15:37:00,117.07317073170732
2026-02-19 15:37:30,117.07317073170732
2026-02-19 15:38:00,116.75675675675676
2026-02-19 15:38:30,116.75675675675676
2026-02-19 15:39:00,116.44204851752022
2026-02-19 15:39:30,116.44204851752022
2026-02-19 15:40:00,116.44204851752022
2026-02-19 15:40:30,116.44204851752022
2026-02-19 15:41:00,116.44204851752022
2026-02-19 15:41:30,115.81769436997318
2026-02-19 15:42:00,115.81769436997318
2026-02-19 15:42:30,116.12903225806451
2026-02-19 15:43:00,116.44204851752022
2026-02-19 15:43:30,116.44204851752022
2026-02-19 15:44:00,116.12903225806451
2026-02-19 15:44:30,116.12903225806451
2026-02-19 15:45:00,115.81769436997318
2026-02-19 15:45:30,115.81769436997318
2026-02-19 15:46:00,115.81769436997318
2026-02-19 15:46:30,115.81769436997318
2026-02-19 15:47:00,115.81769436997318
2026-02-19 15:47:30,115.81769436997318
2026-02-19 15:48:00,115.19999999999999
2026-02-19 15:48:30,115.81769436997318
2026-02-19 15:49:00,115.50802139037434
2026-02-19 15:49:30,115.50802139037434
2026-02-19 15:50:00,115.50802139037434
2026-02-19 15:50:30,115.19999999999999
2026-02-19 15:51:00,115.19999999999999
2026-02-19 15:51:30,114.8936170212766
2026-02-19 15:52:00,114.58885941644562
2026-02-19 15:52:30,114.58885941644562
2026-02-19 15:53:00,114.58885941644562
2026-02-19 15:53:30,114.58885941644562
2026-02-19 15:54:00,113.98416886543536
2026-02-19 15:54:30,114.28571428571428
2026-02-19 15:55:00,113.98416886543536
2026-02-19 15:55:30,113.98416886543536
2026-02-19 15:56:00,113.98416886543536
2026-02-19 15:56:30,113.98416886543536
2026-02-19 15:57:00,113.98416886543536
2026-02-19 15:57:30,113.98416886543536
2026-02-19 15:58:00,113.98416886543536
2026-02-19 15:58:30,113.38582677165356
2026-02-19 15:59:00,113.38582677165356
2026-02-19 15:59:30,113.38582677165356
2026-02-19 16:00:00,113.08900523560209
2026-02-19 16:00:30,113.08900523560209
2026-02-19 16:01:00,113.38582677165356
2026-02-19 16:01:30,113.68421052631578
2026-02-19 16:02:00,113.68421052631578
2026-02-19 16:02:30,113.68421052631578
2026-02-19 16:03:00,113.68421052631578
2026-02-19 16:03:30,113.68421052631578
2026-02-19 16:04:00,113.68421052631578
2026-02-19 16:04:30,113.68421052631578
2026-02-19 16:05:00,113.38582677165356
2026-02-19 16:05:30,113.38582677165356
2026-02-19 16:06:00,113.38582677165356
2026-02-19 16:06:30,113.38582677165356
