Time,"job=""promtail""","container_id=""rskj-miner1"",exported_job=""docker-json-logs"",instance=""host.docker.internal:9080"",job=""promtail"",source=""promtail"""
2026-03-11 21:44:23,24.961606,19.276237849214944
2026-03-11 21:44:53,24.78598,19.321378096401716
2026-03-11 21:45:23,24.830214,19.365552172349496
2026-03-11 21:45:53,24.886088,19.40877687922833
2026-03-11 21:46:23,24.820654,19.45158232852648
2026-03-11 21:46:53,24.8138285,19.49344515842872
2026-03-11 21:47:23,24.428612,19.534270909912237
2026-03-11 21:47:53,14.254528,19.520039421875
2026-03-11 21:48:23,24.770184,19.55480144560244
2026-03-11 21:48:53,21.423814,19.578296566851666
2026-03-11 21:49:23,24.755248,19.61227842388583
2026-03-11 21:49:53,24.701188,19.65068690084493
2026-03-11 21:50:23,6.945578,19.60586315466206
2026-03-11 21:50:53,6.945578,19.512863998285994
2026-03-11 21:51:23,24.788612,19.460255521390376
2026-03-11 21:51:53,24.728826,19.498685259411197
2026-03-11 21:52:23,0.587059,19.438659644226163
2026-03-11 21:52:53,22.966706,19.442511640104662
2026-03-11 21:53:23,22.966706,19.46748231341521
2026-03-11 21:53:53,24.834912,19.497797367026266
2026-03-11 21:54:23,19.229742,19.533338256404285
2026-03-11 21:54:53,14.014896,19.47856474444958
2026-03-11 21:55:23,24.749462,19.50255511828204
2026-03-11 21:55:53,24.711274,19.53836286245438
2026-03-11 21:56:23,24.768236,19.573843466017216
2026-03-11 21:56:53,13.356636,19.576948898514853
2026-03-11 21:57:23,24.919932,19.584345688198482
2026-03-11 21:57:53,24.066776,19.6158575392984
2026-03-11 21:58:23,11.445298,19.630242835244815
2026-03-11 21:58:53,24.760366,19.638793277607363
2026-03-11 21:59:23,24.660408,19.66947012690466
2026-03-11 21:59:53,24.730382,19.702002107050173
2026-03-11 22:00:23,5.85151,19.674405552857756
2026-03-11 22:00:53,5.85151,19.585872916951324
2026-03-11 22:01:23,24.765056,19.538589203012304
2026-03-11 22:01:53,5.878022,19.480065606028667
2026-03-11 22:02:23,5.878022,19.394589839757018
2026-03-11 22:02:53,24.79053,19.36136035782681
2026-03-11 22:03:23,23.882854,19.394525100744723
2026-03-11 22:03:53,18.199014,19.39649989247533
2026-03-11 22:04:23,24.123292,19.39675361033919
2026-03-11 22:04:53,23.805278,19.419844692323316
2026-03-11 22:05:23,24.130166,19.4476476538151
2026-03-11 22:05:53,3.075846,19.4501372967496
2026-03-11 22:06:23,24.000206,19.42843342820104
2026-03-11 22:06:53,24.096722,19.45709550297383
2026-03-11 22:07:23,24.685069,19.48840363559322
2026-03-11 22:07:53,24.053294,19.51533975333072
2026-03-11 22:08:23,7.403264,19.489029582586674
2026-03-11 22:08:53,7.403264,19.418817931254843
2026-03-11 22:09:23,24.8253725,19.39641843492491
2026-03-11 22:09:53,24.345972,19.426749711906584
2026-03-11 22:10:23,16.716642,19.3951025616673
2026-03-11 22:10:53,24.83095,19.418096426381528
2026-03-11 22:11:23,15.588984,19.432979704365827
2026-03-11 22:11:53,24.708704,19.43017226590569
2026-03-11 22:12:23,22.255766,19.456786856531448
2026-03-11 22:12:53,24.589918,19.478804187083643
2026-03-11 22:13:23,8.66939,19.45348702410747
2026-03-11 22:13:53,9.418188,19.40538458803075
2026-03-11 22:14:23,24.7794,19.35364547524572
2026-03-11 22:14:53,24.7794,19.383111919080378
2026-03-11 22:15:23,24.80847,19.41238412945625
2026-03-11 22:15:53,24.588764,19.440312230121776
2026-03-11 22:16:23,23.829004,19.465279369967938
2026-03-11 22:16:53,18.57951,19.437670235825653
2026-03-11 22:17:23,24.852728,19.450822629362
2026-03-11 22:17:53,24.030836,19.47555087850631
2026-03-11 22:18:23,24.115328,19.501766230031393
2026-03-11 22:18:53,24.776578,19.527333882893824
2026-03-11 22:19:23,17.40194,19.521409432688987
2026-03-11 22:19:53,15.874528,19.52429390470467
2026-03-11 22:20:23,24.7842,19.526897668090193
2026-03-11 22:20:53,24.519506,19.55356256611149
2026-03-11 22:21:23,6.809892,19.49718532008793
2026-03-11 22:21:53,6.809892,19.43315120171602
2026-03-11 22:22:23,24.789074,19.420922932206228
2026-03-11 22:22:53,8.68256,19.442380544470353
2026-03-11 22:23:23,8.68256,19.388884585515413
2026-03-11 22:23:53,24.761518,19.386297261048814
2026-03-11 22:24:23,24.761518,19.412758800623568
2026-03-11 22:24:53,24.806658,19.439167470770737
2026-03-11 22:25:23,24.806658,19.465333332954177
2026-03-11 22:25:53,5.419461,19.473188826164293
2026-03-11 22:26:23,20.52495,19.440425739459283
2026-03-11 22:26:53,24.91242,19.45055514654068
2026-03-11 22:27:23,24.75095,19.476620337105516
2026-03-11 22:27:53,24.431098,19.501314352633248
2026-03-11 22:28:23,24.571274,19.525083985317334
2026-03-11 22:28:53,6.037444,19.507849391734755
2026-03-11 22:29:23,24.434802,19.47917503049734
2026-03-11 22:29:53,24.700634,19.50213876914695
2026-03-11 22:30:23,24.90486,19.525659530988534
2026-03-11 22:30:53,3.858892,19.475171070172735
2026-03-11 22:31:23,21.344142,19.469251133712003
2026-03-11 22:31:53,24.724286,19.47887934489609
2026-03-11 22:32:23,16.501836,19.497106364618194
2026-03-11 22:32:53,4.545712,19.48604725666263
2026-03-11 22:33:23,24.417052,19.47484456481761
2026-03-11 22:33:53,24.417052,19.497093397809124
2026-03-11 22:34:23,24.417052,19.519142808933374
2026-03-11 22:34:53,24.77938,19.54012700580012
2026-03-11 22:35:23,24.77938,19.563398783979864
2026-03-11 22:35:53,18.666392,19.58173015551297
2026-03-11 22:36:23,8.835478,19.545959645876135
2026-03-11 22:36:53,23.955126,19.54098578009936
2026-03-11 22:37:23,23.631478,19.560368123799826
2026-03-11 22:37:53,4.435998,19.505814717120508
2026-03-11 22:38:23,24.161568,19.464294292039227
2026-03-11 22:38:53,24.533872,19.486071766082713
2026-03-11 22:39:23,24.359498,19.507474435087218
2026-03-11 22:39:53,24.359498,19.528197770358773
2026-03-11 22:40:23,10.023458,19.500088057981287
2026-03-11 22:40:53,24.859736,19.5018422446358
2026-03-11 22:41:23,24.573148,19.52131425231937
2026-03-11 22:41:53,24.790194,19.54344000713886
2026-03-11 22:42:23,24.774456,19.564126400195146
2026-03-11 22:42:53,21.856495,19.544374558439753
2026-03-11 22:43:23,24.718016,19.54310862220072
2026-03-11 22:43:53,24.718016,19.564480761701542
2026-03-11 22:44:23,24.718016,19.585677095283796
2026-03-11 22:44:53,24.081952,19.605914918487166
2026-03-11 22:45:23,24.756918,19.62545947062823
2026-03-11 22:45:53,23.771888,19.645079034804986
2026-03-11 22:46:23,13.707248,19.62486727879687
2026-03-11 22:46:53,24.739416,19.618802990462118
2026-03-11 22:47:23,20.049646,19.63635197872625
2026-03-11 22:47:53,20.049646,19.63800427358742
2026-03-11 22:48:23,24.863008,19.644754492301566
2026-03-11 22:48:53,24.16727,19.664022986382864
2026-03-11 22:49:23,24.17958,19.68161627850935
2026-03-11 22:49:53,24.77502,19.700252714979015
2026-03-11 22:50:23,24.77502,19.72014336281683
2026-03-11 22:50:53,24.777,19.739734761452368
2026-03-11 22:51:23,9.624496,19.735276249546278
2026-03-11 22:51:53,24.761193,19.713730876420453
2026-03-11 22:52:23,24.805198,19.733269069590946
2026-03-11 22:52:53,24.816252,19.752776405048696
2026-03-11 22:53:23,24.378976,19.771772158412052
2026-03-11 22:53:53,24.533096,19.78938715780773
2026-03-11 22:54:23,24.533096,19.80741493400051
2026-03-11 22:54:53,1.51777,19.776423440307926
2026-03-11 22:55:23,24.785118,19.768987521875786
2026-03-11 22:55:53,24.747112,19.7877758881513
2026-03-11 22:56:23,24.141604,19.803052105690043
2026-03-11 22:56:53,9.138912,19.77519589992541
2026-03-11 22:57:23,24.800448,19.766711389026504
2026-03-11 22:57:53,23.886092,19.783404768879567
2026-03-11 22:58:23,19.153146,19.761306147897713
2026-03-11 22:58:53,24.283638,19.770454149314062
2026-03-11 22:59:23,24.591072,19.787165485111057
2026-03-11 22:59:53,24.591072,19.804689463156613
2026-03-11 23:00:23,22.900844,19.806908901259995
2026-03-11 23:00:53,23.62069,19.799134800458713
2026-03-11 23:01:23,6.928148,19.78264503524176
2026-03-11 23:01:53,24.813356,19.73856242653404
2026-03-11 23:02:23,11.67947,19.71909582577024
2026-03-11 23:02:53,24.713362,19.72300988445978
2026-03-11 23:03:23,15.282648,19.721465602442496
2026-03-11 23:03:53,24.77456,19.71694700508034
2026-03-11 23:04:23,16.233082,19.705285093595478
2026-03-11 23:04:53,4.307934,19.67260869673862
2026-03-11 23:05:23,24.764856,19.673645151157352
2026-03-11 23:05:53,24.745518,19.691427028541472
2026-03-11 23:06:23,24.745518,19.709028924193174
2026-03-11 23:06:53,18.9013815,19.707773370546043
2026-03-11 23:07:23,8.177652,19.678678075974172
2026-03-11 23:07:53,24.866116,19.671171813304227
2026-03-11 23:08:23,24.866116,19.689015679299292
2026-03-11 23:08:53,24.493018,19.705843378023733
2026-03-11 23:09:23,23.806692,19.721919887991813
2026-03-11 23:09:53,3.806284,19.702015355281052
2026-03-11 23:10:23,13.918236,19.673331545629097
2026-03-11 23:10:53,9.240538,19.66895041749212
2026-03-11 23:11:23,24.80538,19.670522025016826
2026-03-11 23:11:53,24.80538,19.687745385845258
2026-03-11 23:12:23,24.80538,19.70485359159795
2026-03-11 23:12:53,17.18412,19.71411271379387
2026-03-11 23:13:23,16.040904,19.694930312486164
2026-03-11 23:13:53,24.722524,19.68269698356134
2026-03-11 23:14:23,24.821802,19.699475596107323
2026-03-11 23:14:53,21.739294,19.71398544991232
2026-03-11 23:15:23,16.191386,19.702562707996503
2026-03-11 23:15:53,23.532796,19.698808502068815
2026-03-11 23:16:23,10.23072,19.690103800195356
2026-03-11 23:16:53,24.96265,19.681716252163568
2026-03-11 23:17:23,24.96265,19.698799281324135
2026-03-11 23:17:53,24.15862,19.71407703493121
2026-03-11 23:18:23,24.382478,19.728649842404113
2026-03-11 23:18:53,24.19666,19.704834902071763
2026-03-11 23:19:23,24.067044,19.718876119970194
2026-03-11 23:19:53,15.406312,19.724247263688458
2026-03-11 23:20:23,17.420458,19.716214160884284
2026-03-11 23:20:53,17.420458,19.708952173871786
2026-03-11 23:21:23,23.854438,19.71272299527013
2026-03-11 23:21:53,20.2322475,19.693628685771163
2026-03-11 23:22:23,24.758778,19.709500262899518
2026-03-11 23:22:53,24.489565,19.72504089723032
2026-03-11 23:23:23,0.30699,19.72371638457546
2026-03-11 23:23:53,0.30699,19.663440950848507
2026-03-11 23:24:23,8.235202,19.645872383845678
2026-03-11 23:24:53,15.116854,19.6331651089058
2026-03-11 23:25:23,14.540348,19.619038047467704
2026-03-11 23:25:53,24.788488,19.631746456970564
2026-03-11 23:26:23,24.717906,19.647351657937637
2026-03-11 23:26:53,13.704574,19.651625643539212
2026-03-11 23:27:23,4.218776,19.623144286510026
2026-03-11 23:27:53,4.218776,19.57648323556139
2026-03-11 23:28:23,4.218776,19.53010401097242
2026-03-11 23:28:53,15.41652,19.506412712665597
2026-03-11 23:29:23,22.0531175,19.481348341304784
2026-03-11 23:29:53,24.844396,19.496459226556265
2026-03-11 23:30:23,24.844396,19.51241686562562
2026-03-11 23:30:53,24.844396,19.52827955642602
2026-03-11 23:31:23,24.166114,19.543893149396872
2026-03-11 23:31:53,24.351258,19.557909746549683
2026-03-11 23:32:23,10.084734,19.53238582986043
2026-03-11 23:32:53,14.031008,19.5186177625441
2026-03-11 23:33:23,24.778292,19.527735069865155
2026-03-11 23:33:53,24.778292,19.543081592459078
2026-03-11 23:34:23,24.1975,19.55770198533126
2026-03-11 23:34:53,17.82694,19.56838049641612
2026-03-11 23:35:23,5.028508,19.52625221991501
2026-03-11 23:35:53,5.028508,19.484367365658706
2026-03-11 23:36:23,24.708508,19.47484981419243
2026-03-11 23:36:53,23.554484,19.488028390367674
2026-03-11 23:37:23,24.778848,19.500148360607216
2026-03-11 23:37:53,15.853732,19.491934872715156
2026-03-11 23:38:23,24.61803,19.47561080074046
2026-03-11 23:38:53,23.749542,19.48821749744415
2026-03-11 23:39:23,24.136922,19.501175459599775
2026-03-11 23:39:53,24.095259499999997,19.51454871884413
2026-03-11 23:40:23,12.100746,19.50266138117139
2026-03-11 23:40:53,12.100746,19.481877268345187
2026-03-11 23:41:23,24.309108,19.474883279727457
2026-03-11 23:41:53,24.309108,19.488381673399104
2026-03-11 23:42:23,4.582364,19.480357411639133
2026-03-11 23:42:53,24.72101,19.448309413457977
2026-03-11 23:43:23,24.565046,19.46283441932804
2026-03-11 23:43:53,24.135583500000003,19.47528610134389
2026-03-11 23:44:23,24.765976,19.4899088020011
2026-03-11 23:44:53,23.899594,19.504251460362504
2026-03-11 23:45:23,16.657354,19.512913790578782
2026-03-11 23:45:53,16.657354,19.50511455589949
2026-03-11 23:46:23,24.862408,19.498847740148904
2026-03-11 23:46:53,24.862408,19.513417353314015
2026-03-11 23:47:23,24.84547,19.527889672566374
2026-03-11 23:47:53,21.054802,19.54067031141931
2026-03-11 23:48:23,5.545838,19.50862955649362
2026-03-11 23:48:53,24.878222,19.478035306162667
2026-03-11 23:49:23,24.781362,19.492395358048952
2026-03-11 23:49:53,24.781362,19.506531940306484
2026-03-11 23:50:23,24.837412,19.52075847698596
2026-03-11 23:50:53,24.748134,19.53486976479972
2026-03-11 23:51:23,18.30569,19.52673453349832
2026-03-11 23:51:53,21.687392,19.531256123413257
2026-03-11 23:52:23,24.815976,19.538593522771233
2026-03-11 23:52:53,12.860619,19.5426365443704
2026-03-11 23:53:23,17.28704,19.529287856568132
2026-03-11 23:53:53,24.353634,19.542234695743197
2026-03-11 23:54:23,24.754236,19.555803465286235
2026-03-11 23:54:53,24.827917499999998,19.56925774678931
2026-03-11 23:55:23,24.824156,19.583105114592346
2026-03-11 23:55:53,24.84511,19.596694558011052
2026-03-11 23:56:23,23.357802,19.609061334251766
2026-03-11 23:56:53,10.493764,19.588600476296804
2026-03-11 23:57:23,24.955544,19.575138864656502
2026-03-11 23:57:53,24.716772,19.588624046992482
2026-03-11 23:58:23,24.572814,19.601636896369524
2026-03-11 23:58:53,24.398864,19.612988420775245
2026-03-11 23:59:23,24.398864,19.625162091063252
2026-03-11 23:59:53,15.609632,19.630320520805142
2026-03-12 00:00:23,24.84607,19.627157646364097
2026-03-12 00:00:53,24.922926,19.640468092898015
2026-03-12 00:01:23,12.874485,19.613701733254995
2026-03-12 00:01:53,24.709454,19.625943873241795
2026-03-12 00:02:23,24.874016,19.638888694170703
2026-03-12 00:02:53,18.037202,19.64900491302899
2026-03-12 00:03:23,4.475438,19.640763733754362
2026-03-12 00:03:53,24.976968,19.643501828580902
2026-03-12 00:04:23,24.699226,19.65593136398214
2026-03-12 00:04:53,24.646704999999997,19.668405012372155
2026-03-12 00:05:23,13.695002500000001,19.66445606483462
2026-03-12 00:05:53,24.920594,19.658854001969797
2026-03-12 00:06:23,23.835572,19.67044536187981
2026-03-12 00:06:53,24.154028,19.68132690836328
2026-03-12 00:07:23,23.740314,19.693165284503827
2026-03-12 00:07:53,16.169341,19.677844791124837
2026-03-12 00:08:23,18.937292,19.676043543862495
2026-03-12 00:08:53,1.356462,19.6710477512132
2026-03-12 00:09:23,1.356462,19.62671681910602
2026-03-12 00:09:53,24.777922,19.59012348824855
2026-03-12 00:10:23,24.801624,19.60263732102136
2026-03-12 00:10:53,23.992236,19.614771447933354
2026-03-12 00:11:23,18.010026,19.603189533003036
2026-03-12 00:11:53,24.810118,19.592057427933675
2026-03-12 00:12:23,24.362697,19.603420226817242
2026-03-12 00:12:53,23.171598,19.614419988257694
2026-03-12 00:13:23,3.431556,19.616293470476492
2026-03-12 00:13:53,24.5899015,19.58463611560328
2026-03-12 00:14:23,12.5111765,19.571124640932723
2026-03-12 00:14:53,24.806218,19.57301171439799
2026-03-12 00:15:23,17.805406,19.57475624462914
2026-03-12 00:15:53,24.759284,19.580395269712138
2026-03-12 00:16:23,24.08544,19.591310538161387
2026-03-12 00:16:53,13.6617785,19.596217963562754
2026-03-12 00:17:23,24.836448,19.57678551203977
2026-03-12 00:17:53,22.49326,19.587994676689398
2026-03-12 00:18:23,13.627818,19.576911985155405
2026-03-12 00:18:53,24.429984,19.58704781934588
2026-03-12 00:19:23,24.724518,19.598296987224874
2026-03-12 00:19:53,24.703276,19.61009188083538
2026-03-12 00:20:23,5.567134,19.610373618814155
2026-03-12 00:20:53,5.567134,19.578174200550293
2026-03-12 00:21:23,24.7179595,19.578171333689188
2026-03-12 00:21:53,7.67772,19.567571350273887
2026-03-12 00:22:23,24.289172,19.567386503871262
2026-03-12 00:22:53,24.124824,19.578570143441382
2026-03-12 00:23:23,3.60372,19.572544127096872
2026-03-12 00:23:53,24.302488,19.55368316676719
2026-03-12 00:24:23,23.719238,19.563083395817664
2026-03-12 00:24:53,24.295022,19.57387477154008
2026-03-12 00:25:23,24.295022,19.58448091328441
2026-03-12 00:25:53,11.446494,19.588581497609088
2026-03-12 00:26:23,11.446494,19.570371968391232
2026-03-12 00:26:53,24.818828,19.55423304611723
2026-03-12 00:27:23,9.3277415,19.533756827964968
2026-03-12 00:27:53,24.800834,19.530587143661137
2026-03-12 00:28:23,21.231348,19.5375148210433
2026-03-12 00:28:53,0.426048,19.51800100619286
2026-03-12 00:29:23,24.672364,19.508762361041637
2026-03-12 00:29:53,24.84307,19.52017018305931
2026-03-12 00:30:23,9.810684,19.524409663834774
2026-03-12 00:30:53,21.21434,19.51379628851213
2026-03-12 00:31:23,24.804811,19.524860487676825
2026-03-12 00:31:53,24.638676,19.53513482596042
2026-03-12 00:32:23,24.72562,19.54640191549296
2026-03-12 00:32:53,24.78722,19.557733684729065
2026-03-12 00:33:23,24.165636,19.568535013445135
2026-03-12 00:33:53,24.518364,19.579002004327755
2026-03-12 00:34:23,24.730054,19.589834698287028
2026-03-12 00:34:53,22.646768,19.590279097529447
2026-03-12 00:35:23,3.091668,19.581688279919735
2026-03-12 00:35:53,12.212314,19.558704274313502
2026-03-12 00:36:23,23.7489425,19.55374200941915
2026-03-12 00:36:53,23.846074,19.54039740686414
2026-03-12 00:37:23,23.661258,19.54954908128464
2026-03-12 00:37:53,23.908538,19.558750765031196
2026-03-12 00:38:23,24.767208,19.568955401867836
2026-03-12 00:38:53,23.926982,19.579490968794126
2026-03-12 00:39:23,3.284248,19.5769971162463
2026-03-12 00:39:53,6.874962,19.55295709786277
2026-03-12 00:40:23,24.431964,19.563615355970253
2026-03-12 00:40:53,24.394034,19.57380610459255
2026-03-12 00:41:23,15.06975,19.582748183875925
2026-03-12 00:41:53,15.06975,19.57330939793642
2026-03-12 00:42:23,24.326644,19.57369376610547
2026-03-12 00:42:53,17.469638,19.582622466537075
2026-03-12 00:43:23,24.185272,19.58100670001386
2026-03-12 00:43:53,17.623186,19.58755017961836
2026-03-12 00:44:23,18.964048,19.581488081688974
2026-03-12 00:44:53,21.17153,19.582948524648856
2026-03-12 00:45:23,24.18333325,19.59014107674866
2026-03-12 00:45:53,21.572196,19.596907839344485
2026-03-12 00:46:23,24.933929499999998,19.60628197502395
2026-03-12 00:46:53,24.865196,19.61702079138214
2026-03-12 00:47:23,24.756554,19.627655258211803
2026-03-12 00:47:53,24.866256,19.638171198653428
2026-03-12 00:48:23,18.331058,19.64445760207683
2026-03-12 00:48:53,24.766036,19.644839805946898
2026-03-12 00:49:23,24.940514,19.655307376030827
2026-03-12 00:49:53,24.940514,19.666003287978956
2026-03-12 00:50:23,24.700708,19.676392952134105
2026-03-12 00:50:53,14.246586,19.67877382000806
2026-03-12 00:51:23,19.816096,19.67817076324259
2026-03-12 00:51:53,24.681696,19.685010903573342
2026-03-12 00:52:23,24.928156,19.695341408240953
2026-03-12 00:52:53,24.541278,19.705337012063453
2026-03-12 00:53:23,15.16273,19.710431172209656
2026-03-12 00:53:53,24.774578,19.688964423858206
2026-03-12 00:54:23,24.822831,19.699098937392343
2026-03-12 00:54:53,24.734734,19.689764025191746
2026-03-12 00:55:23,24.7694015,19.699751427807836
2026-03-12 00:55:53,24.7421955,19.709932799064802
2026-03-12 00:56:23,14.054228,19.712111278230577
2026-03-12 00:56:53,20.4360455,19.70286516130937
2026-03-12 00:57:23,24.611214500000003,19.712246037121908
2026-03-12 00:57:53,6.161266,19.714933306129115
2026-03-12 00:58:23,6.161266,19.688416414308076
2026-03-12 00:58:53,23.985388,19.66780368959906
2026-03-12 00:59:23,15.81452,19.67219460939327
2026-03-12 00:59:53,20.06012,19.669981744878115
2026-03-12 01:00:23,24.724844,19.676776013524005
2026-03-12 01:00:53,24.751524,19.686568328016016
2026-03-12 01:01:23,24.77621,19.696376942439088
2026-03-12 01:01:53,23.927558,19.689783868309316
2026-03-12 01:02:23,2.164538,19.691931668742775
2026-03-12 01:02:53,22.329821,19.68012797084081
2026-03-12 01:03:23,24.629764,19.68978650601254
2026-03-12 01:03:53,24.629764,19.699247647791115
2026-03-12 01:04:23,23.863282,19.708076586912195
2026-03-12 01:04:53,14.471608,19.71122914252099
2026-03-12 01:05:23,24.037852,19.70307312485718
2026-03-12 01:05:53,24.873424,19.71210612956158
2026-03-12 01:06:23,24.873424,19.72189742437081
2026-03-12 01:06:53,13.411639000000001,19.70843441662459
2026-03-12 01:07:23,24.344836,19.71265640840368
2026-03-12 01:07:53,24.797466,19.721522989625253
2026-03-12 01:08:23,4.86999,19.705458017760765
2026-03-12 01:08:53,4.86999,19.677578786958154
2026-03-12 01:09:23,24.78292,19.67717357877954
2026-03-12 01:09:53,24.249164,19.686397592299052
2026-03-12 01:10:23,24.834246,19.694996891927246
2026-03-12 01:10:53,24.783008,19.704499831820442
2026-03-12 01:11:23,15.233422,19.709600542323443
2026-03-12 01:11:53,11.314726,19.69332712840684
2026-03-12 01:12:23,24.806696,19.682646594101644
2026-03-12 01:12:53,24.867044,19.69133249722291
2026-03-12 01:13:23,24.290147,19.70073824596526
2026-03-12 01:13:53,24.058930500000002,19.70837065734137
2026-03-12 01:14:23,24.40709,19.717429097275073
2026-03-12 01:14:53,1.723216,19.699491454361677
2026-03-12 01:15:23,1.723216,19.666515530206677
2026-03-12 01:15:53,24.2935385,19.671563946228027
2026-03-12 01:16:23,10.1723105,19.66257903929572
2026-03-12 01:16:53,19.742206,19.657173163403066
2026-03-12 01:17:23,24.747652,19.660062564829428
2026-03-12 01:17:53,24.514392,19.668894094098402
2026-03-12 01:18:23,23.750868,19.677241537014638
2026-03-12 01:18:53,23.770218,19.6846346995291
2026-03-12 01:19:23,21.63088,19.6899668739906
2026-03-12 01:19:53,21.655102,19.696565046739654
2026-03-12 01:20:23,12.775018,19.695057481746126
2026-03-12 01:20:53,24.744118,19.696045602073845
2026-03-12 01:21:23,16.801888,19.69505902853895
2026-03-12 01:21:53,24.143478,19.699242610547063
2026-03-12 01:22:23,24.842438,19.693067293370692
2026-03-12 01:22:53,15.701343,19.69841211074744
2026-03-12 01:23:23,9.355122,19.680652821492217
2026-03-12 01:23:53,24.751938,19.687900920955883
2026-03-12 01:24:23,23.7996,19.69645501994791
2026-03-12 01:24:53,23.88917,19.703770720101634
2026-03-12 01:25:23,2.394624,19.685542287778695
2026-03-12 01:25:53,24.776348,19.673449529145078
2026-03-12 01:26:23,13.599462,19.665519302985775
2026-03-12 01:26:53,24.805492,19.670634973539077
2026-03-12 01:27:23,19.566304,19.67442847106712
2026-03-12 01:27:53,24.724332,19.6801518438377
2026-03-12 01:28:23,16.265618,19.679363133477295
2026-03-12 01:28:53,16.265618,19.67339643841762
2026-03-12 01:29:23,24.78309,19.677744270617655
2026-03-12 01:29:53,3.31221,19.668764996226194
2026-03-12 01:30:23,24.060726,19.6654351725397
2026-03-12 01:30:53,24.060726,19.673064119821802
2026-03-12 01:31:23,20.757664,19.678651927284278
2026-03-12 01:31:53,7.666306,19.66703472687961
2026-03-12 01:32:23,24.577084,19.666700443248534
2026-03-12 01:32:53,24.486438,19.67513214921857
2026-03-12 01:33:23,13.179408,19.674462035161177
2026-03-12 01:33:53,23.347742,19.680189821747593
2026-03-12 01:34:23,24.918306,19.68791564713616
2026-03-12 01:34:53,24.756402,19.696703448927188
2026-03-12 01:35:23,11.144824,19.703014435285404
2026-03-12 01:35:53,24.508762,19.688097440229754
2026-03-12 01:36:23,24.79661,19.69635697700693
2026-03-12 01:36:53,24.763538,19.704982050158694
2026-03-12 01:37:23,24.035454,19.713097910433405
2026-03-12 01:37:53,24.858552,19.69866886460687
2026-03-12 01:38:23,5.13484,19.689206873407013
2026-03-12 01:38:53,24.788619500000003,19.68458677263004
2026-03-12 01:39:23,24.335274,19.686484323086432
2026-03-12 01:39:53,21.475081,19.692428091281418
2026-03-12 01:40:23,20.903214,19.69446256967626
2026-03-12 01:40:53,24.876632,19.701822476571238
2026-03-12 01:41:23,24.604912,19.708919027743665
2026-03-12 01:41:53,24.604912,19.717104481888097
2026-03-12 01:42:23,1.695176,19.71978739473684
2026-03-12 01:42:53,24.664798,19.703968011830707
2026-03-12 01:43:23,21.835408,19.70085007968282
2026-03-12 01:43:53,18.71377,19.704177426871123
2026-03-12 01:44:23,24.706262,19.70386007002321
2026-03-12 01:44:53,24.706262,19.71214036454425
2026-03-12 01:45:23,13.792504,19.71105482918365
2026-03-12 01:45:53,22.5,19.70105313693357
2026-03-12 01:46:23,24.705858,19.707116533326012
2026-03-12 01:46:53,24.768198,19.71549426912958
2026-03-12 01:47:23,24.572386,19.723532007113935
2026-03-12 01:47:53,2.352166,19.725428627622378
2026-03-12 01:48:23,24.93434,19.7117812080288
2026-03-12 01:48:53,24.93434,19.720312942060552
2026-03-12 01:49:23,24.838422,19.728785558334238
2026-03-12 01:49:53,24.713622,19.73696485529744
2026-03-12 01:50:23,23.725832,19.740639930529966
2026-03-12 01:50:53,24.8086965,19.729291166414196
2026-03-12 01:51:23,24.8208645,19.737448130063736
2026-03-12 01:51:53,24.583786,19.745337267903366
2026-03-12 01:52:23,24.7091435,19.75305984688274
2026-03-12 01:52:53,24.832872,19.761251330681574
2026-03-12 01:53:23,24.639994,19.769186366856285
2026-03-12 01:53:53,24.83543,19.77710245499357
2026-03-12 01:54:23,20.930399,19.77317738985771
2026-03-12 01:54:53,24.756698999999998,19.780763629673146
2026-03-12 01:55:23,23.997156,19.787810113575773
2026-03-12 01:55:53,11.965684,19.788075527576662
2026-03-12 01:56:23,24.2738595,19.79079906537685
2026-03-12 01:56:53,24.13031,19.798444952982383
2026-03-12 01:57:23,14.023364,19.79581941549221
2026-03-12 01:57:53,14.023364,19.786658726618704
2026-03-12 01:58:23,24.895826,19.794197398436673
2026-03-12 01:58:53,24.759382,19.802154599557056
2026-03-12 01:59:23,20.740718,19.79392241960619
2026-03-12 01:59:53,24.729782,19.80007034283011
2026-03-12 02:00:23,21.240636,19.804689996221267
2026-03-12 02:00:53,6.681574,19.797756210857262
2026-03-12 02:01:23,24.77014,19.7894725387674
2026-03-12 02:01:53,24.820452,19.797309133409946
2026-03-12 02:02:23,16.4548905,19.78600525795348
2026-03-12 02:02:53,24.84445,19.789530303478443
2026-03-12 02:03:23,24.809846,19.797364278673182
2026-03-12 02:03:53,24.277218,19.805075082848834
2026-03-12 02:04:23,24.233372,19.81235731284337
2026-03-12 02:04:53,13.404816,19.799792531359966
2026-03-12 02:05:23,24.815898,19.802261448692775
2026-03-12 02:05:53,22.929286,19.80895663134544
2026-03-12 02:06:23,24.463441500000002,19.81544894529721
2026-03-12 02:06:53,24.567323000000002,19.822739456284715
2026-03-12 02:07:23,24.431738,19.830127227893602
2026-03-12 02:07:53,12.28805,19.83029649107875
2026-03-12 02:08:23,21.6482075,19.83371234647282
2026-03-12 02:08:53,23.944954,19.840816213964423
2026-03-12 02:09:23,24.874512,19.84782139267123
2026-03-12 02:09:53,11.658342,19.83820296728496
2026-03-12 02:10:23,24.851942,19.839143039076017
2026-03-12 02:10:53,23.841192,19.8441592614306
2026-03-12 02:11:23,14.324576,19.844170239119407
2026-03-12 02:11:53,23.747918,19.837960933448137
2026-03-12 02:12:23,23.682844,19.84380733721048
2026-03-12 02:12:53,24.650142,19.850366111290647
2026-03-12 02:13:23,24.051301000000002,19.857381159624886
2026-03-12 02:13:53,20.763374,19.850864663612565
2026-03-12 02:14:23,24.345634,19.85550823494521
2026-03-12 02:14:53,24.724908,19.860027646356155
2026-03-12 02:15:23,23.874892,19.86725131973539
2026-03-12 02:15:53,19.440428999999998,19.853220175340272
2026-03-12 02:16:23,24.6717,19.859799623263715
2026-03-12 02:16:53,9.972774,19.864277320894033
2026-03-12 02:17:23,6.97524,19.849132108398926
2026-03-12 02:17:53,24.16262,19.838470401114208
2026-03-12 02:18:23,24.2363775,19.844913457037848
2026-03-12 02:18:53,17.247886,19.84920969053759
2026-03-12 02:19:23,12.006452,19.837818123898185
2026-03-12 02:19:53,24.42449,19.83848168087421
2026-03-12 02:20:23,23.831736,19.844659839044137
2026-03-12 02:20:53,23.635694,19.850373085288897
2026-03-12 02:21:23,24.717738,19.857296914344786
2026-03-12 02:21:53,24.735678,19.85772439707039
2026-03-12 02:22:23,24.773983,19.864910772749585
2026-03-12 02:22:53,3.6695,19.85851497000588
2026-03-12 02:23:23,7.809565,19.834838601644318
2026-03-12 02:23:53,18.7852345,19.833060310203283
2026-03-12 02:24:23,24.711774,19.840351287986728
2026-03-12 02:24:53,24.635234,19.847456945819527
2026-03-12 02:25:23,7.286628,19.838847749537802
2026-03-12 02:25:53,9.507468,19.826312444811503
2026-03-12 02:26:23,24.705558,19.81424428854177
2026-03-12 02:26:53,24.705558,19.821352378608797
2026-03-12 02:27:23,2.276538,19.81278711657154
2026-03-12 02:27:53,24.667926,19.801535457496136
2026-03-12 02:28:23,1.785062,19.80227701302209
2026-03-12 02:28:53,23.849044,19.791775538720866
2026-03-12 02:29:23,24.116708,19.787780915552563
2026-03-12 02:29:53,23.685178,19.793913750864387
2026-03-12 02:30:23,24.768382,19.800186867747197
2026-03-12 02:30:53,13.920638,19.799998847251487
2026-03-12 02:31:23,17.454084,19.795913024768097
2026-03-12 02:31:53,23.766992,19.80048532524828
2026-03-12 02:32:23,24.855952,19.807404856107564
2026-03-12 02:32:53,24.855952,19.814615692820414
2026-03-12 02:33:23,24.855952,19.821805960444994
2026-03-12 02:33:53,24.715108,19.828828014432208
2026-03-12 02:34:23,24.73749,19.83578155228975
2026-03-12 02:34:53,1.087086,19.816453123366788
2026-03-12 02:35:23,7.398184,19.806368445494943
2026-03-12 02:35:53,24.743506,19.796170421544563
2026-03-12 02:36:23,24.743506,19.80316674790233
2026-03-12 02:36:53,24.724192,19.810134222839388
2026-03-12 02:37:23,24.59039,19.81687520588512
2026-03-12 02:37:53,24.776526,19.823690886687945
2026-03-12 02:38:23,4.933638,19.824026312458983
2026-03-12 02:38:53,4.933638,19.803116761374277
2026-03-12 02:39:23,24.431881,19.805396249602694
2026-03-12 02:39:53,6.401079,19.804021386295744
2026-03-12 02:40:23,12.824946,19.794262261582922
2026-03-12 02:40:53,24.76468,19.7945338927574
2026-03-12 02:41:23,24.731174,19.801089392860465
2026-03-12 02:41:53,3.721654,19.792546578722614
2026-03-12 02:42:23,3.721654,19.770198994715862
2026-03-12 02:42:53,24.908016,19.770468851046104
2026-03-12 02:43:23,6.695596,19.75952050624018
2026-03-12 02:43:53,24.743236,19.74726126255539
2026-03-12 02:44:23,24.711468,19.75412758366369
2026-03-12 02:44:53,24.719498,19.760974956729886
2026-03-12 02:45:23,10.026678,19.747148920842143
2026-03-12 02:45:53,24.703198,19.746011218325375
2026-03-12 02:46:23,24.983979,19.753047473961676
2026-03-12 02:46:53,24.13242,19.75989341425563
2026-03-12 02:47:23,23.923618,19.765613471838712
2026-03-12 02:47:53,24.891084,19.77242357619613
2026-03-12 02:48:23,24.891084,19.779424570666546
2026-03-12 02:48:53,24.786282,19.78632463435622
2026-03-12 02:49:23,24.786282,19.79314461803219
2026-03-12 02:49:53,24.681732,19.799935751407556
2026-03-12 02:50:23,24.910906,19.80670114432756
2026-03-12 02:50:53,16.65933,19.80947046409165
2026-03-12 02:51:23,23.888842999999998,19.81419853671882
2026-03-12 02:51:53,23.550786,19.81926074878071
2026-03-12 02:52:23,24.756206,19.82559002060972
2026-03-12 02:52:53,8.952204,19.825918053278688
2026-03-12 02:53:23,24.419098,19.828637353827474
2026-03-12 02:53:53,23.567332,19.834621731270214
2026-03-12 02:54:23,17.277792,19.837214707499776
2026-03-12 02:54:53,23.10847,19.84248279112166
2026-03-12 02:55:23,12.140224,19.840958049968688
2026-03-12 02:55:53,24.907696,19.838052184819517
2026-03-12 02:56:23,24.814906,19.84477046109574
2026-03-12 02:56:53,24.907836,19.851377717118158
2026-03-12 02:57:23,20.070498,19.851913488431077
2026-03-12 02:57:53,8.683518,19.84989034105048
2026-03-12 02:58:23,22.062754,19.85046332453182
2026-03-12 02:58:53,24.750488,19.854714955194115
2026-03-12 02:59:23,23.5436,19.86020851071081
2026-03-12 02:59:53,20.665668,19.851320901387908
2026-03-12 03:00:23,20.312793,19.85786555835614
2026-03-12 03:00:53,20.312793,19.8639874157556
2026-03-12 03:01:23,20.540309999999998,19.870455691423793
2026-03-12 03:01:53,10.077573,19.870746104247274
2026-03-12 03:02:23,10.077573,19.85884977496268
2026-03-12 03:02:53,20.550069,19.847597065558677
2026-03-12 03:03:23,19.874961,19.853595376675134
2026-03-12 03:03:53,20.192431499999998,19.859019746982153
2026-03-12 03:04:23,19.751115,19.864308200008736
2026-03-12 03:04:53,24.617406,19.870374982332926
2026-03-12 03:05:23,5.509346,19.86595338542302
2026-03-12 03:05:53,24.744754,19.848888148494606
2026-03-12 03:06:23,12.696838,19.838284193664727
2026-03-12 03:06:53,23.819384,19.835676552898803
2026-03-12 03:07:23,24.6729,19.8413738939499
2026-03-12 03:07:53,23.17203,19.847310287352837
2026-03-12 03:08:23,8.783232,19.838463886011933
2026-03-12 03:08:53,24.781164,19.842133408349163
2026-03-12 03:09:23,24.552310666666667,19.84843031003708
2026-03-12 03:09:53,6.969512,19.848705148682395
2026-03-12 03:10:23,6.969512,19.832089693515094
2026-03-12 03:10:53,24.74663,19.82315847573441
2026-03-12 03:11:23,22.30089,19.82771254649567
2026-03-12 03:11:53,24.76041,19.833419529172378
2026-03-12 03:12:23,0.042584,19.821729010909557
2026-03-12 03:12:53,8.596004,19.808025154204408
2026-03-12 03:13:23,24.896578,19.798540788896474
2026-03-12 03:13:53,16.681098000000002,19.78799054206444
2026-03-12 03:14:23,22.938936,19.788778134204478
2026-03-12 03:14:53,24.759748,19.795202831788814
2026-03-12 03:15:23,24.485466,19.801263744799186
2026-03-12 03:15:53,23.78206,19.806981142596676
2026-03-12 03:16:23,24.902468,19.81236334051834
2026-03-12 03:16:53,16.079106,19.81681024560142
2026-03-12 03:17:23,24.715936666666668,19.814631236588664
2026-03-12 03:17:53,19.96409,19.816806606268983
2026-03-12 03:18:23,24.59289,19.8189897367911
2026-03-12 03:18:53,20.332482,19.81148940914829
2026-03-12 03:19:23,20.332482,19.81214628809784
2026-03-12 03:19:53,24.5144,19.817588277241438
2026-03-12 03:20:23,13.964318,19.822739455982227
2026-03-12 03:20:53,23.758156,19.820092222031484
2026-03-12 03:21:23,10.662318,19.81627306728276
2026-03-12 03:21:53,1.925808,19.81153297464918
2026-03-12 03:22:23,18.155158,19.80441156815717
2026-03-12 03:22:53,24.866806,19.802629950133312
2026-03-12 03:23:23,24.502508,19.808617747649162
2026-03-12 03:23:53,23.769252,19.814386124958446
2026-03-12 03:24:23,6.463722,19.805262430439114
2026-03-12 03:24:53,24.637514,19.810570604253027
2026-03-12 03:25:23,24.46991733333333,19.816544998219758
2026-03-12 03:25:53,11.668642,19.809530418417136
2026-03-12 03:26:23,10.510564,19.80130114450318
2026-03-12 03:26:53,10.510564,19.789804604561954
2026-03-12 03:27:23,15.026343333333333,19.77833648154404
2026-03-12 03:27:53,1.446272,19.774817740906848
2026-03-12 03:28:23,9.01064,19.760576183570315
2026-03-12 03:28:53,24.813822,19.74928540457232
2026-03-12 03:29:23,18.38438,19.74839334569976
2026-03-12 03:29:53,24.544796,19.752519171429743
2026-03-12 03:30:23,24.741438,19.758438510386846
2026-03-12 03:30:53,24.561486,19.764529430199314
2026-03-12 03:31:23,17.617856,19.76572006743086
2026-03-12 03:31:53,24.017218,19.76830934863918
2026-03-12 03:32:23,24.401052,19.773687273663224
2026-03-12 03:32:53,24.401052,19.779329483945702
2026-03-12 03:33:23,24.728158,19.7851969672404
2026-03-12 03:33:53,24.728158,19.79120932658936
2026-03-12 03:34:23,3.704624,19.784489400704626
2026-03-12 03:34:53,23.85464,19.77583718892574
2026-03-12 03:35:23,14.718552,19.772417333723844
2026-03-12 03:35:53,24.465266,19.772198835902195
2026-03-12 03:36:23,14.913148,19.775866718908677
2026-03-12 03:36:53,16.107552,19.771330979351152
2026-03-12 03:37:23,24.78234,19.77074841517247
2026-03-12 03:37:53,24.724458,19.77676458966431
2026-03-12 03:38:23,23.638112,19.78213663595893
2026-03-12 03:38:53,23.638112,19.78677047912995
2026-03-12 03:39:23,24.129342,19.79186489241418
2026-03-12 03:39:53,24.129342,19.797064872961958
2026-03-12 03:40:23,4.331566,19.78219913957851
2026-03-12 03:40:53,23.956196,19.783279380202522
2026-03-12 03:41:23,11.697292,19.78202679648801
2026-03-12 03:41:53,11.697292,19.772380676384028
2026-03-12 03:42:23,24.772806,19.77729622177644
2026-03-12 03:42:53,24.750418,19.783228101055386
2026-03-12 03:43:23,24.750418,19.789133454822856
2026-03-12 03:43:53,24.597548,19.794888571841355
2026-03-12 03:44:23,24.707324,19.800671575828257
2026-03-12 03:44:53,3.552162,19.791910259872058
2026-03-12 03:45:23,3.552162,19.772694654926244
2026-03-12 03:45:53,24.803418,19.776128626418217
2026-03-12 03:46:23,14.119026,19.78103245164083
2026-03-12 03:46:53,14.119026,19.774356606901428
2026-03-12 03:47:23,24.80673,19.780337305723485
2026-03-12 03:47:53,24.931328,19.78628452203576
2026-03-12 03:48:23,24.761032,19.79222941372288
2026-03-12 03:48:53,24.7318,19.798066396260367
2026-03-12 03:49:23,24.925522,19.803925161131517
2026-03-12 03:49:53,24.925522,19.809921410942867
2026-03-12 03:50:23,24.779438,19.815880859047322
2026-03-12 03:50:53,24.713426,19.821699000700825
2026-03-12 03:51:23,21.824332,19.82215592385471
2026-03-12 03:51:53,16.421236,19.81369251514916
2026-03-12 03:52:23,16.421236,19.80974381896485
2026-03-12 03:52:53,24.810092,19.81295648356844
2026-03-12 03:53:23,24.879626,19.81882405659209
2026-03-12 03:53:53,23.275824,19.824353786034642
2026-03-12 03:54:23,23.740952,19.82860403313509
2026-03-12 03:54:53,8.731334,19.819321425397312
2026-03-12 03:55:23,23.940418,19.82102471896432
2026-03-12 03:55:53,24.80141,19.826277823891626
2026-03-12 03:56:23,24.707224,19.831979065733837
2026-03-12 03:56:53,24.707224,19.83759484472431
2026-03-12 03:57:23,24.752462,19.843227195750558
2026-03-12 03:57:53,12.499154,19.84034124325774
2026-03-12 03:58:23,9.99751,19.840348967857963
2026-03-12 03:58:53,24.829724,19.84096780767467
2026-03-12 03:59:23,24.829724,19.846681432389094
2026-03-12 03:59:53,24.245448,19.852050846934105
2026-03-12 04:00:23,9.891588,19.84839431286661
2026-03-12 04:00:53,24.790938,19.841218770278495
2026-03-12 04:01:23,24.79368,19.846802535304402
2026-03-12 04:01:53,24.768196,19.852416777786214
2026-03-12 04:02:23,24.03827,19.857861324789564
2026-03-12 04:02:53,24.842076,19.850489145129526
2026-03-12 04:03:23,16.077418,19.84735820261784
2026-03-12 04:03:53,24.67449,19.85247909235187
2026-03-12 04:04:23,24.746518,19.85804864391938
2026-03-12 04:04:53,24.811472,19.863573871814207
2026-03-12 04:05:23,24.811472,19.869163874971754
2026-03-12 04:05:53,20.628728,19.871706397231417
2026-03-12 04:06:23,8.762686,19.862853417674906
2026-03-12 04:06:53,8.762686,19.850355105764898
2026-03-12 04:07:23,3.5695099999999997,19.843274152508062
2026-03-12 04:07:53,24.731226,19.84176008523068
2026-03-12 04:08:23,18.798814,19.837694838258397
2026-03-12 04:08:53,24.27624,19.839012811014797
2026-03-12 04:09:23,24.061006,19.843804244457715
2026-03-12 04:09:53,24.064082,19.848523635773933
2026-03-12 04:10:23,12.375514,19.84576749139793
2026-03-12 04:10:53,10.746244,19.844416034221098
2026-03-12 04:11:23,10.746244,19.834274652002673
2026-03-12 04:11:53,24.787154,19.839773523604514
2026-03-12 04:12:23,24.787154,19.845275911618593
2026-03-12 04:12:53,23.776256,19.850587229891868
2026-03-12 04:13:23,23.784692,19.854945782644077
2026-03-12 04:13:53,3.146284,19.845578666863734
2026-03-12 04:14:23,24.843908,19.83429571772348
2026-03-12 04:14:53,24.74545,19.839829247161187
2026-03-12 04:15:23,18.55074,19.84081579038079
2026-03-12 04:15:53,12.800218,19.839628557533842
2026-03-12 04:16:23,20.982354,19.83734264496215
2026-03-12 04:16:53,6.190354,19.83525495448539
2026-03-12 04:17:23,23.780486,19.829692150546308
2026-03-12 04:17:53,24.810884,19.834297212130092
2026-03-12 04:18:23,24.78314,19.83978009716836
2026-03-12 04:18:53,23.551398,19.844804267358576
2026-03-12 04:19:23,23.551398,19.848863470540994
2026-03-12 04:19:53,23.76324,19.853549356038506
2026-03-12 04:20:23,24.438884,19.858276262402565
2026-03-12 04:20:53,24.438884,19.863276198078882
2026-03-12 04:21:23,4.930214,19.85715361561387
2026-03-12 04:21:53,24.781082,19.855455550174266
2026-03-12 04:22:23,24.781082,19.860814540291578
2026-03-12 04:22:53,3.407316,19.852114288798724
2026-03-12 04:23:23,24.766114,19.84431255127741
2026-03-12 04:23:53,24.67177,19.84956163729034
2026-03-12 04:24:23,11.13539,19.84987920459305
2026-03-12 04:24:53,11.13539,19.840449299956717
2026-03-12 04:25:23,22.48871,19.84007760005765
2026-03-12 04:25:53,11.464506,19.836802409228333
2026-03-12 04:26:23,24.735526,19.83080134040411
2026-03-12 04:26:53,7.642258666666667,19.82407025492027
2026-03-12 04:27:23,24.78059,19.812274742842792
2026-03-12 04:27:53,10.585988,19.814019128870413
2026-03-12 04:28:23,24.857382,19.80921756110833
2026-03-12 04:28:53,13.867642,19.81294425425547
2026-03-12 04:29:23,2.925104,19.795730239479887
2026-03-12 04:29:53,24.827814,19.787048885383957
2026-03-12 04:30:23,9.204302,19.78121505931418
2026-03-12 04:30:53,24.775776,19.77546115489247
2026-03-12 04:31:23,0.102914,19.7730880816675
2026-03-12 04:31:53,0.102914,19.752120727259808
2026-03-12 04:32:23,24.09833,19.74404476034642
2026-03-12 04:32:53,24.216778,19.748927630548856
2026-03-12 04:33:23,24.75276,19.753712906283205
2026-03-12 04:33:53,16.991586,19.755845216883667
2026-03-12 04:34:23,11.996592,19.75288416448717
2026-03-12 04:34:53,24.205088,19.75372054533258
2026-03-12 04:35:23,24.776626,19.75877299541511
2026-03-12 04:35:53,24.769658,19.7640803194053
2026-03-12 04:36:23,21.06089,19.768676891743507
2026-03-12 04:36:53,24.446674,19.763218356068062
2026-03-12 04:37:23,24.728286,19.76808481421648
2026-03-12 04:37:53,24.728286,19.773305345916363
2026-03-12 04:38:23,24.809302,19.77852625723698
2026-03-12 04:38:53,24.809302,19.783809945525835
2026-03-12 04:39:23,10.722282666666667,19.77680698244387
2026-03-12 04:39:53,1.140986,19.764368154904975
2026-03-12 04:40:23,24.48823,19.768725852237033
2026-03-12 04:40:53,8.67781,19.771940513735878
2026-03-12 04:41:23,24.593308,19.77098087929233
2026-03-12 04:41:53,24.493624,19.775888707208463
2026-03-12 04:42:23,24.218231333333335,19.780933248835755
2026-03-12 04:42:53,18.176526,19.773736657825303
2026-03-12 04:43:23,24.886362,19.778790482971495
2026-03-12 04:43:53,23.536992,19.783550217779933
2026-03-12 04:44:23,23.536992,19.78744733321797
2026-03-12 04:44:53,23.536992,19.79133636447241
2026-03-12 04:45:23,24.70127,19.79618959176625
2026-03-12 04:45:53,3.342422,19.784394216257244
2026-03-12 04:46:23,12.176173333333333,19.78641130385331
2026-03-12 04:46:53,22.872633,19.775045786909516
2026-03-12 04:47:23,24.792327999999998,19.7796131222398
2026-03-12 04:47:53,24.916446,19.784850462341947
2026-03-12 04:48:23,24.72277,19.79003161845267
2026-03-12 04:48:53,24.753738,19.795158581470307
2026-03-12 04:49:23,24.845944,19.79321166123176
2026-03-12 04:49:53,24.86408,19.798407870175197
2026-03-12 04:50:23,24.037502,19.802890141382374
2026-03-12 04:50:53,24.227857333333333,19.807328862723672
2026-03-12 04:51:23,24.701698,19.812287684996928
2026-03-12 04:51:53,24.754256,19.81728998275627
2026-03-12 04:52:23,9.245505333333334,19.821586776741338
2026-03-12 04:52:53,10.467998,19.811135179975512
2026-03-12 04:53:23,24.86909,19.815091260379155
2026-03-12 04:53:53,24.928998,19.82015915048873
2026-03-12 04:54:23,15.268012,19.814309646165324
2026-03-12 04:54:53,24.740254,19.81161504254166
2026-03-12 04:55:23,24.35384,19.816567212492387
2026-03-12 04:55:53,24.036816,19.821114926919957
2026-03-12 04:56:23,24.72826,19.826078895724994
2026-03-12 04:56:53,19.502922,19.830321742747266
2026-03-12 04:57:23,24.715944,19.832274539596952
2026-03-12 04:57:53,20.546106,19.835981139644492
2026-03-12 04:58:23,24.70418,19.83865541091007
2026-03-12 04:58:53,24.7568,19.843589568875153
2026-03-12 04:59:23,24.231228,19.848166305833388
2026-03-12 04:59:53,24.633206,19.85258871157457
2026-03-12 05:00:23,1.578548,19.849585978026393
2026-03-12 05:00:53,10.370734,19.837517796145093
2026-03-12 05:01:23,24.73129,19.837625023734706
2026-03-12 05:01:53,24.776222,19.84255660753406
2026-03-12 05:02:23,20.939178,19.847031226596386
2026-03-12 05:02:53,18.887518,19.8479448444874
2026-03-12 05:03:23,20.29046,19.849027690350933
2026-03-12 05:03:53,24.507812,19.851314033528475
2026-03-12 05:04:23,24.507812,19.855955986708313
2026-03-12 05:04:53,24.244604,19.860532445093614
2026-03-12 05:05:23,24.052392,19.86482400888771
2026-03-12 05:05:53,24.895514,19.869293309899284
2026-03-12 05:06:23,24.79752,19.860979212219497
2026-03-12 05:06:53,5.272092,19.858289568377202
2026-03-12 05:07:23,24.821624,19.85608122461518
2026-03-12 05:07:53,24.421567333333332,19.860665635361666
2026-03-12 05:08:23,24.23147,19.865540562668954
2026-03-12 05:08:53,24.71703,19.866154684231326
2026-03-12 05:09:23,24.36084,19.870696576363756
2026-03-12 05:09:53,4.969411333333334,19.86966258973179
2026-03-12 05:10:23,13.614886,19.861152871281277
2026-03-12 05:10:53,24.738362,19.86339837521323
2026-03-12 05:11:23,24.82738,19.868218062135412
2026-03-12 05:11:53,8.39842,19.866632183865896
2026-03-12 05:12:23,23.606762,19.861596054098253
2026-03-12 05:12:53,24.818596,19.866296833812573
2026-03-12 05:13:23,24.78615,19.87096176751322
2026-03-12 05:13:53,24.71585,19.875761351617534
2026-03-12 05:14:23,24.71718,19.88049300110771
2026-03-12 05:14:53,24.617394,19.885031871696395
2026-03-12 05:15:23,24.744842,19.889689650972233
2026-03-12 05:15:53,24.010616,19.894111091735965
2026-03-12 05:16:23,24.694888,19.8983796079704
2026-03-12 05:16:53,13.585598,19.900724251134744
2026-03-12 05:17:23,24.78066,19.896439442702597
2026-03-12 05:17:53,21.593472000000002,19.895968644770903
2026-03-12 05:18:23,23.781122,19.899388406219696
2026-03-12 05:18:53,24.224068,19.903418088812813
2026-03-12 05:19:23,24.57787,19.90788555178422
2026-03-12 05:19:53,24.831892,19.908769491490457
2026-03-12 05:20:23,14.764062,19.909056367875316
2026-03-12 05:20:53,19.012932,19.905240834577274
2026-03-12 05:21:23,19.503736,19.90485370514881
2026-03-12 05:21:53,23.55645,19.907460651425637
2026-03-12 05:22:23,6.601506,19.898968147558865
2026-03-12 05:22:53,6.601506,19.8861837652865
2026-03-12 05:23:23,1.388406,19.882289420759427
2026-03-12 05:23:53,23.704548,19.875250194408906
2026-03-12 05:24:23,9.821324,19.873271179459323
2026-03-12 05:24:53,24.133612,19.87241514219129
2026-03-12 05:25:23,23.803474,19.876439675448108
2026-03-12 05:25:53,24.461836,19.880717972661227
2026-03-12 05:26:23,15.925134,19.878919917552683
2026-03-12 05:26:53,24.72902,19.87796703479201
2026-03-12 05:27:23,24.251666666666665,19.882568151871386
2026-03-12 05:27:53,24.76286,19.886572794629252
2026-03-12 05:28:23,23.86804,19.89087135415742
2026-03-12 05:28:53,8.540556,19.885425050247118
2026-03-12 05:29:23,8.540556,19.87465255953662
2026-03-12 05:29:53,24.832096,19.868536981596257
2026-03-12 05:30:23,20.238336,19.872366878688318
2026-03-12 05:30:53,6.65651,19.862856850965787
2026-03-12 05:31:23,24.569958,19.863920493094533
2026-03-12 05:31:53,24.063692,19.86825634438004
2026-03-12 05:32:23,7.19988,19.86661166255429
2026-03-12 05:32:53,24.314482,19.860741096968933
2026-03-12 05:33:23,15.236064,19.85894888496576
2026-03-12 05:33:53,24.673202,19.857059930454433
2026-03-12 05:34:23,24.673202,19.861590069730983
2026-03-12 05:34:53,24.769104,19.866162764002006
2026-03-12 05:35:23,12.693786,19.867864369969332
2026-03-12 05:35:53,24.083416,19.85989897530015
2026-03-12 05:36:23,16.38675,19.856334680639723
2026-03-12 05:36:53,16.38675,19.853086411371866
2026-03-12 05:37:23,24.480752,19.856281363097835
2026-03-12 05:37:53,17.771206666666668,19.859844734799402
2026-03-12 05:38:23,13.045898,19.85069739764735
2026-03-12 05:38:53,24.64023,19.85418601728641
2026-03-12 05:39:23,23.85462,19.857911725787414
2026-03-12 05:39:53,24.242774,19.86178442775571
2026-03-12 05:40:23,24.71425,19.86594696707385
2026-03-12 05:40:53,21.503394,19.869140372134805
2026-03-12 05:41:23,22.262036,19.87129148133936
2026-03-12 05:41:53,22.262036,19.873508966361612
2026-03-12 05:42:23,24.131562,19.87776886303824
2026-03-12 05:42:53,4.084316,19.865870425564744
2026-03-12 05:43:23,23.775024,19.86732034926312
2026-03-12 05:43:53,23.775024,19.87093146032528
2026-03-12 05:44:23,23.768312,19.874535696928664
2026-03-12 05:44:53,23.768312,19.878127299717132
2026-03-12 05:45:23,24.35091,19.881986201019842
2026-03-12 05:45:53,3.697366,19.88228693297324
2026-03-12 05:46:23,3.697366,19.867399227448338
2026-03-12 05:46:53,24.834296,19.86548884891557
2026-03-12 05:47:23,24.518884,19.869882508202238
2026-03-12 05:47:53,24.797284,19.87425948663772
2026-03-12 05:48:23,24.797284,19.878771331673487
2026-03-12 05:48:53,24.832184,19.88328096908192
2026-03-12 05:49:23,24.844475333333335,19.887824821766177
2026-03-12 05:49:53,23.551745333333333,19.892179625792103
2026-03-12 05:50:23,23.551745333333333,19.89550815599318
2026-03-12 05:50:53,24.857452,19.899191906976036
2026-03-12 05:51:23,24.061104,19.90322633599684
2026-03-12 05:51:53,24.061104,19.907012650042496
2026-03-12 05:52:23,24.753996,19.91118730002426
2026-03-12 05:52:53,7.864664,19.904271415313296
2026-03-12 05:53:23,24.823324,19.907610134861052
2026-03-12 05:53:53,24.113336,19.91156608937213
2026-03-12 05:54:23,24.792824,19.91604928684958
2026-03-12 05:54:53,23.678308,19.92023845365898
2026-03-12 05:55:23,24.594774,19.924247150600227
2026-03-12 05:55:53,24.804104,19.92859965492406
2026-03-12 05:56:23,24.804104,19.933003374149457
2026-03-12 05:56:53,24.776482,19.937387512964744
2026-03-12 05:57:23,23.994524,19.941538958916873
2026-03-12 05:57:53,2.692646,19.939808840049245
2026-03-12 05:58:23,10.266214,19.93296308606828
2026-03-12 05:58:53,24.82972,19.923272520111496
2026-03-12 05:59:23,24.81807,19.92767428834521
2026-03-12 05:59:53,8.448516,19.91922309654739
2026-03-12 06:00:23,23.874656,19.918062580528485
2026-03-12 06:00:53,24.711058,19.921657449916378
2026-03-12 06:01:23,24.711058,19.92594467365877
2026-03-12 06:01:53,24.711058,19.930224228863583
2026-03-12 06:02:23,1.02309,19.932463839786738
2026-03-12 06:02:53,23.853316,19.926678406886086
2026-03-12 06:03:23,24.710326,19.9308687618184
2026-03-12 06:03:53,24.755372,19.935141402536836
2026-03-12 06:04:23,24.225824,19.938671070309255
2026-03-12 06:04:53,19.163104666666666,19.932208367305183
2026-03-12 06:05:23,23.74981,19.93571611302364
2026-03-12 06:05:53,24.811730666666666,19.939689492274447
2026-03-12 06:06:23,24.87951,19.943994351718224
2026-03-12 06:06:53,24.663144000000003,19.948281145579717
2026-03-12 06:07:23,4.485582,19.942088959113185
2026-03-12 06:07:53,24.746478,19.937068392785513
2026-03-12 06:08:23,10.080356,19.928354378175282
2026-03-12 06:08:53,24.75396,19.928776849458252
2026-03-12 06:09:23,14.014374,19.919377085220923
2026-03-12 06:09:53,23.845016,19.919614072683988
2026-03-12 06:10:23,24.216848,19.92333939910143
2026-03-12 06:10:53,24.79039,19.927454998738412
2026-03-12 06:11:23,24.75336,19.931708078472184
2026-03-12 06:11:53,24.770586,19.93594592077671
2026-03-12 06:12:23,24.88137,19.940210707292096
2026-03-12 06:12:53,24.72465,19.94453080490586
2026-03-12 06:13:23,24.72465,19.94871972749314
2026-03-12 06:13:53,24.72465,19.95290131482022
2026-03-12 06:14:23,24.706282,19.95686780442643
2026-03-12 06:14:53,4.505568,19.95625254990677
2026-03-12 06:15:23,9.780828,19.946445415468357
2026-03-12 06:15:53,24.903874,19.938455582102144
2026-03-12 06:16:23,7.106774,19.92944943833905
2026-03-12 06:16:53,24.900906,19.923447262542098
2026-03-12 06:17:23,24.12853,19.92755586085166
2026-03-12 06:17:53,20.729782,19.925715407865756
2026-03-12 06:18:23,24.487856,19.927779377627846
2026-03-12 06:18:53,23.895016,19.931323862371254
2026-03-12 06:19:23,23.895016,19.93476118572585
2026-03-12 06:19:53,24.879462,19.938505309756238
2026-03-12 06:20:23,24.219102,19.94255403084781
2026-03-12 06:20:53,24.539436,19.946659811353936
2026-03-12 06:21:23,9.131654,19.94380716013712
2026-03-12 06:21:53,24.729088,19.94110170006332
2026-03-12 06:22:23,24.729088,19.945232360585496
2026-03-12 06:22:53,7.428892,19.94691697077922
2026-03-12 06:23:23,23.266346,19.94247873838778
2026-03-12 06:23:53,23.266346,19.94533888116682
2026-03-12 06:24:23,24.521368,19.94923714022468
2026-03-12 06:24:53,24.721128,19.953170357662355
2026-03-12 06:25:23,17.80222,19.945478561394975
2026-03-12 06:25:53,23.787146,19.948088620826667
2026-03-12 06:26:23,23.573876,19.951416266836123
2026-03-12 06:26:53,13.63651,19.94213853832325
2026-03-12 06:27:23,3.028228,19.927671488196385
2026-03-12 06:27:53,24.772916,19.92747756116112
2026-03-12 06:28:23,24.703828,19.931605121733934
2026-03-12 06:28:53,24.703828,19.93567652107269
2026-03-12 06:29:23,24.742288,19.939762835341252
2026-03-12 06:29:53,1.17242,19.942549842465365
2026-03-12 06:30:23,7.68158,19.931377614199807
2026-03-12 06:30:53,24.845592,19.924853925490307
2026-03-12 06:31:23,24.768818,19.92897115084669
2026-03-12 06:31:53,24.047446,19.928519762647127
2026-03-12 06:32:23,11.63361,19.924994322129248
2026-03-12 06:32:53,18.014568,19.918872574539602
2026-03-12 06:33:23,10.79363,19.91305030673929
2026-03-12 06:33:53,24.442624,19.910816695663208
2026-03-12 06:34:23,24.271782,19.914626085845498
2026-03-12 06:34:53,24.741596,19.918310806074764
2026-03-12 06:35:23,22.424598,19.92165672180345
2026-03-12 06:35:53,21.514802,19.923853111595097
2026-03-12 06:36:23,24.78451,19.926845845089012
2026-03-12 06:36:53,24.87541,19.93097513261699
2026-03-12 06:37:23,23.947828,19.93480929766777
2026-03-12 06:37:53,22.763178,19.92891381663119
2026-03-12 06:38:23,24.815084,19.922662530279286
2026-03-12 06:38:53,24.731064,19.926617938401744
2026-03-12 06:39:23,10.35426,19.93000920129072
2026-03-12 06:39:53,3.27325,19.916060374357972
2026-03-12 06:40:23,3.27325,19.90213489013778
2026-03-12 06:40:53,24.860798,19.897858171301973
2026-03-12 06:41:23,6.096984,19.894402447151528
2026-03-12 06:41:53,24.870132,19.88654270651569
2026-03-12 06:42:23,9.516138,19.88165155036971
2026-03-12 06:42:53,18.885184,19.878572340545492
2026-03-12 06:43:23,24.810278,19.878238589970586
2026-03-12 06:43:53,24.805936,19.8823161438831
2026-03-12 06:44:23,24.099026,19.885938428907853
2026-03-12 06:44:53,24.099026,19.889437283606465
2026-03-12 06:45:23,13.175802,19.890500144852574
2026-03-12 06:45:53,19.121238,19.888054929830865
2026-03-12 06:46:23,24.319708,19.890864858921965
2026-03-12 06:46:53,24.108432,19.894392822839645
2026-03-12 06:47:23,24.339957,19.89549201656834
2026-03-12 06:47:53,19.190241999999998,19.894251552060382
2026-03-12 06:48:23,24.91527,19.8981569255243
2026-03-12 06:48:53,24.740658,19.902175392201077
2026-03-12 06:49:23,24.821522,19.906166289443313
2026-03-12 06:49:53,24.821522,19.910214737480782
2026-03-12 06:50:23,24.805262,19.914251615680037
2026-03-12 06:50:53,24.798252,19.91827139293937
2026-03-12 06:51:23,12.865732,19.91571141803144
2026-03-12 06:51:53,24.790604,19.916280223730297
2026-03-12 06:52:23,24.866954,19.920366564116588
2026-03-12 06:52:53,6.464936,19.917642510217462
2026-03-12 06:53:23,24.74658,19.914610493748977
2026-03-12 06:53:53,8.825222,19.914072466724853
2026-03-12 06:54:23,19.41945133333333,19.916756775385622
2026-03-12 06:54:53,19.45749066666667,19.92069118407581
2026-03-12 06:55:23,19.403167333333332,19.924596594493117
2026-03-12 06:55:53,18.90651,19.92795829159417
2026-03-12 06:56:23,19.319028666666668,19.931322409844082
2026-03-12 06:56:53,19.250911333333335,19.93504342123548
2026-03-12 06:57:23,19.31321266666667,19.936302702988552
2026-03-12 06:57:53,19.437541999999997,19.929263141990027
2026-03-12 06:58:23,19.457896666666667,19.933077143661666
2026-03-12 06:58:53,24.439336,19.936855681203333
2026-03-12 06:59:23,22.702778,19.940119815375464
2026-03-12 06:59:53,24.776682,19.94352546062014
2026-03-12 07:00:23,24.74977,19.947423999406272
2026-03-12 07:00:53,24.74977,19.951308973519577
2026-03-12 07:01:23,24.74977,19.95518766702592
2026-03-12 07:01:53,24.652398,19.959049609250485
2026-03-12 07:02:23,24.77131,19.96292302022919
2026-03-12 07:02:53,0.514546,19.95036186221912
2026-03-12 07:03:23,24.743228,19.940580235483697
2026-03-12 07:03:53,24.743228,19.944446686560756
2026-03-12 07:04:23,24.759784,19.948322941277418
2026-03-12 07:04:53,24.784860000000002,19.95219161429643
2026-03-12 07:05:23,23.866892,19.955412928414628
2026-03-12 07:05:53,24.811226,19.95919186229403
2026-03-12 07:06:23,24.750416,19.96307753594911
2026-03-12 07:06:53,24.453746,19.966893864170494
2026-03-12 07:07:23,24.125432,19.961966198484284
2026-03-12 07:07:53,24.772654,19.965599953125
2026-03-12 07:08:23,24.860308,19.96949348990249
2026-03-12 07:08:53,24.860308,19.973399475295494
2026-03-12 07:09:23,24.723011,19.97722969787732
2026-03-12 07:09:53,20.687534,19.980532187167764
2026-03-12 07:10:23,23.848514,19.982916075848514
2026-03-12 07:10:53,24.414898,19.986291854792483
2026-03-12 07:11:23,24.414898,19.989581248236732
2026-03-12 07:11:53,24.416982,19.98730589736117
2026-03-12 07:12:23,24.782512,19.9911057831842
2026-03-12 07:12:53,24.828076,19.994932297693364
2026-03-12 07:13:23,24.776402,19.998748289210763
2026-03-12 07:13:53,16.286908,20.002114995140506
2026-03-12 07:14:23,2.445384,19.98962605393994
2026-03-12 07:14:53,24.8337,19.979880007910555
2026-03-12 07:15:23,24.80005,19.98370331638299
2026-03-12 07:15:53,23.732882,19.987473054812554
2026-03-12 07:16:23,19.30347,19.989719619140317
2026-03-12 07:16:53,24.587422,19.989595141362635
2026-03-12 07:17:23,13.375462,19.988443422913274
2026-03-12 07:17:53,13.375462,19.983236897543563
2026-03-12 07:18:23,24.78727,19.98462218440237
2026-03-12 07:18:53,24.783948,19.98839606246725
2026-03-12 07:19:23,24.141744,19.991931943446613
2026-03-12 07:19:53,24.778846,19.99548892852658
2026-03-12 07:20:23,24.778846,19.999240188842997
2026-03-12 07:20:53,23.722432,20.0025371970536
2026-03-12 07:21:23,24.75729,20.005476898000733
2026-03-12 07:21:53,24.671309,20.0090468698623
2026-03-12 07:22:23,24.33812,20.0126188177933
2026-03-12 07:22:53,24.735742,20.016068703572547
2026-03-12 07:23:23,24.054318,20.019366755008587
2026-03-12 07:23:53,24.724318,20.02275767996048
2026-03-12 07:24:23,19.864462,20.0250364554476
2026-03-12 07:24:53,24.81037,20.027093957325302
2026-03-12 07:25:23,23.78994,20.03039577646937
2026-03-12 07:25:53,22.021518,20.03160404473357
2026-03-12 07:26:23,24.76079,20.034757856373336
2026-03-12 07:26:53,24.541541,20.038326145326568
2026-03-12 07:27:23,13.430096,20.038951032683457
2026-03-12 07:27:53,23.932025,20.041163068675072
2026-03-12 07:28:23,24.320128,20.04409580632003
2026-03-12 07:28:53,24.816634,20.047745773346406
2026-03-12 07:29:23,24.483758,20.051319459040055
2026-03-12 07:29:53,24.238488,20.05090929914486
2026-03-12 07:30:23,24.76216,20.054423649817267
2026-03-12 07:30:53,23.994968,20.05754355174365
2026-03-12 07:31:23,24.759606,20.06116333216837
2026-03-12 07:31:53,24.759606,20.064782715899753
2026-03-12 07:32:23,24.01236,20.06827234977164
2026-03-12 07:32:53,4.892634,20.068894487437184
2026-03-12 07:33:23,24.937166,20.061338726853513
2026-03-12 07:33:53,24.758722,20.06496393518329
2026-03-12 07:34:23,24.758722,20.0685658368036
2026-03-12 07:34:53,17.802104,20.071275660566403
2026-03-12 07:35:23,22.94956,20.0712681260663
2026-03-12 07:35:53,24.890916,20.074512236729277
2026-03-12 07:36:23,24.144452,20.077998788493904
2026-03-12 07:36:53,21.410401,20.07983049092855
2026-03-12 07:37:23,24.394556,20.083155635942354
2026-03-12 07:37:53,24.766044,20.086572870547524
2026-03-12 07:38:23,24.766044,20.090141898205115
2026-03-12 07:38:53,23.928472,20.093337577786812
2026-03-12 07:39:23,23.928472,20.09625817566127
2026-03-12 07:39:53,11.57812,20.099039229301948
2026-03-12 07:40:23,24.60958,20.093220689815986
2026-03-12 07:40:53,24.560808,20.096615169081147
2026-03-12 07:41:23,24.768852,20.10004661456699
2026-03-12 07:41:53,24.31284,20.10341075298402
2026-03-12 07:42:23,24.723392,20.106684803962196
2026-03-12 07:42:53,24.706762,20.11017145848904
2026-03-12 07:43:23,24.696904,20.113344451077356
2026-03-12 07:43:53,24.042822,20.116464939794273
2026-03-12 07:44:23,24.780526,20.11995598770595
2026-03-12 07:44:53,17.09113,20.117392886164534
2026-03-12 07:45:23,17.09113,20.11510914398551
2026-03-12 07:45:53,24.885956,20.11420034667203
2026-03-12 07:46:23,24.516212,20.117696009192745
2026-03-12 07:46:53,24.7908,20.118151300471837
2026-03-12 07:47:23,24.720448,20.121658039223554
2026-03-12 07:47:53,24.700367,20.125113416499598
2026-03-12 07:48:23,24.700367,20.12855052792107
2026-03-12 07:48:53,24.71739,20.13198759053148
2026-03-12 07:49:23,24.734724,20.135458647547132
2026-03-12 07:49:53,24.921801000000002,20.138976729712173
2026-03-12 07:50:23,24.932018,20.142566664253255
2026-03-12 07:50:53,24.842068,20.146044483634366
2026-03-12 07:51:23,24.842068,20.149556492047665
2026-03-12 07:51:53,24.761786,20.15300925538063
2026-03-12 07:52:23,24.146588,20.156310692985514
2026-03-12 07:52:53,24.740198,20.159669032434582
2026-03-12 07:53:23,19.203402,20.158956003380226
2026-03-12 07:53:53,24.750262,20.160744954400954
2026-03-12 07:54:23,24.815844,20.164178252940886
2026-03-12 07:54:53,24.784214,20.16544302613828
2026-03-12 07:55:23,24.827658,20.16889658502255
2026-03-12 07:55:53,23.901542,20.171871460677497
2026-03-12 07:56:23,13.280838,20.174038698124413
2026-03-12 07:56:53,24.792312,20.175187358174263
2026-03-12 07:57:23,24.75054,20.17858549305727
2026-03-12 07:57:53,24.75054,20.18197179157614
2026-03-12 07:58:23,24.75054,20.185353077564514
2026-03-12 07:58:53,24.768394,20.1887377248792
2026-03-12 07:59:23,24.86201,20.19214349504853
2026-03-12 07:59:53,24.76082,20.195582133172508
2026-03-12 08:00:23,23.818394,20.19878870949968
2026-03-12 08:00:53,24.791388,20.202007837921542
2026-03-12 08:01:23,24.905982,20.205457060814464
2026-03-12 08:01:53,24.862664,20.20889894242097
2026-03-12 08:02:23,24.788636,20.212277815912103
2026-03-12 08:02:53,24.442446,20.215421865650427
2026-03-12 08:03:23,24.75356,20.218596514522215
2026-03-12 08:03:53,24.808744,20.221963636110022
2026-03-12 08:04:23,24.716086,20.224887640680787
2026-03-12 08:04:53,24.536644,20.228159748509434
2026-03-12 08:05:23,24.845273,20.231061060458075
2026-03-12 08:05:53,24.830658,20.23445097174507
2026-03-12 08:06:23,24.788058,20.23779420602721
2026-03-12 08:06:53,24.809372,20.241125810349867
2026-03-12 08:07:23,22.484164,20.243547451721284
2026-03-12 08:07:53,24.735288,20.24636876372129
2026-03-12 08:08:23,24.804296,20.249287431078915
2026-03-12 08:08:53,24.783754,20.25259600442134
2026-03-12 08:09:23,24.800194,20.255803557411273
2026-03-12 08:09:53,24.79968,20.258704899864156
2026-03-12 08:10:23,24.754478,20.26199722868086
2026-03-12 08:10:53,24.400634,20.26511943958919
2026-03-12 08:11:23,24.878746,20.26804777073147
2026-03-12 08:11:53,7.211166,20.26998165794311
2026-03-12 08:12:23,4.374288,20.258455800889447
2026-03-12 08:12:53,24.686236,20.25823491913825
2026-03-12 08:13:23,15.773198,20.259201377081624
2026-03-12 08:13:53,24.759354,20.2589897738279
2026-03-12 08:14:23,24.759354,20.262243519593195
2026-03-12 08:14:53,24.759354,20.26549256386668
2026-03-12 08:15:23,24.898974,20.268820915964767
2026-03-12 08:15:53,13.880336,20.26823796647749
2026-03-12 08:16:23,24.730454,20.261013203345026
2026-03-12 08:16:53,14.620904,20.25749812890212
2026-03-12 08:17:23,24.841798,20.25932669424581
2026-03-12 08:17:53,24.32951,20.262506967293305
2026-03-12 08:18:23,23.988302,20.265348727272727
2026-03-12 08:18:53,23.01231,20.26802804204578
2026-03-12 08:19:23,24.719492,20.26332224214002
2026-03-12 08:19:53,24.734,20.26652104303749
2026-03-12 08:20:23,24.222598,20.26974113829025
2026-03-12 08:20:53,24.01842,20.267356416817876
2026-03-12 08:21:23,24.854,20.270599441761703
2026-03-12 08:21:53,24.854,20.273877670274654
2026-03-12 08:22:23,24.723472,20.27714265335684
2026-03-12 08:22:53,24.720052,20.280317730501856
2026-03-12 08:23:23,24.720052,20.283486404149023
2026-03-12 08:23:53,24.738568,20.286642141165842
2026-03-12 08:24:23,12.926444,20.28538646215613
2026-03-12 08:24:53,24.74246,20.282394991026493
2026-03-12 08:25:23,24.80731,20.28558486957347
2026-03-12 08:25:53,23.99777,20.288359401479234
2026-03-12 08:26:23,24.39425,20.29115802198323
2026-03-12 08:26:53,17.252086,20.290049936369662
2026-03-12 08:27:23,17.252086,20.287894026872312
2026-03-12 08:27:53,24.742726,20.290720062216337
2026-03-12 08:28:23,24.72223,20.293870135871877
2026-03-12 08:28:53,24.72223,20.29700607194788
2026-03-12 08:29:23,1.868414,20.29885199150823
2026-03-12 08:29:53,24.403028,20.291672186309636
2026-03-12 08:30:23,24.296315,20.294651754981864
2026-03-12 08:30:53,24.805426,20.2972626065813
2026-03-12 08:31:23,24.779958,20.300440796396483
2026-03-12 08:31:53,23.673324,20.30297032620346
2026-03-12 08:32:23,24.778792,20.305916511814722
2026-03-12 08:32:53,24.750772,20.30906655680218
2026-03-12 08:33:23,24.705876,20.312181493315194
2026-03-12 08:33:53,23.62154,20.3149280647853
2026-03-12 08:34:23,24.71967,20.31711134951047
2026-03-12 08:34:53,24.81231,20.32025044789814
2026-03-12 08:35:23,21.766534,20.321624986059785
2026-03-12 08:35:53,24.817392,20.324206936004114
2026-03-12 08:36:23,24.76881,20.327273965899007
2026-03-12 08:36:53,24.617752,20.330404687517504
2026-03-12 08:37:23,24.772092,20.333371343005084
2026-03-12 08:37:53,24.51969,20.336496199328735
2026-03-12 08:38:23,24.733466,20.339243191316907
2026-03-12 08:38:53,24.053296,20.342046893306023
2026-03-12 08:39:23,23.89971,20.344644729218032
2026-03-12 08:39:53,24.789974,20.34716500827445
2026-03-12 08:40:23,24.692702,20.350264868723
2026-03-12 08:40:53,24.90382,20.349504845186146
2026-03-12 08:41:23,23.93878,20.352435469824186
2026-03-12 08:41:53,23.586517999999998,20.355058938670496
2026-03-12 08:42:23,24.428612,20.357519813267245
2026-03-12 08:42:53,24.724308,20.360387763957043
2026-03-12 08:43:23,24.526556,20.363316559790906
2026-03-12 08:43:53,23.780256,20.366226912305844
2026-03-12 08:44:23,24.770705,20.368735104402457
2026-03-12 08:44:53,16.181308,20.370701337041826
2026-03-12 08:45:23,24.543616,20.371500570327996
2026-03-12 08:45:53,24.798562,20.374426720173336
2026-03-12 08:46:23,24.448814,20.377249407978994
2026-03-12 08:46:53,24.448814,20.380061003084432
2026-03-12 08:47:23,24.448814,20.382868717808343
2026-03-12 08:47:53,23.592656,20.38562843196028
2026-03-12 08:48:23,23.592656,20.387838447741995
2026-03-12 08:48:53,23.89651,20.390320900468275
2026-03-12 08:49:23,24.716385,20.393015853856035
2026-03-12 08:49:53,24.943256,20.38848323095085
2026-03-12 08:50:23,24.927706,20.39150831238833
2026-03-12 08:50:53,24.803418,20.394606203758812
2026-03-12 08:51:23,24.850752,20.397635143912705
2026-03-12 08:51:53,24.247858,20.398554493119057
2026-03-12 08:52:23,24.781846,20.401456155640332
2026-03-12 08:52:53,24.708444,20.404436875057073
2026-03-12 08:53:23,24.634838,20.404059205114752
2026-03-12 08:53:53,24.437118,20.406863045481487
2026-03-12 08:54:23,23.913466,20.40952469223584
2026-03-12 08:54:53,24.343948,20.41210860270012
2026-03-12 08:55:23,24.051532,20.41490281978887
2026-03-12 08:55:53,24.447994,20.417367997203527
2026-03-12 08:56:23,23.849678,20.419924964443133
2026-03-12 08:56:53,24.759024,20.422694668763057
2026-03-12 08:57:23,24.759024,20.42564629284839
2026-03-12 08:57:53,23.769902,20.42845797539906
2026-03-12 08:58:23,23.894924,20.430800134975303
2026-03-12 08:58:53,24.393868,20.43335662233946
2026-03-12 08:59:23,24.393868,20.436045117187852
2026-03-12 08:59:53,24.393868,20.438729964476302
2026-03-12 09:00:23,24.864878,20.441677634541513
2026-03-12 09:00:53,13.81564,20.440069325738413
2026-03-12 09:01:23,24.700402,20.43711977260008
2026-03-12 09:01:53,24.836334,20.44001933346112
2026-03-12 09:02:23,24.723242,20.442930390205976
2026-03-12 09:02:53,24.728948,20.445825526281418
2026-03-12 09:03:23,24.767936,20.44872433301076
2026-03-12 09:03:53,23.92683,20.451131138651494
2026-03-12 09:04:23,24.412394,20.45379110003596
2026-03-12 09:04:53,24.73343,20.456566538608392
2026-03-12 09:05:23,24.860418,20.45945681916326
2026-03-12 09:05:53,11.209356,20.453232545330163
2026-03-12 09:06:23,24.890644,20.45345648292016
2026-03-12 09:06:53,24.822422,20.45642902779769
2026-03-12 09:07:23,20.58431,20.458119711577204
2026-03-12 09:07:53,12.060736,20.45099250923855
2026-03-12 09:08:23,24.558366,20.45189613213663
2026-03-12 09:08:53,24.34103,20.454513078076133
2026-03-12 09:09:23,24.857536,20.457358149595926
2026-03-12 09:09:53,24.733124,20.46025342488399
2026-03-12 09:10:23,24.286372,20.462931994939137
2026-03-12 09:10:53,24.37439,20.465528723799128
2026-03-12 09:11:23,24.831064,20.468198329941668
2026-03-12 09:11:53,24.831064,20.471110531127625
2026-03-12 09:12:23,24.236092,20.473972404744963
2026-03-12 09:12:53,24.174936,20.476620112323346
2026-03-12 09:13:23,9.915194,20.471541078540657
2026-03-12 09:13:53,24.709516,20.46977834419936
2026-03-12 09:14:23,24.910346,20.47266129425201
2026-03-12 09:14:53,24.781378,20.475594472453682
2026-03-12 09:15:23,24.856574,20.478500905589758
2026-03-12 09:15:53,24.65764,20.48139012426965
2026-03-12 09:16:23,9.29545,20.480503111492016
2026-03-12 09:16:53,19.134262,20.47949395250199
2026-03-12 09:17:23,24.739332,20.480045052149137
2026-03-12 09:17:53,24.8369,20.482727713336573
2026-03-12 09:18:23,24.8369,20.485609108505756
2026-03-12 09:18:53,24.416674,20.48842654120007
2026-03-12 09:19:23,11.167622,20.487212380689076
2026-03-12 09:19:53,11.167622,20.481057314833567
2026-03-12 09:20:23,11.167622,20.474910373762484
2026-03-12 09:20:53,11.167622,20.468771541399175
2026-03-12 09:21:23,9.169752,20.46811661596432
2026-03-12 09:21:53,24.523696,20.462022834950815
2026-03-12 09:22:23,24.81539,20.4632300571159
2026-03-12 09:22:53,24.73817,20.466041697592317
2026-03-12 09:23:23,24.73817,20.468850214248146
2026-03-12 09:23:53,19.140068,20.470749239028557
2026-03-12 09:24:23,24.777434,20.47123268518843
2026-03-12 09:24:53,24.596484,20.471317050542385
2026-03-12 09:25:23,24.596484,20.474021841565765
2026-03-12 09:25:53,24.358682,20.476765350362573
2026-03-12 09:26:23,24.358682,20.47930731350679
2026-03-12 09:26:53,24.851096,20.4820822534901
2026-03-12 09:27:23,24.797754,20.484930134128266
2026-03-12 09:27:53,24.702998,20.487722738606656
2026-03-12 09:28:23,24.702998,20.49047578118605
2026-03-12 09:28:53,22.776342,20.493063291989383
2026-03-12 09:29:23,24.85337,20.494913850437015
2026-03-12 09:29:53,19.171898,20.4958490068008
2026-03-12 09:30:23,24.804392,20.498188960068614
2026-03-12 09:30:53,24.1017,20.500885497851748
2026-03-12 09:31:23,24.190802,20.50328672895433
2026-03-12 09:31:53,24.616928,20.50585958462639
2026-03-12 09:32:23,24.616928,20.508530612747435
2026-03-12 09:32:53,24.298942,20.511134817223617
2026-03-12 09:33:23,24.246186,20.513586918177097
2026-03-12 09:33:53,24.813114,20.516127407854917
2026-03-12 09:34:23,24.813114,20.518911993282067
2026-03-12 09:34:53,7.053906,20.513633717101285
2026-03-12 09:35:23,7.053906,20.50492267098848
2026-03-12 09:35:53,24.791642,20.505768672365473
2026-03-12 09:36:23,24.75049,20.50853089565648
2026-03-12 09:36:53,7.811486,20.510513736392216
2026-03-12 09:37:23,24.845836,20.510127534729097
2026-03-12 09:37:53,24.845836,20.512901711874246
2026-03-12 09:38:23,4.81624,20.509817786929986
2026-03-12 09:38:53,24.756446,20.50657133822266
2026-03-12 09:39:23,24.710992,20.509295625423874
2026-03-12 09:39:53,24.306698,20.51189513132721
2026-03-12 09:40:23,24.90835,20.51456743856904
2026-03-12 09:40:53,24.719886,20.51733040911233
2026-03-12 09:41:23,24.379707,20.519994763218733
2026-03-12 09:41:53,2.21528,20.515185483677048
2026-03-12 09:42:23,24.749106,20.515096139329543
2026-03-12 09:42:53,24.792892,20.509682041983588
2026-03-12 09:43:23,24.784744,20.506205586561048
2026-03-12 09:43:53,24.67899,20.5088295092395
2026-03-12 09:44:23,24.67899,20.51149733059666
2026-03-12 09:44:53,24.67899,20.51416174070838
2026-03-12 09:45:23,24.249472,20.516712974506962
2026-03-12 09:45:53,24.768866,20.51931075419292
2026-03-12 09:46:23,24.722556,20.52176287456928
2026-03-12 09:46:53,19.592103,20.518033621949666
2026-03-12 09:47:23,24.156868,20.520703052364365
2026-03-12 09:47:53,24.220138,20.52150575341797
2026-03-12 09:48:23,24.748266,20.52415119610048
2026-03-12 09:48:53,16.649268,20.523421108493768
2026-03-12 09:49:23,24.712485,20.52387113020723
2026-03-12 09:49:53,22.33269,20.52628127583432
2026-03-12 09:50:23,24.816176,20.524834783975958
2026-03-12 09:50:53,24.703852,20.52754085724558
2026-03-12 09:51:23,24.77216,20.530264948936892
2026-03-12 09:51:53,24.743036,20.53294631535147
2026-03-12 09:52:23,24.743036,20.53561239148056
2026-03-12 09:52:53,24.743036,20.538275093114507
2026-03-12 09:53:23,24.802281999999998,20.540934426655987
2026-03-12 09:53:53,24.705412,20.543604383912015
2026-03-12 09:54:23,24.961086,20.546297825535856
2026-03-12 09:54:53,24.804906,20.54843278398283
2026-03-12 09:55:23,6.999546,20.541971295537703
2026-03-12 09:55:53,24.204548,20.544538142821114
2026-03-12 09:56:23,24.793692,20.5471459594237
2026-03-12 09:56:53,24.75418,20.549813247754177
2026-03-12 09:57:23,24.938524,20.552526178042537
2026-03-12 09:57:53,24.938524,20.555284435938287
2026-03-12 09:58:23,24.939926,20.55801586588176
2026-03-12 09:58:53,24.748495,20.560739882547523
2026-03-12 09:59:23,24.916508,20.563454216345146
2026-03-12 09:59:53,24.32422,20.565753309133488
2026-03-12 10:00:23,12.813968,20.568093027374932
2026-03-12 10:00:53,24.188564999999997,20.568117994486673
2026-03-12 10:01:23,24.497200999999997,20.570686757440413
2026-03-12 10:01:53,24.705972,20.57322091656933
2026-03-12 10:02:23,24.76679,20.575817963146704
2026-03-12 10:02:53,23.031900999999998,20.577444258311807
2026-03-12 10:03:23,23.713078,20.57988331919057
2026-03-12 10:03:53,24.78673,20.58233147865346
2026-03-12 10:04:23,24.784656,20.584937519690605
2026-03-12 10:04:53,24.741838,20.587550241958276
2026-03-12 10:05:23,24.741838,20.590138368235245
2026-03-12 10:05:53,23.93923,20.592574241490954
2026-03-12 10:06:23,23.735778,20.594701126892605
2026-03-12 10:06:53,24.269788,20.596942163419286
2026-03-12 10:07:23,24.756762,20.599436150515807
2026-03-12 10:07:53,24.301738,20.60174307398973
2026-03-12 10:08:23,24.301738,20.604039590888405
2026-03-12 10:08:53,24.729136,20.606462006120253
2026-03-12 10:09:23,0.883916,20.602604559077573
2026-03-12 10:09:53,0.883916,20.590388289112838
2026-03-12 10:10:23,24.116334,20.584562566681804
2026-03-12 10:10:53,24.71553,20.58682267609933
2026-03-12 10:11:23,24.551228,20.589321591623037
2026-03-12 10:11:53,23.87365,20.5915972812706
2026-03-12 10:12:23,24.853642,20.594044800839956
2026-03-12 10:12:53,24.723212,20.59653013488602
2026-03-12 10:13:23,24.714886,20.599073805362504
2026-03-12 10:13:53,24.30889,20.601120167105044
2026-03-12 10:14:23,22.258778,20.602041497350804
2026-03-12 10:14:53,24.713902,20.603924565470816
2026-03-12 10:15:23,23.759434,20.606098409894575
2026-03-12 10:15:53,24.783292,20.608486564939323
2026-03-12 10:16:23,24.781526,20.611051728766338
2026-03-12 10:16:53,24.789808,20.613616965686674
2026-03-12 10:17:23,24.396942,20.61599552715145
2026-03-12 10:17:53,24.396942,20.618314936487813
2026-03-12 10:18:23,24.389906,20.62076469563085
2026-03-12 10:18:53,13.94077,20.619458960460747
2026-03-12 10:19:23,24.780662,20.620952094746297
2026-03-12 10:19:53,24.791868,20.623511267379243
2026-03-12 10:20:23,23.731344,20.62598407020834
2026-03-12 10:20:53,24.914072,20.623653324953143
2026-03-12 10:21:23,24.716082,20.626194273567616
2026-03-12 10:21:53,24.748292,20.62870405770796
2026-03-12 10:22:23,24.748292,20.63121732972709
2026-03-12 10:22:53,24.757576,20.63372942386798
2026-03-12 10:23:23,24.709992,20.636236429053096
2026-03-12 10:23:53,19.213194,20.6370180793683
2026-03-12 10:24:23,24.682188,20.636394317645152
2026-03-12 10:24:53,24.682188,20.63885506313357
2026-03-12 10:25:23,24.824098,20.64132144312518
2026-03-12 10:25:53,24.735696,20.643822576057023
2026-03-12 10:26:23,24.661764,20.64620929469381
2026-03-12 10:26:53,24.875818,20.64872797577057
2026-03-12 10:27:23,24.746822,20.6512703360553
2026-03-12 10:27:53,24.788878,20.653695028482545
2026-03-12 10:28:23,23.56861,20.655851858036904
2026-03-12 10:28:53,24.773524,20.657926223468646
2026-03-12 10:29:23,24.773524,20.6604157974755
2026-03-12 10:29:53,24.753282,20.66289950600516
2026-03-12 10:30:23,24.848028,20.665384605349015
2026-03-12 10:30:53,6.412946,20.660002753643024
2026-03-12 10:31:23,24.748228,20.658815049845114
2026-03-12 10:31:53,24.918332,20.66129158370859
2026-03-12 10:32:23,24.747552,20.663788783300518
2026-03-12 10:32:53,13.101082,20.66603300128504
2026-03-12 10:33:23,24.841254,20.66499557579163
2026-03-12 10:33:53,24.841254,20.667508165089043
2026-03-12 10:34:23,24.821806,20.67001656351465
2026-03-12 10:34:53,24.843198,20.672515285794407
2026-03-12 10:35:23,3.803706,20.67017212683669
2026-03-12 10:35:53,3.803706,20.660049007762485
2026-03-12 10:36:23,24.877272,20.65920780653417
2026-03-12 10:36:53,24.78071,20.6617287017025
2026-03-12 10:37:23,24.766126,20.664191195750288
2026-03-12 10:37:53,24.453196,20.666583330352864
2026-03-12 10:38:23,24.4265,20.66883644552599
2026-03-12 10:38:53,24.4265,20.67108367275337
2026-03-12 10:39:23,24.140466,20.673243060644698
2026-03-12 10:39:53,23.950374,20.67522706375438
2026-03-12 10:40:23,21.815726,20.67683732013372
2026-03-12 10:40:53,24.80658,20.677992627833902
2026-03-12 10:41:23,15.629922,20.678971193504793
2026-03-12 10:41:53,8.499166,20.672515973502303
2026-03-12 10:42:23,24.369526,20.670541291499585
2026-03-12 10:42:53,21.396674,20.67004773613205
2026-03-12 10:43:23,12.886294,20.669767315699726
2026-03-12 10:43:53,24.707042,20.667716824825618
2026-03-12 10:44:23,24.779464,20.670152565809797
2026-03-12 10:44:53,24.816332,20.672522671918294
2026-03-12 10:45:23,24.790378,20.67498119796653
2026-03-12 10:45:53,24.836566,20.677287214890086
2026-03-12 10:46:23,24.711956,20.679706026751493
2026-03-12 10:46:53,23.948176,20.681732659308114
2026-03-12 10:47:23,24.924912,20.68391703133757
2026-03-12 10:47:53,22.106454,20.686124444738088
2026-03-12 10:48:23,4.976612,20.678185665904522
2026-03-12 10:48:53,24.648478,20.67931865664644
2026-03-12 10:49:23,24.765122,20.681524229672796
2026-03-12 10:49:53,4.805126,20.677670785101526
2026-03-12 10:50:23,24.754025,20.678525729932748
2026-03-12 10:50:53,24.717582,20.676656920112414
2026-03-12 10:51:23,24.919012,20.67914872575323
2026-03-12 10:51:53,24.830314,20.681637663061398
2026-03-12 10:52:23,24.850528,20.684081288441167
2026-03-12 10:52:53,24.821922999999998,20.686531947239434
2026-03-12 10:53:23,24.755394,20.68892847421327
2026-03-12 10:53:53,17.38248,20.688148201688076
2026-03-12 10:54:23,24.909068,20.6866491943281
2026-03-12 10:54:53,24.909068,20.68912694575933
2026-03-12 10:55:23,24.760632,20.691549559506587
2026-03-12 10:55:53,24.755208,20.693934497167085
2026-03-12 10:56:23,24.911774,20.69502627619401
2026-03-12 10:56:53,24.923354,20.69735914754898
2026-03-12 10:57:23,24.792604,20.69979859240551
2026-03-12 10:57:53,24.722654,20.70216868074614
2026-03-12 10:58:23,24.948754,20.70456997450033
2026-03-12 10:58:53,24.711378,20.706972956876413
2026-03-12 10:59:23,24.711378,20.709310431120365
2026-03-12 10:59:53,24.711378,20.711645178068604
2026-03-12 11:00:23,24.806044,20.713998410094455
2026-03-12 11:00:53,24.824628,20.71168205393909
2026-03-12 11:01:23,23.655908,20.71346445946733
2026-03-12 11:01:53,24.754574,20.715847250058204
2026-03-12 11:02:23,24.766882,20.71820711437934
2026-03-12 11:02:53,23.772036,20.72042234177583
2026-03-12 11:03:23,23.772036,20.722195367490414
2026-03-12 11:03:53,24.902272,20.724469497386963
2026-03-12 11:04:23,24.814116,20.72683422720238
2026-03-12 11:04:53,10.711444,20.72509979612946
2026-03-12 11:05:23,24.748198,20.7244536502879
2026-03-12 11:05:53,24.748198,20.72678472418121
2026-03-12 11:06:23,24.573696,20.72904700202648
2026-03-12 11:06:53,16.589502,20.729881773262093
2026-03-12 11:07:23,24.773542,20.731641986987704
2026-03-12 11:07:53,24.171936,20.733732223277592
2026-03-12 11:08:23,24.171936,20.735718323198675
2026-03-12 11:08:53,24.66058,20.73790900710107
2026-03-12 11:09:23,24.812584,20.739060500153865
2026-03-12 11:09:53,24.766412,20.741399734564816
2026-03-12 11:10:23,24.438881000000002,20.743684150900986
2026-03-12 11:10:53,24.513116,20.745898232489825
2026-03-12 11:11:23,24.584788,20.748076364604522
2026-03-12 11:11:53,24.542498,20.750078107567504
2026-03-12 11:12:23,24.600094,20.75228303164411
2026-03-12 11:12:53,24.219264,20.75431864721094
2026-03-12 11:13:23,24.856646,20.75645354717234
2026-03-12 11:13:53,15.36525,20.757645149299712
2026-03-12 11:14:23,16.300718,20.75522711987991
2026-03-12 11:14:53,16.300718,20.752673124130418
2026-03-12 11:15:23,24.862068,20.75224792063644
2026-03-12 11:15:53,16.459054,20.753147356349267
2026-03-12 11:16:23,24.822064,20.75164690340367
2026-03-12 11:16:53,24.833226,20.751842285466402
2026-03-12 11:17:23,4.906044,20.747320846647863
2026-03-12 11:17:53,24.879882,20.74245405388161
2026-03-12 11:18:23,24.413874,20.744772415292953
2026-03-12 11:18:53,24.413874,20.746866491990716
2026-03-12 11:19:23,24.700436,20.74909413170704
2026-03-12 11:19:53,24.795624,20.751260592410308
2026-03-12 11:20:23,24.372748,20.753460492023397
2026-03-12 11:20:53,23.822966,20.75545115084276
2026-03-12 11:21:23,24.803252,20.7574014598968
2026-03-12 11:21:53,24.771352,20.759702679300013
2026-03-12 11:22:23,24.730952,20.761962598571266
2026-03-12 11:22:53,24.750542,20.764223842265736
2026-03-12 11:23:23,24.340354,20.76644075593368
2026-03-12 11:23:53,24.031532,20.76830535909125
2026-03-12 11:24:23,23.883494,20.770144975063335
2026-03-12 11:24:53,24.7043,20.772018342774544
2026-03-12 11:25:23,23.811662,20.773757247252334
2026-03-12 11:25:53,4.5808,20.768619175090592
2026-03-12 11:26:23,24.731966,20.7666904743464
2026-03-12 11:26:53,24.75668,20.766473365979188
2026-03-12 11:27:23,24.778496,20.768733345913255
2026-03-12 11:27:53,24.805928,20.770809732581352
2026-03-12 11:28:23,24.805928,20.77308800163737
2026-03-12 11:28:53,24.786084,20.77535996687608
2026-03-12 11:29:23,23.844676,20.777373468567884
2026-03-12 11:29:53,16.75042,20.777696675127764
2026-03-12 11:30:23,24.845902,20.77945108027566
2026-03-12 11:30:53,24.845902,20.7817405767022
2026-03-12 11:31:23,24.599016,20.783987571013242
2026-03-12 11:31:53,22.94841,20.785824199103928
2026-03-12 11:32:23,24.912,20.78684974753625
2026-03-12 11:32:53,24.824592,20.78609230535166
2026-03-12 11:33:23,24.887618,20.788363220290453
2026-03-12 11:33:53,24.058616,20.79027577066811
2026-03-12 11:34:23,24.498686,20.792439774946722
2026-03-12 11:34:53,24.498686,20.79451711196846
2026-03-12 11:35:23,24.152272,20.796491637692796
2026-03-12 11:35:53,7.649792,20.793796642523887
2026-03-12 11:36:23,24.026224,20.79064763641959
2026-03-12 11:36:53,24.754396,20.792740047144132
2026-03-12 11:37:23,24.792668,20.79496658316876
2026-03-12 11:37:53,24.36615,20.797169674344556
2026-03-12 11:38:23,24.42944,20.799297446328207
2026-03-12 11:38:53,22.936874,20.800757954746672
2026-03-12 11:39:23,24.758206,20.80288714501617
2026-03-12 11:39:53,24.613072,20.805043519675237
2026-03-12 11:40:23,24.325494,20.807155256935417
2026-03-12 11:40:53,23.348776,20.80616548758444
2026-03-12 11:41:23,24.878914,20.807722207645508
2026-03-12 11:41:53,24.638824,20.809935332882247
2026-03-12 11:42:23,24.638824,20.81206351793456
2026-03-12 11:42:53,24.754386,20.81422785632546
2026-03-12 11:43:23,24.074634,20.81634501034534
2026-03-12 11:43:53,23.73909,20.818242386005476
2026-03-12 11:44:23,24.74184,20.81896943814471
2026-03-12 11:44:53,17.724168,20.819318471343582
2026-03-12 11:45:23,24.208662,20.82095163842006
2026-03-12 11:45:53,24.015018,20.822805865624538
2026-03-12 11:46:23,24.015018,20.82457231643118
2026-03-12 11:46:53,24.803228,20.82645475081115
2026-03-12 11:47:23,23.889888,20.828282692688948
2026-03-12 11:47:53,24.756998,20.83018164284399
2026-03-12 11:48:23,24.756998,20.83234979705157
2026-03-12 11:48:53,24.77314,20.834517933724523
2026-03-12 11:49:23,24.728674,20.836712154888406
2026-03-12 11:49:53,19.304966,20.83694539216155
2026-03-12 11:50:23,1.359248,20.828994895746867
2026-03-12 11:50:53,24.918856,20.82821996323691
2026-03-12 11:51:23,24.918856,20.830471111219136
2026-03-12 11:51:53,24.8009,20.8326743686015
2026-03-12 11:52:23,24.766427,20.834839327573572
2026-03-12 11:52:53,24.906932,20.83703540661856
2026-03-12 11:53:23,24.710791999999998,20.83917401037815
2026-03-12 11:53:53,24.887582,20.838959882427194
2026-03-12 11:54:23,24.887582,20.841180576900577
2026-03-12 11:54:53,24.756948,20.84335825515313
2026-03-12 11:55:23,24.751522,20.845500450177155
2026-03-12 11:55:53,24.786286,20.847660232786946
2026-03-12 11:56:23,24.787244,20.849835847903822
2026-03-12 11:56:53,24.586112,20.851984881901394
2026-03-12 11:57:23,24.915134,20.85028518724715
2026-03-12 11:57:53,24.938318,20.852513855037884
2026-03-12 11:58:23,24.806052,20.85469636157935
2026-03-12 11:58:53,24.897798,20.85686307333891
2026-03-12 11:59:23,24.036572,20.85884470500418
2026-03-12 11:59:53,24.820628,20.86066275085417
2026-03-12 12:00:23,21.51167,20.861952072601444
2026-03-12 12:00:53,24.751328,20.863444871995497
2026-03-12 12:01:23,24.930368,20.86565860523642
2026-03-12 12:01:53,24.513716,20.86775850077978
2026-03-12 12:02:23,24.755658,20.86980772847718
2026-03-12 12:02:53,24.723962,20.871913134827185
2026-03-12 12:03:23,24.794332,20.874015601785132
2026-03-12 12:03:53,23.548912,20.87585559440142
2026-03-12 12:04:23,24.640515999999998,20.87798696768185
2026-03-12 12:04:53,24.640515999999998,20.88016180447907
2026-03-12 12:05:23,24.756044,20.882292161307223
2026-03-12 12:05:53,24.60969,20.884366684078433
2026-03-12 12:06:23,24.74319,20.886302181163604
2026-03-12 12:06:53,24.56966,20.888313975308417
2026-03-12 12:07:23,24.705544,20.890353567202652
2026-03-12 12:07:53,14.577156,20.891504616622225
2026-03-12 12:08:23,24.348502,20.891193684391542
2026-03-12 12:08:53,24.624896,20.89314988519545
2026-03-12 12:09:23,21.826369,20.89496553727021
2026-03-12 12:09:53,24.785289,20.89518216444341
2026-03-12 12:10:23,24.723328,20.897282108401914
2026-03-12 12:10:53,24.735042,20.899347194041376
2026-03-12 12:11:23,24.488942,20.901355300875903
2026-03-12 12:11:53,24.759290999999997,20.90342080893011
2026-03-12 12:12:23,24.334614,20.905389689909274
2026-03-12 12:12:53,24.721982,20.907451585639024
2026-03-12 12:13:23,24.090112,20.909496171418848
2026-03-12 12:13:53,24.090112,20.9112042208757
2026-03-12 12:14:23,24.716626,20.913039900293413
2026-03-12 12:14:53,24.794268,20.915012268954296
2026-03-12 12:15:23,24.748926,20.91688360505058
2026-03-12 12:15:53,23.808194,20.917403963793227
2026-03-12 12:16:23,24.843796,20.91938514451744
2026-03-12 12:16:53,24.783126,20.921480444204555
2026-03-12 12:17:23,24.753102,20.923530043888434
2026-03-12 12:17:53,24.781408,20.92557981543205
2026-03-12 12:18:23,24.35281,20.927594838297647
2026-03-12 12:18:53,24.864968,20.921732420002137
2026-03-12 12:19:23,24.859318,20.923836669875786
2026-03-12 12:19:53,24.759828,20.925895864701907
2026-03-12 12:20:23,24.749376,20.92796879171259
2026-03-12 12:20:53,23.75191,20.929842758847986
2026-03-12 12:21:23,24.447248,20.931550624018893
2026-03-12 12:21:53,24.702044,20.933199331339626
2026-03-12 12:22:23,23.221422,20.93486403063469
2026-03-12 12:22:53,24.766412,20.936641342475713
2026-03-12 12:23:23,21.816688,20.936355761119184
2026-03-12 12:23:53,20.822726,20.936290305699206
2026-03-12 12:24:23,24.728112,20.938096488529755
2026-03-12 12:24:53,24.796022,20.94013320520487
2026-03-12 12:25:23,24.717808,20.942147980178238
2026-03-12 12:25:53,13.51219,20.943015177276262
2026-03-12 12:26:23,24.88259,20.94350716488854
2026-03-12 12:26:53,24.13339,20.945481325912716
2026-03-12 12:27:23,24.159752,20.947230397413275
2026-03-12 12:27:53,24.159752,20.948930024389814
2026-03-12 12:28:23,24.159752,20.950627853897135
2026-03-12 12:28:53,24.159752,20.952323888785145
2026-03-12 12:29:23,24.159752,20.954018131897737
2026-03-12 12:29:53,24.847687999999998,20.95594218631212
2026-03-12 12:30:23,24.80675,20.957949490572343
2026-03-12 12:30:53,24.30159,20.95968488413262
2026-03-12 12:31:23,23.744998,20.96138547821274
2026-03-12 12:31:53,15.810018,20.960290007358108
2026-03-12 12:32:23,24.781382,20.961672169463267
2026-03-12 12:32:53,24.74953,20.963679588572735
2026-03-12 12:33:23,24.726836,20.96566769135954
2026-03-12 12:33:53,7.329336,20.96591475671176
2026-03-12 12:34:23,24.760932,20.965150561267382
2026-03-12 12:34:53,24.579178,20.96712809563406
2026-03-12 12:35:23,24.208166,20.968940249413862
2026-03-12 12:35:53,24.766602,20.970825165763152
2026-03-12 12:36:23,24.864828,20.972825771576886
2026-03-12 12:36:53,24.607544,20.974675748113338
2026-03-12 12:37:23,23.240954,20.976283829538712
2026-03-12 12:37:53,24.504294,20.976030788688398
2026-03-12 12:38:23,24.733584,20.977956935413545
2026-03-12 12:38:53,24.840182,20.979952629192525
2026-03-12 12:39:23,24.719408,20.98185903388856
2026-03-12 12:39:53,24.712704,20.98381621592017
2026-03-12 12:40:23,24.871372,20.985766041894383
2026-03-12 12:40:53,24.72401,20.98774260822142
2026-03-12 12:41:23,24.72401,20.989691490610983
2026-03-12 12:41:53,24.79664,20.991639603103714
2026-03-12 12:42:23,24.490252,20.99355494516622
2026-03-12 12:42:53,24.490252,20.99670170425347
2026-03-12 12:43:23,24.399326,21.00361832942708
2026-03-12 12:43:53,24.71376,21.006749606197914
2026-03-12 12:44:23,14.124645,21.011204295815972
2026-03-12 12:44:53,14.093985,21.01838538470486
2026-03-12 12:45:23,24.862609,21.023046246892363
2026-03-12 12:45:53,24.718824,21.026527048628473
2026-03-12 12:46:23,24.79343,21.031315314392362
2026-03-12 12:46:53,14.522957,21.03481022689236
2026-03-12 12:47:23,8.841588,21.027397894635417
2026-03-12 12:47:53,24.389125,21.03273008050347
2026-03-12 12:48:23,24.74983,21.032451873871526
2026-03-12 12:48:53,24.817174,21.03248191480903
2026-03-12 12:49:23,24.796206,21.032472369913194
2026-03-12 12:49:53,24.758994,21.028380974427083
2026-03-12 12:50:23,24.722462,21.02860669560764
2026-03-12 12:50:53,24.709848,21.03463433001736
2026-03-12 12:51:23,24.53945,21.035898565260418
2026-03-12 12:51:53,24.6859,21.040405559531248
2026-03-12 12:52:23,22.872633,21.041025350086805
2026-03-12 12:52:53,22.872633,21.041548767170138
2026-03-12 12:53:23,24.893938,21.04133688921875
2026-03-12 12:53:53,24.817894,21.042613971961803
2026-03-12 12:54:23,23.545524,21.044738365711805
2026-03-12 12:54:53,24.843764,21.050507529635418
2026-03-12 12:55:23,24.816898000000002,21.051416089184027
2026-03-12 12:55:53,24.771006,21.051611240711804
2026-03-12 12:56:23,24.807128,21.05357934449653
2026-03-12 12:56:53,24.74223,21.058099535677083
2026-03-12 12:57:23,24.743258,21.05805062671875
2026-03-12 12:57:53,24.773728,21.05804327442708
2026-03-12 12:58:23,24.761368,21.058134750815974
2026-03-12 12:58:53,2.370722,21.056345937934026
2026-03-12 12:59:23,24.07706,21.04867372793403
2026-03-12 12:59:53,24.07706,21.04833120314236
2026-03-12 13:00:23,23.893302,21.04851246769097
2026-03-12 13:00:53,24.613830999999998,21.049320105399307
2026-03-12 13:01:23,24.785736,21.05253660737847
2026-03-12 13:01:53,18.572988,21.052765226649306
2026-03-12 13:02:23,18.572988,21.049760958906248
2026-03-12 13:02:53,24.888096,21.051583325572917
2026-03-12 13:03:23,24.8176,21.051922012274307
2026-03-12 13:03:53,18.16765,21.05133215980903
2026-03-12 13:04:23,24.768886,21.050154425225692
2026-03-12 13:04:53,24.768886,21.050123646822918
2026-03-12 13:05:23,24.78428,21.053437712135416
2026-03-12 13:05:53,24.705474,21.062756903593748
2026-03-12 13:06:23,24.84981,21.06273114359375
2026-03-12 13:06:53,4.347298,21.057591674218752
2026-03-12 13:07:23,4.347298,21.051572873871528
2026-03-12 13:07:53,24.810928,21.049703949878474
2026-03-12 13:08:23,16.149842,21.052045176302084
2026-03-12 13:08:53,24.762538,21.05310456119792
2026-03-12 13:09:23,24.174104,21.053143365121528
2026-03-12 13:09:53,24.74322,21.05344512699653
2026-03-12 13:10:23,24.822584,21.057474903524305
2026-03-12 13:10:53,24.889772,21.06184132439236
2026-03-12 13:11:23,24.741082,21.068894818802086
2026-03-12 13:11:53,24.741082,21.071063715399305
2026-03-12 13:12:23,24.70346,21.07646557237847
2026-03-12 13:12:53,24.837232,21.08147362282986
2026-03-12 13:13:23,24.399864,21.082636177378472
2026-03-12 13:13:53,20.021068,21.080543232552085
2026-03-12 13:14:23,6.517104,21.078894690989582
2026-03-12 13:14:53,24.729312,21.074515817343748
2026-03-12 13:15:23,24.779412,21.074503428975692
2026-03-12 13:15:53,24.745954,21.074576427656247
2026-03-12 13:16:23,24.65914,21.08405923651042
2026-03-12 13:16:53,24.795712,21.086463552413196
2026-03-12 13:17:23,24.914446,21.08913202237847
2026-03-12 13:17:53,24.506214,21.09517642026042
2026-03-12 13:18:23,24.70527,21.09524023967014
2026-03-12 13:18:53,24.811618,21.095744023697918
2026-03-12 13:19:23,24.733048,21.099200568281248
2026-03-12 13:19:53,23.693618,21.110728448246526
2026-03-12 13:20:23,24.4879,21.11782398282986
2026-03-12 13:20:53,24.770438,21.11780014810764
2026-03-12 13:21:23,24.74169,21.12286992751736
2026-03-12 13:21:53,23.879166,21.12540171560764
2026-03-12 13:22:23,24.238482,21.12526801685764
2026-03-12 13:22:53,24.54851,21.12528566873264
2026-03-12 13:23:23,24.786248,21.125724638871528
2026-03-12 13:23:53,24.743886,21.134624561718752
2026-03-12 13:24:23,24.749646,21.146878345052084
2026-03-12 13:24:53,23.360738,21.147644293038194
2026-03-12 13:25:23,23.909642,21.147136465434027
2026-03-12 13:25:53,24.064496,21.151758033802086
2026-03-12 13:26:23,24.064496,21.151821587795137
2026-03-12 13:26:53,24.74117,21.15937984296875
2026-03-12 13:27:23,17.540788,21.159916489670138
2026-03-12 13:27:53,24.72979,21.158933778038197
2026-03-12 13:28:23,24.701782,21.15892238137153
2026-03-12 13:28:53,24.803634,21.158996926822915
2026-03-12 13:29:23,24.849098,21.16009637092014
2026-03-12 13:29:53,11.622288,21.163662180989583
2026-03-12 13:30:23,24.172528,21.167773470989584
2026-03-12 13:30:53,24.832704,21.177549729670137
2026-03-12 13:31:23,24.031842,21.183910901961806
2026-03-12 13:31:53,24.22296,21.183666807864583
2026-03-12 13:32:23,22.8535,21.183729378697915
2026-03-12 13:32:53,24.738366,21.183324488489582
2026-03-12 13:33:23,24.71788,21.183275754461807
2026-03-12 13:33:53,24.317758,21.18640075619792
2026-03-12 13:34:23,24.087948,21.190644076961803
2026-03-12 13:34:53,24.712892,21.194837139635418
2026-03-12 13:35:23,24.75293,21.199837788350695
2026-03-12 13:35:53,24.75293,21.199819817517362
2026-03-12 13:36:23,24.703662,21.200332101128474
2026-03-12 13:36:53,24.703662,21.204981331197917
2026-03-12 13:37:23,24.81288,21.205219854947917
2026-03-12 13:37:53,23.458166,21.20434026376736
2026-03-12 13:38:23,24.7042,21.20689478265625
2026-03-12 13:38:53,23.868678,21.20670875269097
2026-03-12 13:39:23,23.933588,21.206509604878473
2026-03-12 13:39:53,24.756558,21.20988531602431
2026-03-12 13:40:23,24.724922,21.211381490329863
2026-03-12 13:40:53,24.801622,21.21287652484375
2026-03-12 13:41:23,19.847748,21.215960315086804
2026-03-12 13:41:53,14.744214,21.212927025815972
2026-03-12 13:42:23,24.788362,21.21128998032986
2026-03-12 13:42:53,24.95227,21.21298361546875
2026-03-12 13:43:23,24.739256,21.222730304114584
2026-03-12 13:43:53,24.78888,21.231225541701388
2026-03-12 13:44:23,24.762188,21.231890058125
