Time,Series_B
2026-03-16 21:48:37,5
2026-03-16 21:49:07,5
2026-03-16 21:49:37,5
2026-03-16 21:50:07,5
2026-03-16 21:50:37,5
2026-03-16 21:51:07,1
2026-03-16 21:51:37,9
2026-03-16 21:52:07,9
2026-03-16 21:52:37,9
2026-03-16 21:53:07,9
2026-03-16 21:53:37,9
2026-03-16 21:54:07,9
2026-03-16 21:54:37,9
2026-03-16 21:55:07,9
2026-03-16 21:55:37,12
2026-03-16 21:56:07,17
2026-03-16 21:56:37,17
2026-03-16 21:57:07,1
2026-03-16 21:57:37,1
2026-03-16 21:58:07,17
2026-03-16 21:58:37,17
2026-03-16 21:59:07,17
2026-03-16 21:59:37,17
2026-03-16 22:00:07,17
2026-03-16 22:00:37,23
2026-03-16 22:01:07,23
2026-03-16 22:01:37,25
2026-03-16 22:02:07,25
2026-03-16 22:02:37,33
2026-03-16 22:03:07,33
2026-03-16 22:03:37,33
2026-03-16 22:04:07,33
2026-03-16 22:04:37,33
2026-03-16 22:05:07,33
2026-03-16 22:05:37,2
2026-03-16 22:06:07,1
2026-03-16 22:06:37,1
2026-03-16 22:07:07,2
2026-03-16 22:07:37,2
2026-03-16 22:08:07,2
2026-03-16 22:08:37,2
2026-03-16 22:09:07,2
2026-03-16 22:09:37,2
2026-03-16 22:10:07,2
2026-03-16 22:10:37,2
2026-03-16 22:11:07,3
2026-03-16 22:11:37,2
2026-03-16 22:12:07,2
2026-03-16 22:12:37,3
2026-03-16 22:13:07,3
2026-03-16 22:13:37,3
2026-03-16 22:14:07,3
2026-03-16 22:14:37,3
2026-03-16 22:15:07,3
2026-03-16 22:15:37,3
2026-03-16 22:16:07,4
2026-03-16 22:16:37,4
2026-03-16 22:17:07,4
2026-03-16 22:17:37,4
2026-03-16 22:18:07,5
2026-03-16 22:18:37,5
2026-03-16 22:19:07,5
2026-03-16 22:19:37,5
2026-03-16 22:20:07,5
2026-03-16 22:20:37,5
2026-03-16 22:21:07,7
2026-03-16 22:21:37,7
2026-03-16 22:22:07,7
2026-03-16 22:22:37,7
2026-03-16 22:23:07,9
2026-03-16 22:23:37,9
2026-03-16 22:24:07,9
2026-03-16 22:24:37,9
2026-03-16 22:25:07,9
2026-03-16 22:25:37,12
2026-03-16 22:26:07,12
2026-03-16 22:26:37,15
2026-03-16 22:27:07,17
2026-03-16 22:27:37,17
2026-03-16 22:28:07,17
2026-03-16 22:28:37,1
2026-03-16 22:29:07,17
2026-03-16 22:29:37,17
2026-03-16 22:30:07,17
2026-03-16 22:30:37,23
2026-03-16 22:31:07,1
2026-03-16 22:31:37,1
2026-03-16 22:32:07,1
2026-03-16 22:32:37,33
2026-03-16 22:33:07,33
2026-03-16 22:33:37,33
2026-03-16 22:34:07,33
2026-03-16 22:34:37,33
2026-03-16 22:35:07,33
2026-03-16 22:35:37,33
2026-03-16 22:36:07,32
2026-03-16 22:36:37,3
2026-03-16 22:37:07,2
2026-03-16 22:37:37,2
2026-03-16 22:38:07,2
2026-03-16 22:38:37,2
2026-03-16 22:39:07,2
2026-03-16 22:39:37,1
2026-03-16 22:40:07,2
2026-03-16 22:40:37,2
2026-03-16 22:41:07,3
2026-03-16 22:41:37,1
2026-03-16 22:42:07,3
2026-03-16 22:42:37,3
2026-03-16 22:43:07,3
2026-03-16 22:43:37,3
2026-03-16 22:44:07,3
2026-03-16 22:44:37,3
2026-03-16 22:45:07,3
2026-03-16 22:45:37,3
2026-03-16 22:46:07,3
2026-03-16 22:46:37,3
2026-03-16 22:47:07,4
2026-03-16 22:47:37,4
2026-03-16 22:48:07,4
2026-03-16 22:48:37,4
2026-03-16 22:49:07,4
2026-03-16 22:49:37,5
2026-03-16 22:50:07,5
2026-03-16 22:50:37,5
2026-03-16 22:51:07,5
2026-03-16 22:51:37,7
2026-03-16 22:52:07,7
2026-03-16 22:52:37,7
2026-03-16 22:53:07,7
2026-03-16 22:53:37,7.5
2026-03-16 22:54:07,9
2026-03-16 22:54:37,9
2026-03-16 22:55:07,9
2026-03-16 22:55:37,9
2026-03-16 22:56:07,9
2026-03-16 22:56:37,12
2026-03-16 22:57:07,12
2026-03-16 22:57:37,17
2026-03-16 22:58:07,17
2026-03-16 22:58:37,17
2026-03-16 22:59:07,17
2026-03-16 22:59:37,17
2026-03-16 23:00:07,17
2026-03-16 23:00:37,17
2026-03-16 23:01:07,17
2026-03-16 23:01:37,17
2026-03-16 23:02:07,17
2026-03-16 23:02:37,23
2026-03-16 23:03:07,23
2026-03-16 23:03:37,33
2026-03-16 23:04:07,33
2026-03-16 23:04:37,33
2026-03-16 23:05:07,33
2026-03-16 23:05:37,33
2026-03-16 23:06:07,33
2026-03-16 23:06:37,33
2026-03-16 23:07:07,27
2026-03-16 23:07:37,2
2026-03-16 23:08:07,2
2026-03-16 23:08:37,2
2026-03-16 23:09:07,1
2026-03-16 23:09:37,2
2026-03-16 23:10:07,2
2026-03-16 23:10:37,1
2026-03-16 23:11:07,1
2026-03-16 23:11:37,1
2026-03-16 23:12:07,2
2026-03-16 23:12:37,3
2026-03-16 23:13:07,3
2026-03-16 23:13:37,1
2026-03-16 23:14:07,3
2026-03-16 23:14:37,3
2026-03-16 23:15:07,3
2026-03-16 23:15:37,2.25
2026-03-16 23:16:07,3
2026-03-16 23:16:37,3
2026-03-16 23:17:07,4
2026-03-16 23:17:37,4
2026-03-16 23:18:07,5
2026-03-16 23:18:37,5
2026-03-16 23:19:07,5
2026-03-16 23:19:37,5
2026-03-16 23:20:07,5
2026-03-16 23:20:37,5
2026-03-16 23:21:07,2
2026-03-16 23:21:37,4
2026-03-16 23:22:07,7
2026-03-16 23:22:37,9
2026-03-16 23:23:07,9
2026-03-16 23:23:37,9
2026-03-16 23:24:07,9
2026-03-16 23:24:37,9
2026-03-16 23:25:07,9
2026-03-16 23:25:37,9
2026-03-16 23:26:07,9
2026-03-16 23:26:37,1
2026-03-16 23:27:07,1
2026-03-16 23:27:37,12
2026-03-16 23:28:07,17
2026-03-16 23:28:37,17
2026-03-16 23:29:07,17
2026-03-16 23:29:37,17
2026-03-16 23:30:07,17
2026-03-16 23:30:37,17
2026-03-16 23:31:07,17
2026-03-16 23:31:37,1
2026-03-16 23:32:07,33
2026-03-16 23:32:37,33
2026-03-16 23:33:07,33
2026-03-16 23:33:37,1
2026-03-16 23:34:07,33
2026-03-16 23:34:37,33
2026-03-16 23:35:07,33
2026-03-16 23:35:37,33
2026-03-16 23:36:07,33
2026-03-16 23:36:37,33
2026-03-16 23:37:07,33
2026-03-16 23:37:37,2
2026-03-16 23:38:07,2
2026-03-16 23:38:37,1
2026-03-16 23:39:07,1
2026-03-16 23:39:37,2
2026-03-16 23:40:07,2
2026-03-16 23:40:37,2
2026-03-16 23:41:07,2
2026-03-16 23:41:37,2
2026-03-16 23:42:07,2
2026-03-16 23:42:37,3
2026-03-16 23:43:07,3
2026-03-16 23:43:37,1
2026-03-16 23:44:07,3
2026-03-16 23:44:37,1
2026-03-16 23:45:07,3
2026-03-16 23:45:37,3
2026-03-16 23:46:07,3
2026-03-16 23:46:37,3
2026-03-16 23:47:07,3
2026-03-16 23:47:37,3
2026-03-16 23:48:07,4
2026-03-16 23:48:37,4
2026-03-16 23:49:07,4
2026-03-16 23:49:37,4
2026-03-16 23:50:07,5
2026-03-16 23:50:37,5
2026-03-16 23:51:07,5
2026-03-16 23:51:37,5
2026-03-16 23:52:07,5
2026-03-16 23:52:37,7
2026-03-16 23:53:07,7
2026-03-16 23:53:37,9
2026-03-16 23:54:07,1
2026-03-16 23:54:37,9
2026-03-16 23:55:07,1
2026-03-16 23:55:37,9
2026-03-16 23:56:07,1
2026-03-16 23:56:37,9
2026-03-16 23:57:07,9
2026-03-16 23:57:37,17
2026-03-16 23:58:07,17
2026-03-16 23:58:37,1
2026-03-16 23:59:07,17
2026-03-16 23:59:37,17
2026-03-17 00:00:07,17
2026-03-17 00:00:37,17
2026-03-17 00:01:07,17
2026-03-17 00:01:37,17
2026-03-17 00:02:07,17
2026-03-17 00:02:37,23
2026-03-17 00:03:07,33
2026-03-17 00:03:37,1
2026-03-17 00:04:07,33
2026-03-17 00:04:37,1
2026-03-17 00:05:07,1
2026-03-17 00:05:37,33
2026-03-17 00:06:07,33
2026-03-17 00:06:37,33
2026-03-17 00:07:07,1
2026-03-17 00:07:37,1
2026-03-17 00:08:07,2
2026-03-17 00:08:37,2
2026-03-17 00:09:07,2
2026-03-17 00:09:37,2
2026-03-17 00:10:07,2
2026-03-17 00:10:37,2
2026-03-17 00:11:07,1
2026-03-17 00:11:37,2
2026-03-17 00:12:07,1
2026-03-17 00:12:37,1
2026-03-17 00:13:07,2
2026-03-17 00:13:37,2
2026-03-17 00:14:07,3
2026-03-17 00:14:37,3
2026-03-17 00:15:07,3
2026-03-17 00:15:37,3
2026-03-17 00:16:07,3
2026-03-17 00:16:37,3
2026-03-17 00:17:07,3
2026-03-17 00:17:37,3
2026-03-17 00:18:07,1
2026-03-17 00:18:37,5
2026-03-17 00:19:07,3
2026-03-17 00:19:37,5
2026-03-17 00:20:07,5
2026-03-17 00:20:37,5
2026-03-17 00:21:07,5
2026-03-17 00:21:37,5
2026-03-17 00:22:07,5
2026-03-17 00:22:37,5
2026-03-17 00:23:07,5
2026-03-17 00:23:37,7
2026-03-17 00:24:07,9
2026-03-17 00:24:37,9
2026-03-17 00:25:07,9
2026-03-17 00:25:37,9
2026-03-17 00:26:07,9
2026-03-17 00:26:37,9
2026-03-17 00:27:07,1
2026-03-17 00:27:37,9
2026-03-17 00:28:07,1
2026-03-17 00:28:37,17
2026-03-17 00:29:07,17
2026-03-17 00:29:37,17
2026-03-17 00:30:07,17
2026-03-17 00:30:37,17
2026-03-17 00:31:07,17
2026-03-17 00:31:37,17
2026-03-17 00:32:07,17
2026-03-17 00:32:37,1
2026-03-17 00:33:07,1
2026-03-17 00:33:37,33
2026-03-17 00:34:07,1
2026-03-17 00:34:37,33
2026-03-17 00:35:07,33
2026-03-17 00:35:37,33
2026-03-17 00:36:07,33
2026-03-17 00:36:37,33
2026-03-17 00:37:07,33
2026-03-17 00:37:37,33
2026-03-17 00:38:07,33
2026-03-17 00:38:37,2
2026-03-17 00:39:07,2
2026-03-17 00:39:37,2
2026-03-17 00:40:07,1
2026-03-17 00:40:37,2
2026-03-17 00:41:07,1
2026-03-17 00:41:37,2
2026-03-17 00:42:07,2
2026-03-17 00:42:37,2
2026-03-17 00:43:07,2
2026-03-17 00:43:37,2
2026-03-17 00:44:07,1
2026-03-17 00:44:37,3
2026-03-17 00:45:07,3
2026-03-17 00:45:37,3
2026-03-17 00:46:07,3
2026-03-17 00:46:37,1
2026-03-17 00:47:07,3
2026-03-17 00:47:37,3
2026-03-17 00:48:07,3
2026-03-17 00:48:37,3.75
2026-03-17 00:49:07,5
2026-03-17 00:49:37,5
2026-03-17 00:50:07,5
2026-03-17 00:50:37,5
2026-03-17 00:51:07,5
2026-03-17 00:51:37,5
2026-03-17 00:52:07,5
2026-03-17 00:52:37,5
2026-03-17 00:53:07,5
2026-03-17 00:53:37,1
2026-03-17 00:54:07,9
2026-03-17 00:54:37,9
2026-03-17 00:55:07,9
2026-03-17 00:55:37,9
2026-03-17 00:56:07,9
2026-03-17 00:56:37,9
2026-03-17 00:57:07,9
2026-03-17 00:57:37,9
2026-03-17 00:58:07,9
2026-03-17 00:58:37,12
2026-03-17 00:59:07,12
2026-03-17 00:59:37,12
2026-03-17 01:00:07,1
2026-03-17 01:00:37,1
2026-03-17 01:01:07,1
2026-03-17 01:01:37,17
2026-03-17 01:02:07,17
2026-03-17 01:02:37,17
2026-03-17 01:03:07,17
2026-03-17 01:03:37,21
2026-03-17 01:04:07,23
2026-03-17 01:04:37,33
2026-03-17 01:05:07,33
2026-03-17 01:05:37,1
2026-03-17 01:06:07,33
2026-03-17 01:06:37,33
2026-03-17 01:07:07,33
2026-03-17 01:07:37,33
2026-03-17 01:08:07,33
2026-03-17 01:08:37,33
2026-03-17 01:09:07,2
2026-03-17 01:09:37,2
2026-03-17 01:10:07,1
2026-03-17 01:10:37,2
2026-03-17 01:11:07,1
2026-03-17 01:11:37,1
2026-03-17 01:12:07,2
2026-03-17 01:12:37,2
2026-03-17 01:13:07,2
2026-03-17 01:13:37,2
2026-03-17 01:14:07,2.25
2026-03-17 01:14:37,3
2026-03-17 01:15:07,3
2026-03-17 01:15:37,3
2026-03-17 01:16:07,3
2026-03-17 01:16:37,3
2026-03-17 01:17:07,3
2026-03-17 01:17:37,3
2026-03-17 01:18:07,3
2026-03-17 01:18:37,3
2026-03-17 01:19:07,1
2026-03-17 01:19:37,5
2026-03-17 01:20:07,5
2026-03-17 01:20:37,1
2026-03-17 01:21:07,5
2026-03-17 01:21:37,1
2026-03-17 01:22:07,1
2026-03-17 01:22:37,5
2026-03-17 01:23:07,5
2026-03-17 01:23:37,5
2026-03-17 01:24:07,7
2026-03-17 01:24:37,9
2026-03-17 01:25:07,9
2026-03-17 01:25:37,9
2026-03-17 01:26:07,9
2026-03-17 01:26:37,5
2026-03-17 01:27:07,9
2026-03-17 01:27:37,9
2026-03-17 01:28:07,9
2026-03-17 01:28:37,9
2026-03-17 01:29:07,9
2026-03-17 01:29:37,12
2026-03-17 01:30:07,16.75
2026-03-17 01:30:37,17
2026-03-17 01:31:07,17
2026-03-17 01:31:37,17
2026-03-17 01:32:07,17
2026-03-17 01:32:37,17
2026-03-17 01:33:07,17
2026-03-17 01:33:37,17
2026-03-17 01:34:07,20
2026-03-17 01:34:37,23
2026-03-17 01:35:07,33
2026-03-17 01:35:37,33
2026-03-17 01:36:07,33
2026-03-17 01:36:37,33
2026-03-17 01:37:07,33
2026-03-17 01:37:37,33
2026-03-17 01:38:07,33
2026-03-17 01:38:37,33
2026-03-17 01:39:07,33
2026-03-17 01:39:37,3
2026-03-17 01:40:07,2
2026-03-17 01:40:37,2
2026-03-17 01:41:07,2
2026-03-17 01:41:37,2
2026-03-17 01:42:07,1
2026-03-17 01:42:37,2
2026-03-17 01:43:07,2
2026-03-17 01:43:37,1
2026-03-17 01:44:07,2
2026-03-17 01:44:37,3
2026-03-17 01:45:07,3
2026-03-17 01:45:37,3
2026-03-17 01:46:07,3
2026-03-17 01:46:37,3
2026-03-17 01:47:07,3
2026-03-17 01:47:37,3
2026-03-17 01:48:07,3
2026-03-17 01:48:37,3
2026-03-17 01:49:07,3
2026-03-17 01:49:37,4
2026-03-17 01:50:07,4
2026-03-17 01:50:37,4
2026-03-17 01:51:07,5
2026-03-17 01:51:37,5
2026-03-17 01:52:07,5
2026-03-17 01:52:37,5
2026-03-17 01:53:07,5
2026-03-17 01:53:37,5
2026-03-17 01:54:07,5
2026-03-17 01:54:37,5
2026-03-17 01:55:07,5
2026-03-17 01:55:37,5
2026-03-17 01:56:07,9
2026-03-17 01:56:37,9
2026-03-17 01:57:07,9
2026-03-17 01:57:37,9
2026-03-17 01:58:07,9
2026-03-17 01:58:37,9
2026-03-17 01:59:07,9
2026-03-17 01:59:37,9
2026-03-17 02:00:07,12
2026-03-17 02:00:37,12
2026-03-17 02:01:07,17
2026-03-17 02:01:37,17
2026-03-17 02:02:07,17
2026-03-17 02:02:37,1
2026-03-17 02:03:07,1
2026-03-17 02:03:37,17
2026-03-17 02:04:07,17
2026-03-17 02:04:37,23
2026-03-17 02:05:07,33
2026-03-17 02:05:37,33
2026-03-17 02:06:07,33
2026-03-17 02:06:37,33
2026-03-17 02:07:07,33
2026-03-17 02:07:37,33
2026-03-17 02:08:07,33
2026-03-17 02:08:37,33
2026-03-17 02:09:07,1
2026-03-17 02:09:37,2
2026-03-17 02:10:07,2
2026-03-17 02:10:37,2
2026-03-17 02:11:07,2
2026-03-17 02:11:37,2
2026-03-17 02:12:07,2
2026-03-17 02:12:37,2
2026-03-17 02:13:07,2
2026-03-17 02:13:37,2
2026-03-17 02:14:07,2
2026-03-17 02:14:37,2
2026-03-17 02:15:07,2
2026-03-17 02:15:37,1
2026-03-17 02:16:07,1
2026-03-17 02:16:37,3
2026-03-17 02:17:07,3
2026-03-17 02:17:37,3
2026-03-17 02:18:07,1
2026-03-17 02:18:37,1
2026-03-17 02:19:07,1
2026-03-17 02:19:37,3
2026-03-17 02:20:07,5
2026-03-17 02:20:37,5
2026-03-17 02:21:07,5
2026-03-17 02:21:37,5
2026-03-17 02:22:07,5
2026-03-17 02:22:37,5
2026-03-17 02:23:07,5
2026-03-17 02:23:37,5
2026-03-17 02:24:07,1
2026-03-17 02:24:37,1
2026-03-17 02:25:07,9
2026-03-17 02:25:37,9
2026-03-17 02:26:07,9
2026-03-17 02:26:37,9
2026-03-17 02:27:07,1
2026-03-17 02:27:37,1
2026-03-17 02:28:07,1
2026-03-17 02:28:37,1
2026-03-17 02:29:07,9
2026-03-17 02:29:37,9
2026-03-17 02:30:07,11
2026-03-17 02:30:37,17
2026-03-17 02:31:07,1
2026-03-17 02:31:37,17
2026-03-17 02:32:07,1
2026-03-17 02:32:37,1
2026-03-17 02:33:07,1
2026-03-17 02:33:37,17
2026-03-17 02:34:07,17
2026-03-17 02:34:37,17
2026-03-17 02:35:07,23
2026-03-17 02:35:37,23
2026-03-17 02:36:07,23
2026-03-17 02:36:37,33
2026-03-17 02:37:07,33
2026-03-17 02:37:37,33
2026-03-17 02:38:07,33
2026-03-17 02:38:37,33
2026-03-17 02:39:07,33
2026-03-17 02:39:37,33
2026-03-17 02:40:07,32
2026-03-17 02:40:37,33
2026-03-17 02:41:07,33
2026-03-17 02:41:37,33
2026-03-17 02:42:07,2
2026-03-17 02:42:37,2
2026-03-17 02:43:07,2
2026-03-17 02:43:37,2
2026-03-17 02:44:07,2
2026-03-17 02:44:37,2
2026-03-17 02:45:07,3
2026-03-17 02:45:37,3
2026-03-17 02:46:07,3
2026-03-17 02:46:37,3
2026-03-17 02:47:07,3
2026-03-17 02:47:37,3
2026-03-17 02:48:07,3
2026-03-17 02:48:37,3
2026-03-17 02:49:07,3
2026-03-17 02:49:37,3
2026-03-17 02:50:07,4
2026-03-17 02:50:37,4
2026-03-17 02:51:07,4
2026-03-17 02:51:37,4
2026-03-17 02:52:07,4
2026-03-17 02:52:37,5
2026-03-17 02:53:07,5
2026-03-17 02:53:37,5
2026-03-17 02:54:07,5
2026-03-17 02:54:37,5
2026-03-17 02:55:07,5
2026-03-17 02:55:37,9
2026-03-17 02:56:07,9
2026-03-17 02:56:37,9
2026-03-17 02:57:07,9
2026-03-17 02:57:37,9
2026-03-17 02:58:07,9
2026-03-17 02:58:37,9
2026-03-17 02:59:07,9
2026-03-17 02:59:37,9
2026-03-17 03:00:07,9
2026-03-17 03:00:37,9
2026-03-17 03:01:07,1
2026-03-17 03:01:37,7
2026-03-17 03:02:07,2
2026-03-17 03:02:37,17
2026-03-17 03:03:07,1
2026-03-17 03:03:37,17
2026-03-17 03:04:07,1
2026-03-17 03:04:37,17
2026-03-17 03:05:07,17
2026-03-17 03:05:37,33
2026-03-17 03:06:07,1
2026-03-17 03:06:37,33
2026-03-17 03:07:07,33
2026-03-17 03:07:37,33
2026-03-17 03:08:07,33
2026-03-17 03:08:37,33
2026-03-17 03:09:07,33
2026-03-17 03:09:37,1
2026-03-17 03:10:07,1
2026-03-17 03:10:37,2
2026-03-17 03:11:07,2
2026-03-17 03:11:37,2
2026-03-17 03:12:07,2
2026-03-17 03:12:37,2
2026-03-17 03:13:07,2
2026-03-17 03:13:37,2
2026-03-17 03:14:07,2
2026-03-17 03:14:37,2
2026-03-17 03:15:07,2
2026-03-17 03:15:37,2
2026-03-17 03:16:07,3
2026-03-17 03:16:37,3
2026-03-17 03:17:07,2.5
2026-03-17 03:17:37,1
2026-03-17 03:18:07,1
2026-03-17 03:18:37,3
2026-03-17 03:19:07,3
2026-03-17 03:19:37,3
2026-03-17 03:20:07,3
2026-03-17 03:20:37,4
2026-03-17 03:21:07,4
2026-03-17 03:21:37,4
2026-03-17 03:22:07,5
2026-03-17 03:22:37,5
2026-03-17 03:23:07,5
2026-03-17 03:23:37,5
2026-03-17 03:24:07,5
2026-03-17 03:24:37,5
2026-03-17 03:25:07,5
2026-03-17 03:25:37,1
2026-03-17 03:26:07,8
2026-03-17 03:26:37,9
2026-03-17 03:27:07,9
2026-03-17 03:27:37,9
2026-03-17 03:28:07,9
2026-03-17 03:28:37,9
2026-03-17 03:29:07,9
2026-03-17 03:29:37,9
2026-03-17 03:30:07,9
2026-03-17 03:30:37,12
2026-03-17 03:31:07,12
2026-03-17 03:31:37,12
2026-03-17 03:32:07,12
2026-03-17 03:32:37,12
2026-03-17 03:33:07,12
2026-03-17 03:33:37,17
2026-03-17 03:34:07,17
2026-03-17 03:34:37,17
2026-03-17 03:35:07,17
2026-03-17 03:35:37,22
2026-03-17 03:36:07,22
2026-03-17 03:36:37,1
2026-03-17 03:37:07,1
2026-03-17 03:37:37,33
2026-03-17 03:38:07,33
2026-03-17 03:38:37,18
2026-03-17 03:39:07,33
2026-03-17 03:39:37,1
2026-03-17 03:40:07,33
2026-03-17 03:40:37,1
2026-03-17 03:41:07,1
2026-03-17 03:41:37,2
2026-03-17 03:42:07,2
2026-03-17 03:42:37,2
2026-03-17 03:43:07,2
2026-03-17 03:43:37,2
2026-03-17 03:44:07,2
2026-03-17 03:44:37,2
2026-03-17 03:45:07,2
2026-03-17 03:45:37,2
2026-03-17 03:46:07,2
2026-03-17 03:46:37,3
2026-03-17 03:47:07,3
2026-03-17 03:47:37,3
2026-03-17 03:48:07,3
2026-03-17 03:48:37,3
2026-03-17 03:49:07,3
2026-03-17 03:49:37,3
2026-03-17 03:50:07,1
2026-03-17 03:50:37,3
2026-03-17 03:51:07,4
2026-03-17 03:51:37,4
2026-03-17 03:52:07,5
2026-03-17 03:52:37,5
2026-03-17 03:53:07,1
2026-03-17 03:53:37,5
2026-03-17 03:54:07,5
2026-03-17 03:54:37,5
2026-03-17 03:55:07,5
2026-03-17 03:55:37,5
2026-03-17 03:56:07,5
2026-03-17 03:56:37,7
2026-03-17 03:57:07,7
2026-03-17 03:57:37,7
2026-03-17 03:58:07,9
2026-03-17 03:58:37,9
2026-03-17 03:59:07,9
2026-03-17 03:59:37,9
2026-03-17 04:00:07,1
2026-03-17 04:00:37,9
2026-03-17 04:01:07,12
2026-03-17 04:01:37,12
2026-03-17 04:02:07,12
2026-03-17 04:02:37,12
2026-03-17 04:03:07,17
2026-03-17 04:03:37,17
2026-03-17 04:04:07,17
2026-03-17 04:04:37,17
2026-03-17 04:05:07,17
2026-03-17 04:05:37,17
2026-03-17 04:06:07,23
2026-03-17 04:06:37,33
2026-03-17 04:07:07,17
2026-03-17 04:07:37,33
2026-03-17 04:08:07,1
2026-03-17 04:08:37,1
2026-03-17 04:09:07,33
2026-03-17 04:09:37,33
2026-03-17 04:10:07,1
2026-03-17 04:10:37,33
2026-03-17 04:11:07,1
2026-03-17 04:11:37,2
2026-03-17 04:12:07,1
2026-03-17 04:12:37,1
2026-03-17 04:13:07,1
2026-03-17 04:13:37,2
2026-03-17 04:14:07,2
2026-03-17 04:14:37,2
2026-03-17 04:15:07,2
2026-03-17 04:15:37,2
2026-03-17 04:16:07,2
2026-03-17 04:16:37,2.25
2026-03-17 04:17:07,2
2026-03-17 04:17:37,3
2026-03-17 04:18:07,3
2026-03-17 04:18:37,1
2026-03-17 04:19:07,3
2026-03-17 04:19:37,3
2026-03-17 04:20:07,1
2026-03-17 04:20:37,3
2026-03-17 04:21:07,3
2026-03-17 04:21:37,4
2026-03-17 04:22:07,4
2026-03-17 04:22:37,5
2026-03-17 04:23:07,5
2026-03-17 04:23:37,5
2026-03-17 04:24:07,5
2026-03-17 04:24:37,5
2026-03-17 04:25:07,5
2026-03-17 04:25:37,5
2026-03-17 04:26:07,5
2026-03-17 04:26:37,5
2026-03-17 04:27:07,7
2026-03-17 04:27:37,7
2026-03-17 04:28:07,7
2026-03-17 04:28:37,7
2026-03-17 04:29:07,9
2026-03-17 04:29:37,9
2026-03-17 04:30:07,9
2026-03-17 04:30:37,9
2026-03-17 04:31:07,9
2026-03-17 04:31:37,9
2026-03-17 04:32:07,16
2026-03-17 04:32:37,1
2026-03-17 04:33:07,8
2026-03-17 04:33:37,17
2026-03-17 04:34:07,17
2026-03-17 04:34:37,17
2026-03-17 04:35:07,17
2026-03-17 04:35:37,17
2026-03-17 04:36:07,17
2026-03-17 04:36:37,17
2026-03-17 04:37:07,17
2026-03-17 04:37:37,23
2026-03-17 04:38:07,23
2026-03-17 04:38:37,23
2026-03-17 04:39:07,33
2026-03-17 04:39:37,33
2026-03-17 04:40:07,33
2026-03-17 04:40:37,33
2026-03-17 04:41:07,33
2026-03-17 04:41:37,33
2026-03-17 04:42:07,2
2026-03-17 04:42:37,1
2026-03-17 04:43:07,2
2026-03-17 04:43:37,2
2026-03-17 04:44:07,2
2026-03-17 04:44:37,2
2026-03-17 04:45:07,2
2026-03-17 04:45:37,2
2026-03-17 04:46:07,2
2026-03-17 04:46:37,2
2026-03-17 04:47:07,2
2026-03-17 04:47:37,2.25
2026-03-17 04:48:07,3
2026-03-17 04:48:37,2
2026-03-17 04:49:07,1
2026-03-17 04:49:37,1
2026-03-17 04:50:07,3
2026-03-17 04:50:37,3
2026-03-17 04:51:07,3
2026-03-17 04:51:37,3
2026-03-17 04:52:07,4
2026-03-17 04:52:37,5
2026-03-17 04:53:07,5
2026-03-17 04:53:37,5
2026-03-17 04:54:07,5
2026-03-17 04:54:37,5
2026-03-17 04:55:07,1
2026-03-17 04:55:37,5
2026-03-17 04:56:07,5
2026-03-17 04:56:37,5
2026-03-17 04:57:07,1
2026-03-17 04:57:37,1
2026-03-17 04:58:07,9
2026-03-17 04:58:37,9
2026-03-17 04:59:07,9
2026-03-17 04:59:37,9
2026-03-17 05:00:07,9
2026-03-17 05:00:37,1
2026-03-17 05:01:07,9
2026-03-17 05:01:37,9
2026-03-17 05:02:07,17
2026-03-17 05:02:37,17
2026-03-17 05:03:07,17
2026-03-17 05:03:37,1
2026-03-17 05:04:07,11
2026-03-17 05:04:37,17
2026-03-17 05:05:07,1
2026-03-17 05:05:37,1
2026-03-17 05:06:07,17
2026-03-17 05:06:37,17
2026-03-17 05:07:07,21
2026-03-17 05:07:37,1
2026-03-17 05:08:07,1
2026-03-17 05:08:37,33
2026-03-17 05:09:07,33
2026-03-17 05:09:37,33
2026-03-17 05:10:07,33
2026-03-17 05:10:37,33
2026-03-17 05:11:07,33
2026-03-17 05:11:37,33
2026-03-17 05:12:07,33
2026-03-17 05:12:37,33
2026-03-17 05:13:07,3
2026-03-17 05:13:37,2
2026-03-17 05:14:07,2
2026-03-17 05:14:37,2
2026-03-17 05:15:07,2
2026-03-17 05:15:37,2
2026-03-17 05:16:07,2
2026-03-17 05:16:37,1
2026-03-17 05:17:07,1
2026-03-17 05:17:37,2
2026-03-17 05:18:07,3
2026-03-17 05:18:37,3
2026-03-17 05:19:07,3
2026-03-17 05:19:37,3
2026-03-17 05:20:07,1.5
2026-03-17 05:20:37,1
2026-03-17 05:21:07,3
2026-03-17 05:21:37,3
2026-03-17 05:22:07,3
2026-03-17 05:22:37,3
2026-03-17 05:23:07,5
2026-03-17 05:23:37,5
2026-03-17 05:24:07,5
2026-03-17 05:24:37,5
2026-03-17 05:25:07,5
2026-03-17 05:25:37,5
2026-03-17 05:26:07,5
2026-03-17 05:26:37,5
2026-03-17 05:27:07,5
2026-03-17 05:27:37,9
2026-03-17 05:28:07,9
2026-03-17 05:28:37,9
2026-03-17 05:29:07,9
2026-03-17 05:29:37,9
2026-03-17 05:30:07,9
2026-03-17 05:30:37,1
2026-03-17 05:31:07,1
2026-03-17 05:31:37,9
2026-03-17 05:32:07,9
2026-03-17 05:32:37,12
2026-03-17 05:33:07,12
2026-03-17 05:33:37,13
2026-03-17 05:34:07,13
2026-03-17 05:34:37,17
2026-03-17 05:35:07,17
2026-03-17 05:35:37,17
2026-03-17 05:36:07,17
2026-03-17 05:36:37,17
2026-03-17 05:37:07,17
2026-03-17 05:37:37,23
2026-03-17 05:38:07,23
2026-03-17 05:38:37,31
2026-03-17 05:39:07,33
2026-03-17 05:39:37,33
2026-03-17 05:40:07,33
2026-03-17 05:40:37,33
2026-03-17 05:41:07,33
2026-03-17 05:41:37,33
2026-03-17 05:42:07,33
2026-03-17 05:42:37,33
2026-03-17 05:43:07,33
2026-03-17 05:43:37,3
2026-03-17 05:44:07,3
2026-03-17 05:44:37,2
2026-03-17 05:45:07,2
2026-03-17 05:45:37,1
2026-03-17 05:46:07,2
2026-03-17 05:46:37,2
2026-03-17 05:47:07,2
2026-03-17 05:47:37,2
2026-03-17 05:48:07,2
2026-03-17 05:48:37,2
2026-03-17 05:49:07,3
2026-03-17 05:49:37,3
2026-03-17 05:50:07,3
2026-03-17 05:50:37,3
2026-03-17 05:51:07,3
2026-03-17 05:51:37,1
2026-03-17 05:52:07,1
2026-03-17 05:52:37,3
2026-03-17 05:53:07,3
2026-03-17 05:53:37,5
2026-03-17 05:54:07,5
2026-03-17 05:54:37,1
2026-03-17 05:55:07,1
2026-03-17 05:55:37,5
2026-03-17 05:56:07,1
2026-03-17 05:56:37,1
2026-03-17 05:57:07,1
2026-03-17 05:57:37,5
2026-03-17 05:58:07,5
2026-03-17 05:58:37,1
2026-03-17 05:59:07,9
2026-03-17 05:59:37,9
2026-03-17 06:00:07,1
2026-03-17 06:00:37,9
2026-03-17 06:01:07,9
2026-03-17 06:01:37,1
2026-03-17 06:02:07,9
2026-03-17 06:02:37,9
2026-03-17 06:03:07,9
2026-03-17 06:03:37,12
2026-03-17 06:04:07,13
2026-03-17 06:04:37,17
2026-03-17 06:05:07,17
2026-03-17 06:05:37,17
2026-03-17 06:06:07,17
2026-03-17 06:06:37,17
2026-03-17 06:07:07,17
2026-03-17 06:07:37,17
2026-03-17 06:08:07,17
2026-03-17 06:08:37,33
2026-03-17 06:09:07,33
2026-03-17 06:09:37,33
2026-03-17 06:10:07,33
2026-03-17 06:10:37,33
2026-03-17 06:11:07,33
2026-03-17 06:11:37,1
2026-03-17 06:12:07,1
2026-03-17 06:12:37,33
2026-03-17 06:13:07,33
2026-03-17 06:13:37,33
2026-03-17 06:14:07,32
2026-03-17 06:14:37,2
2026-03-17 06:15:07,2
2026-03-17 06:15:37,2
2026-03-17 06:16:07,2
2026-03-17 06:16:37,2
2026-03-17 06:17:07,2
2026-03-17 06:17:37,2
2026-03-17 06:18:07,2
2026-03-17 06:18:37,2
2026-03-17 06:19:07,2
2026-03-17 06:19:37,2
2026-03-17 06:20:07,3
2026-03-17 06:20:37,3
2026-03-17 06:21:07,3
2026-03-17 06:21:37,3
2026-03-17 06:22:07,3
2026-03-17 06:22:37,3
2026-03-17 06:23:07,3
2026-03-17 06:23:37,3
2026-03-17 06:24:07,4
2026-03-17 06:24:37,5
2026-03-17 06:25:07,5
2026-03-17 06:25:37,5
2026-03-17 06:26:07,1
2026-03-17 06:26:37,5
2026-03-17 06:27:07,5
2026-03-17 06:27:37,5
2026-03-17 06:28:07,1
2026-03-17 06:28:37,5
2026-03-17 06:29:07,9
2026-03-17 06:29:37,1
2026-03-17 06:30:07,9
2026-03-17 06:30:37,9
2026-03-17 06:31:07,9
2026-03-17 06:31:37,9
2026-03-17 06:32:07,9
2026-03-17 06:32:37,9
2026-03-17 06:33:07,9
2026-03-17 06:33:37,9
2026-03-17 06:34:07,12
2026-03-17 06:34:37,12
2026-03-17 06:35:07,12
2026-03-17 06:35:37,17
2026-03-17 06:36:07,17
2026-03-17 06:36:37,17
2026-03-17 06:37:07,1
2026-03-17 06:37:37,17
2026-03-17 06:38:07,17
2026-03-17 06:38:37,17
2026-03-17 06:39:07,22
2026-03-17 06:39:37,1
2026-03-17 06:40:07,1
2026-03-17 06:40:37,1
2026-03-17 06:41:07,33
2026-03-17 06:41:37,33
2026-03-17 06:42:07,33
2026-03-17 06:42:37,33
2026-03-17 06:43:07,33
2026-03-17 06:43:37,33
2026-03-17 06:44:07,33
2026-03-17 06:44:37,1
2026-03-17 06:45:07,2
2026-03-17 06:45:37,2
2026-03-17 06:46:07,2
2026-03-17 06:46:37,2
2026-03-17 06:47:07,2
2026-03-17 06:47:37,2
2026-03-17 06:48:07,2
2026-03-17 06:48:37,2
2026-03-17 06:49:07,2
2026-03-17 06:49:37,3
2026-03-17 06:50:07,3
2026-03-17 06:50:37,3
2026-03-17 06:51:07,3
2026-03-17 06:51:37,3
2026-03-17 06:52:07,3
2026-03-17 06:52:37,3
2026-03-17 06:53:07,3
2026-03-17 06:53:37,3
2026-03-17 06:54:07,3
2026-03-17 06:54:37,3
2026-03-17 06:55:07,4
2026-03-17 06:55:37,4
2026-03-17 06:56:07,4
2026-03-17 06:56:37,5
2026-03-17 06:57:07,5
2026-03-17 06:57:37,5
2026-03-17 06:58:07,5
2026-03-17 06:58:37,5
2026-03-17 06:59:07,5
2026-03-17 06:59:37,5
2026-03-17 07:00:07,7
2026-03-17 07:00:37,7
2026-03-17 07:01:07,7
2026-03-17 07:01:37,7
2026-03-17 07:02:07,7
2026-03-17 07:02:37,9
2026-03-17 07:03:07,9
2026-03-17 07:03:37,9
2026-03-17 07:04:07,9
2026-03-17 07:04:37,12
2026-03-17 07:05:07,12
2026-03-17 07:05:37,12
2026-03-17 07:06:07,12
2026-03-17 07:06:37,12
2026-03-17 07:07:07,17
2026-03-17 07:07:37,17
2026-03-17 07:08:07,17
2026-03-17 07:08:37,17
2026-03-17 07:09:07,17
2026-03-17 07:09:37,17
2026-03-17 07:10:07,23
2026-03-17 07:10:37,23
2026-03-17 07:11:07,31
2026-03-17 07:11:37,33
2026-03-17 07:12:07,33
2026-03-17 07:12:37,33
2026-03-17 07:13:07,33
2026-03-17 07:13:37,1
2026-03-17 07:14:07,1
2026-03-17 07:14:37,1
2026-03-17 07:15:07,1
2026-03-17 07:15:37,1
2026-03-17 07:16:07,2
2026-03-17 07:16:37,2
2026-03-17 07:17:07,2
2026-03-17 07:17:37,1
2026-03-17 07:18:07,1
2026-03-17 07:18:37,1
2026-03-17 07:19:07,1
2026-03-17 07:19:37,1
2026-03-17 07:20:07,3
2026-03-17 07:20:37,3
2026-03-17 07:21:07,3
2026-03-17 07:21:37,3
2026-03-17 07:22:07,3
2026-03-17 07:22:37,3
2026-03-17 07:23:07,3
2026-03-17 07:23:37,3
2026-03-17 07:24:07,3
2026-03-17 07:24:37,3
2026-03-17 07:25:07,3
2026-03-17 07:25:37,5
2026-03-17 07:26:07,5
2026-03-17 07:26:37,5
2026-03-17 07:27:07,5
2026-03-17 07:27:37,5
2026-03-17 07:28:07,5
2026-03-17 07:28:37,5
2026-03-17 07:29:07,5
2026-03-17 07:29:37,5
2026-03-17 07:30:07,6
2026-03-17 07:30:37,6
2026-03-17 07:31:07,6
2026-03-17 07:31:37,6
2026-03-17 07:32:07,9
2026-03-17 07:32:37,9
2026-03-17 07:33:07,9
2026-03-17 07:33:37,9
2026-03-17 07:34:07,9
2026-03-17 07:34:37,9
2026-03-17 07:35:07,9
2026-03-17 07:35:37,12
2026-03-17 07:36:07,17
2026-03-17 07:36:37,17
2026-03-17 07:37:07,17
2026-03-17 07:37:37,17
2026-03-17 07:38:07,17
2026-03-17 07:38:37,17
2026-03-17 07:39:07,17
2026-03-17 07:39:37,17
2026-03-17 07:40:07,22
2026-03-17 07:40:37,33
2026-03-17 07:41:07,33
2026-03-17 07:41:37,33
2026-03-17 07:42:07,33
2026-03-17 07:42:37,33
2026-03-17 07:43:07,33
2026-03-17 07:43:37,33
2026-03-17 07:44:07,1
2026-03-17 07:44:37,33
2026-03-17 07:45:07,32
2026-03-17 07:45:37,32
2026-03-17 07:46:07,2
2026-03-17 07:46:37,1
2026-03-17 07:47:07,1
2026-03-17 07:47:37,2
2026-03-17 07:48:07,1
2026-03-17 07:48:37,2
2026-03-17 07:49:07,2
2026-03-17 07:49:37,2
2026-03-17 07:50:07,2
2026-03-17 07:50:37,2
2026-03-17 07:51:07,2
2026-03-17 07:51:37,3
2026-03-17 07:52:07,3
2026-03-17 07:52:37,3
2026-03-17 07:53:07,3
2026-03-17 07:53:37,3
2026-03-17 07:54:07,3
2026-03-17 07:54:37,3
2026-03-17 07:55:07,1
2026-03-17 07:55:37,3
2026-03-17 07:56:07,1
2026-03-17 07:56:37,5
2026-03-17 07:57:07,5
2026-03-17 07:57:37,4
2026-03-17 07:58:07,5
2026-03-17 07:58:37,1
2026-03-17 07:59:07,5
2026-03-17 07:59:37,5
2026-03-17 08:00:07,5
2026-03-17 08:00:37,5
2026-03-17 08:01:07,5
2026-03-17 08:01:37,5
2026-03-17 08:02:07,7
2026-03-17 08:02:37,7
2026-03-17 08:03:07,7
2026-03-17 08:03:37,7
2026-03-17 08:04:07,9
2026-03-17 08:04:37,9
2026-03-17 08:05:07,9
2026-03-17 08:05:37,9
2026-03-17 08:06:07,9
2026-03-17 08:06:37,12
2026-03-17 08:07:07,12
2026-03-17 08:07:37,14
2026-03-17 08:08:07,17
2026-03-17 08:08:37,17
2026-03-17 08:09:07,17
2026-03-17 08:09:37,17
2026-03-17 08:10:07,17
2026-03-17 08:10:37,17
2026-03-17 08:11:07,17
2026-03-17 08:11:37,23
2026-03-17 08:12:07,23
2026-03-17 08:12:37,30.75
2026-03-17 08:13:07,33
2026-03-17 08:13:37,33
2026-03-17 08:14:07,33
2026-03-17 08:14:37,33
2026-03-17 08:15:07,33
2026-03-17 08:15:37,10
2026-03-17 08:16:07,1
2026-03-17 08:16:37,1
2026-03-17 08:17:07,2
2026-03-17 08:17:37,2
2026-03-17 08:18:07,1
2026-03-17 08:18:37,1
2026-03-17 08:19:07,2
2026-03-17 08:19:37,2
2026-03-17 08:20:07,2
2026-03-17 08:20:37,2
2026-03-17 08:21:07,2
2026-03-17 08:21:37,1
2026-03-17 08:22:07,2
2026-03-17 08:22:37,3
2026-03-17 08:23:07,3
2026-03-17 08:23:37,3
2026-03-17 08:24:07,3
2026-03-17 08:24:37,3
2026-03-17 08:25:07,3
2026-03-17 08:25:37,3
2026-03-17 08:26:07,3
2026-03-17 08:26:37,3
2026-03-17 08:27:07,3.75
2026-03-17 08:27:37,4
2026-03-17 08:28:07,4
2026-03-17 08:28:37,4
2026-03-17 08:29:07,4
2026-03-17 08:29:37,5
2026-03-17 08:30:07,5
2026-03-17 08:30:37,5
2026-03-17 08:31:07,5
2026-03-17 08:31:37,5
2026-03-17 08:32:07,5
2026-03-17 08:32:37,7
2026-03-17 08:33:07,9
2026-03-17 08:33:37,9
2026-03-17 08:34:07,9
2026-03-17 08:34:37,1
2026-03-17 08:35:07,9
2026-03-17 08:35:37,9
2026-03-17 08:36:07,9
2026-03-17 08:36:37,9
2026-03-17 08:37:07,9
2026-03-17 08:37:37,17
2026-03-17 08:38:07,17
2026-03-17 08:38:37,17
2026-03-17 08:39:07,17
2026-03-17 08:39:37,17
2026-03-17 08:40:07,17
2026-03-17 08:40:37,17
2026-03-17 08:41:07,17
2026-03-17 08:41:37,17
2026-03-17 08:42:07,23
2026-03-17 08:42:37,23
2026-03-17 08:43:07,23
2026-03-17 08:43:37,23
2026-03-17 08:44:07,33
2026-03-17 08:44:37,33
2026-03-17 08:45:07,33
2026-03-17 08:45:37,33
2026-03-17 08:46:07,33
2026-03-17 08:46:37,33
2026-03-17 08:47:07,33
2026-03-17 08:47:37,2
2026-03-17 08:48:07,2
2026-03-17 08:48:37,2
2026-03-17 08:49:07,2
2026-03-17 08:49:37,2
2026-03-17 08:50:07,2
2026-03-17 08:50:37,2
2026-03-17 08:51:07,2
2026-03-17 08:51:37,2
2026-03-17 08:52:07,2
2026-03-17 08:52:37,1
2026-03-17 08:53:07,3
2026-03-17 08:53:37,1
2026-03-17 08:54:07,3
2026-03-17 08:54:37,3
2026-03-17 08:55:07,3
2026-03-17 08:55:37,3
2026-03-17 08:56:07,3
2026-03-17 08:56:37,3
2026-03-17 08:57:07,3
2026-03-17 08:57:37,4
2026-03-17 08:58:07,4
2026-03-17 08:58:37,5
2026-03-17 08:59:07,1
2026-03-17 08:59:37,5
2026-03-17 09:00:07,5
2026-03-17 09:00:37,5
2026-03-17 09:01:07,5
2026-03-17 09:01:37,5
2026-03-17 09:02:07,5
2026-03-17 09:02:37,5
2026-03-17 09:03:07,7
2026-03-17 09:03:37,7
2026-03-17 09:04:07,9
2026-03-17 09:04:37,9
2026-03-17 09:05:07,9
2026-03-17 09:05:37,9
2026-03-17 09:06:07,9
2026-03-17 09:06:37,9
2026-03-17 09:07:07,9
2026-03-17 09:07:37,9
2026-03-17 09:08:07,1
2026-03-17 09:08:37,1
2026-03-17 09:09:07,17
2026-03-17 09:09:37,1
2026-03-17 09:10:07,17
2026-03-17 09:10:37,17
2026-03-17 09:11:07,17
2026-03-17 09:11:37,17
2026-03-17 09:12:07,17
2026-03-17 09:12:37,17
2026-03-17 09:13:07,17
2026-03-17 09:13:37,23
2026-03-17 09:14:07,25
2026-03-17 09:14:37,33
2026-03-17 09:15:07,33
2026-03-17 09:15:37,33
2026-03-17 09:16:07,33
2026-03-17 09:16:37,33
2026-03-17 09:17:07,33
2026-03-17 09:17:37,33
2026-03-17 09:18:07,33
2026-03-17 09:18:37,2
2026-03-17 09:19:07,1
2026-03-17 09:19:37,2
2026-03-17 09:20:07,2
2026-03-17 09:20:37,1
2026-03-17 09:21:07,2
2026-03-17 09:21:37,2
2026-03-17 09:22:07,1
2026-03-17 09:22:37,2
2026-03-17 09:23:07,2
2026-03-17 09:23:37,2
2026-03-17 09:24:07,2
2026-03-17 09:24:37,3
2026-03-17 09:25:07,3
2026-03-17 09:25:37,3
2026-03-17 09:26:07,3
2026-03-17 09:26:37,3
2026-03-17 09:27:07,3
2026-03-17 09:27:37,3
2026-03-17 09:28:07,4
2026-03-17 09:28:37,1
2026-03-17 09:29:07,5
2026-03-17 09:29:37,5
2026-03-17 09:30:07,1
2026-03-17 09:30:37,5
2026-03-17 09:31:07,5
2026-03-17 09:31:37,5
2026-03-17 09:32:07,5
2026-03-17 09:32:37,5
2026-03-17 09:33:07,1
2026-03-17 09:33:37,1
2026-03-17 09:34:07,9
2026-03-17 09:34:37,9
2026-03-17 09:35:07,9
2026-03-17 09:35:37,1
2026-03-17 09:36:07,1
2026-03-17 09:36:37,9
2026-03-17 09:37:07,9
2026-03-17 09:37:37,9
2026-03-17 09:38:07,12
2026-03-17 09:38:37,17
2026-03-17 09:39:07,1
2026-03-17 09:39:37,17
2026-03-17 09:40:07,17
2026-03-17 09:40:37,17
2026-03-17 09:41:07,17
2026-03-17 09:41:37,17
2026-03-17 09:42:07,1
2026-03-17 09:42:37,17
2026-03-17 09:43:07,22
2026-03-17 09:43:37,23
2026-03-17 09:44:07,33
2026-03-17 09:44:37,33
2026-03-17 09:45:07,33
2026-03-17 09:45:37,33
2026-03-17 09:46:07,8
2026-03-17 09:46:37,1
2026-03-17 09:47:07,33
2026-03-17 09:47:37,33
2026-03-17 09:48:07,1
2026-03-17 09:48:37,1
2026-03-17 09:49:07,1
2026-03-17 09:49:37,2
2026-03-17 09:50:07,2
2026-03-17 09:50:37,2
2026-03-17 09:51:07,2
2026-03-17 09:51:37,1
2026-03-17 09:52:07,1
2026-03-17 09:52:37,2
2026-03-17 09:53:07,2
2026-03-17 09:53:37,2
2026-03-17 09:54:07,2
2026-03-17 09:54:37,2
2026-03-17 09:55:07,3
2026-03-17 09:55:37,3
2026-03-17 09:56:07,3
2026-03-17 09:56:37,3
2026-03-17 09:57:07,3
2026-03-17 09:57:37,3
2026-03-17 09:58:07,3
2026-03-17 09:58:37,3
2026-03-17 09:59:07,4
2026-03-17 09:59:37,4
2026-03-17 10:00:07,4
2026-03-17 10:00:37,4.75
2026-03-17 10:01:07,5
2026-03-17 10:01:37,5
2026-03-17 10:02:07,5
2026-03-17 10:02:37,5
2026-03-17 10:03:07,5
2026-03-17 10:03:37,5
2026-03-17 10:04:07,5
2026-03-17 10:04:37,6
2026-03-17 10:05:07,6
2026-03-17 10:05:37,9
2026-03-17 10:06:07,9
2026-03-17 10:06:37,9
2026-03-17 10:07:07,9
2026-03-17 10:07:37,1
2026-03-17 10:08:07,9
2026-03-17 10:08:37,9
2026-03-17 10:09:07,17
2026-03-17 10:09:37,17
2026-03-17 10:10:07,17
2026-03-17 10:10:37,17
2026-03-17 10:11:07,17
2026-03-17 10:11:37,17
2026-03-17 10:12:07,17
2026-03-17 10:12:37,1
2026-03-17 10:13:07,17
2026-03-17 10:13:37,1
2026-03-17 10:14:07,33
2026-03-17 10:14:37,33
2026-03-17 10:15:07,1
2026-03-17 10:15:37,33
2026-03-17 10:16:07,33
2026-03-17 10:16:37,33
2026-03-17 10:17:07,33
2026-03-17 10:17:37,33
2026-03-17 10:18:07,33
2026-03-17 10:18:37,33
2026-03-17 10:19:07,33
2026-03-17 10:19:37,3
2026-03-17 10:20:07,1
2026-03-17 10:20:37,2
2026-03-17 10:21:07,2
2026-03-17 10:21:37,2
2026-03-17 10:22:07,2
2026-03-17 10:22:37,2
2026-03-17 10:23:07,2
2026-03-17 10:23:37,2
2026-03-17 10:24:07,2
2026-03-17 10:24:37,2
2026-03-17 10:25:07,2
2026-03-17 10:25:37,3
2026-03-17 10:26:07,3
2026-03-17 10:26:37,3
2026-03-17 10:27:07,3
2026-03-17 10:27:37,3
2026-03-17 10:28:07,3
2026-03-17 10:28:37,3
2026-03-17 10:29:07,3
2026-03-17 10:29:37,4
2026-03-17 10:30:07,4
2026-03-17 10:30:37,4
2026-03-17 10:31:07,5
2026-03-17 10:31:37,5
2026-03-17 10:32:07,5
2026-03-17 10:32:37,5
2026-03-17 10:33:07,5
2026-03-17 10:33:37,5
2026-03-17 10:34:07,5
2026-03-17 10:34:37,6
2026-03-17 10:35:07,6
2026-03-17 10:35:37,9
2026-03-17 10:36:07,9
2026-03-17 10:36:37,9
2026-03-17 10:37:07,9
2026-03-17 10:37:37,9
2026-03-17 10:38:07,9
2026-03-17 10:38:37,9
2026-03-17 10:39:07,9
2026-03-17 10:39:37,12
2026-03-17 10:40:07,12
2026-03-17 10:40:37,12
2026-03-17 10:41:07,12
2026-03-17 10:41:37,17
2026-03-17 10:42:07,17
2026-03-17 10:42:37,17
2026-03-17 10:43:07,17
2026-03-17 10:43:37,17
2026-03-17 10:44:07,17
2026-03-17 10:44:37,22
2026-03-17 10:45:07,33
2026-03-17 10:45:37,33
2026-03-17 10:46:07,33
2026-03-17 10:46:37,33
2026-03-17 10:47:07,33
2026-03-17 10:47:37,33
2026-03-17 10:48:07,33
2026-03-17 10:48:37,33
2026-03-17 10:49:07,33
2026-03-17 10:49:37,33
2026-03-17 10:50:07,2
2026-03-17 10:50:37,2
2026-03-17 10:51:07,2
2026-03-17 10:51:37,2
2026-03-17 10:52:07,2
2026-03-17 10:52:37,2
2026-03-17 10:53:07,2
2026-03-17 10:53:37,2
2026-03-17 10:54:07,2
2026-03-17 10:54:37,2
2026-03-17 10:55:07,2
2026-03-17 10:55:37,3
2026-03-17 10:56:07,3
2026-03-17 10:56:37,3
2026-03-17 10:57:07,3
2026-03-17 10:57:37,3
2026-03-17 10:58:07,3
2026-03-17 10:58:37,3
2026-03-17 10:59:07,3
2026-03-17 10:59:37,1
2026-03-17 11:00:07,1
2026-03-17 11:00:37,5
2026-03-17 11:01:07,5
2026-03-17 11:01:37,5
2026-03-17 11:02:07,1
2026-03-17 11:02:37,5
2026-03-17 11:03:07,1
2026-03-17 11:03:37,5
2026-03-17 11:04:07,2
2026-03-17 11:04:37,5
2026-03-17 11:05:07,7
2026-03-17 11:05:37,7
2026-03-17 11:06:07,7
2026-03-17 11:06:37,9
2026-03-17 11:07:07,9
2026-03-17 11:07:37,9
2026-03-17 11:08:07,9
2026-03-17 11:08:37,9
2026-03-17 11:09:07,1
2026-03-17 11:09:37,9
2026-03-17 11:10:07,17
2026-03-17 11:10:37,17
2026-03-17 11:11:07,17
2026-03-17 11:11:37,17
2026-03-17 11:12:07,17
2026-03-17 11:12:37,17
2026-03-17 11:13:07,17
2026-03-17 11:13:37,1
2026-03-17 11:14:07,17
2026-03-17 11:14:37,17
2026-03-17 11:15:07,23
2026-03-17 11:15:37,1
2026-03-17 11:16:07,33
2026-03-17 11:16:37,33
2026-03-17 11:17:07,33
2026-03-17 11:17:37,33
2026-03-17 11:18:07,33
2026-03-17 11:18:37,1
2026-03-17 11:19:07,33
2026-03-17 11:19:37,1
2026-03-17 11:20:07,33
2026-03-17 11:20:37,2
2026-03-17 11:21:07,2
2026-03-17 11:21:37,2
2026-03-17 11:22:07,2
2026-03-17 11:22:37,2
2026-03-17 11:23:07,2
2026-03-17 11:23:37,2
2026-03-17 11:24:07,1
2026-03-17 11:24:37,2
2026-03-17 11:25:07,1
2026-03-17 11:25:37,2
2026-03-17 11:26:07,3
2026-03-17 11:26:37,3
2026-03-17 11:27:07,3
2026-03-17 11:27:37,1
2026-03-17 11:28:07,1
2026-03-17 11:28:37,3
2026-03-17 11:29:07,1
2026-03-17 11:29:37,3
2026-03-17 11:30:07,3
2026-03-17 11:30:37,5
2026-03-17 11:31:07,5
2026-03-17 11:31:37,5
2026-03-17 11:32:07,5
2026-03-17 11:32:37,5
2026-03-17 11:33:07,5
2026-03-17 11:33:37,5
2026-03-17 11:34:07,1
2026-03-17 11:34:37,5
2026-03-17 11:35:07,5
2026-03-17 11:35:37,9
2026-03-17 11:36:07,9
2026-03-17 11:36:37,1
2026-03-17 11:37:07,1
2026-03-17 11:37:37,9
2026-03-17 11:38:07,9
2026-03-17 11:38:37,9
2026-03-17 11:39:07,9
2026-03-17 11:39:37,1
2026-03-17 11:40:07,9
2026-03-17 11:40:37,1
2026-03-17 11:41:07,1
2026-03-17 11:41:37,1
2026-03-17 11:42:07,1
2026-03-17 11:42:37,17
2026-03-17 11:43:07,17
2026-03-17 11:43:37,17
2026-03-17 11:44:07,17
2026-03-17 11:44:37,9
2026-03-17 11:45:07,17
2026-03-17 11:45:37,1
2026-03-17 11:46:07,33
2026-03-17 11:46:37,33
2026-03-17 11:47:07,33
2026-03-17 11:47:37,33
2026-03-17 11:48:07,33
2026-03-17 11:48:37,33
2026-03-17 11:49:07,33
2026-03-17 11:49:37,33
2026-03-17 11:50:07,33
2026-03-17 11:50:37,33
2026-03-17 11:51:07,32
2026-03-17 11:51:37,3
2026-03-17 11:52:07,3
2026-03-17 11:52:37,2
2026-03-17 11:53:07,2
2026-03-17 11:53:37,2
2026-03-17 11:54:07,2
2026-03-17 11:54:37,2
2026-03-17 11:55:07,2
2026-03-17 11:55:37,2
2026-03-17 11:56:07,2
2026-03-17 11:56:37,3
2026-03-17 11:57:07,3
2026-03-17 11:57:37,3
2026-03-17 11:58:07,3
2026-03-17 11:58:37,3
2026-03-17 11:59:07,3
2026-03-17 11:59:37,3
2026-03-17 12:00:07,3
2026-03-17 12:00:37,1
2026-03-17 12:01:07,3
2026-03-17 12:01:37,3
2026-03-17 12:02:07,5
2026-03-17 12:02:37,5
2026-03-17 12:03:07,5
2026-03-17 12:03:37,1
2026-03-17 12:04:07,5
2026-03-17 12:04:37,5
2026-03-17 12:05:07,5
2026-03-17 12:05:37,5
2026-03-17 12:06:07,5
2026-03-17 12:06:37,5
2026-03-17 12:07:07,7
2026-03-17 12:07:37,7
2026-03-17 12:08:07,9
2026-03-17 12:08:37,9
2026-03-17 12:09:07,9
2026-03-17 12:09:37,9
2026-03-17 12:10:07,9
2026-03-17 12:10:37,9
2026-03-17 12:11:07,9
2026-03-17 12:11:37,12
2026-03-17 12:12:07,12
2026-03-17 12:12:37,12
2026-03-17 12:13:07,12
2026-03-17 12:13:37,12
2026-03-17 12:14:07,12
2026-03-17 12:14:37,13.25
2026-03-17 12:15:07,17
2026-03-17 12:15:37,17
2026-03-17 12:16:07,17
2026-03-17 12:16:37,23
2026-03-17 12:17:07,33
2026-03-17 12:17:37,33
2026-03-17 12:18:07,33
2026-03-17 12:18:37,33
2026-03-17 12:19:07,33
2026-03-17 12:19:37,33
2026-03-17 12:20:07,33
2026-03-17 12:20:37,33
2026-03-17 12:21:07,33
2026-03-17 12:21:37,33
2026-03-17 12:22:07,33
2026-03-17 12:22:37,33
2026-03-17 12:23:07,2
2026-03-17 12:23:37,2
2026-03-17 12:24:07,2
2026-03-17 12:24:37,2
2026-03-17 12:25:07,2
2026-03-17 12:25:37,2
2026-03-17 12:26:07,2
2026-03-17 12:26:37,2
2026-03-17 12:27:07,1
2026-03-17 12:27:37,3
2026-03-17 12:28:07,3
2026-03-17 12:28:37,3
2026-03-17 12:29:07,3
2026-03-17 12:29:37,3
2026-03-17 12:30:07,3
2026-03-17 12:30:37,3
2026-03-17 12:31:07,3
2026-03-17 12:31:37,3
2026-03-17 12:32:07,4
2026-03-17 12:32:37,4
2026-03-17 12:33:07,4
2026-03-17 12:33:37,4
2026-03-17 12:34:07,5
2026-03-17 12:34:37,5
2026-03-17 12:35:07,5
2026-03-17 12:35:37,5
2026-03-17 12:36:07,5
2026-03-17 12:36:37,5
2026-03-17 12:37:07,6
2026-03-17 12:37:37,6
2026-03-17 12:38:07,6
2026-03-17 12:38:37,6
2026-03-17 12:39:07,6
2026-03-17 12:39:37,9
2026-03-17 12:40:07,9
2026-03-17 12:40:37,9
2026-03-17 12:41:07,9
2026-03-17 12:41:37,9
2026-03-17 12:42:07,12
2026-03-17 12:42:37,12
2026-03-17 12:43:07,12
2026-03-17 12:43:37,17
2026-03-17 12:44:07,17
2026-03-17 12:44:37,17
2026-03-17 12:45:07,13
2026-03-17 12:45:37,17
2026-03-17 12:46:07,1
2026-03-17 12:46:37,17
2026-03-17 12:47:07,33
2026-03-17 12:47:37,33
2026-03-17 12:48:07,33
2026-03-17 12:48:37,33
2026-03-17 12:49:07,33
2026-03-17 12:49:37,24
2026-03-17 12:50:07,1
2026-03-17 12:50:37,33
2026-03-17 12:51:07,33
2026-03-17 12:51:37,33
2026-03-17 12:52:07,2
2026-03-17 12:52:37,1
2026-03-17 12:53:07,1
2026-03-17 12:53:37,1
2026-03-17 12:54:07,1
2026-03-17 12:54:37,1
2026-03-17 12:55:07,2
2026-03-17 12:55:37,2
2026-03-17 12:56:07,2
2026-03-17 12:56:37,2
2026-03-17 12:57:07,3
2026-03-17 12:57:37,3
2026-03-17 12:58:07,3
2026-03-17 12:58:37,3
2026-03-17 12:59:07,3
2026-03-17 12:59:37,3
2026-03-17 13:00:07,3
2026-03-17 13:00:37,3
2026-03-17 13:01:07,3
2026-03-17 13:01:37,3
2026-03-17 13:02:07,4
2026-03-17 13:02:37,4
2026-03-17 13:03:07,4
2026-03-17 13:03:37,4
2026-03-17 13:04:07,4
2026-03-17 13:04:37,4
2026-03-17 13:05:07,4
2026-03-17 13:05:37,5
2026-03-17 13:06:07,5
2026-03-17 13:06:37,5
2026-03-17 13:07:07,5
2026-03-17 13:07:37,7
2026-03-17 13:08:07,9
2026-03-17 13:08:37,9
2026-03-17 13:09:07,9
2026-03-17 13:09:37,9
2026-03-17 13:10:07,9
2026-03-17 13:10:37,9
2026-03-17 13:11:07,9
2026-03-17 13:11:37,9
2026-03-17 13:12:07,9
2026-03-17 13:12:37,12
2026-03-17 13:13:07,17
2026-03-17 13:13:37,17
2026-03-17 13:14:07,17
2026-03-17 13:14:37,17
2026-03-17 13:15:07,1
2026-03-17 13:15:37,17
2026-03-17 13:16:07,17
2026-03-17 13:16:37,17
2026-03-17 13:17:07,17
2026-03-17 13:17:37,23
2026-03-17 13:18:07,33
2026-03-17 13:18:37,33
2026-03-17 13:19:07,33
2026-03-17 13:19:37,33
2026-03-17 13:20:07,33
2026-03-17 13:20:37,33
2026-03-17 13:21:07,33
2026-03-17 13:21:37,33
2026-03-17 13:22:07,33
2026-03-17 13:22:37,2
2026-03-17 13:23:07,2
2026-03-17 13:23:37,2
2026-03-17 13:24:07,2
2026-03-17 13:24:37,2
2026-03-17 13:25:07,2
2026-03-17 13:25:37,2
2026-03-17 13:26:07,2
2026-03-17 13:26:37,2
2026-03-17 13:27:07,2
2026-03-17 13:27:37,2
2026-03-17 13:28:07,2
2026-03-17 13:28:37,3
2026-03-17 13:29:07,3
2026-03-17 13:29:37,3
2026-03-17 13:30:07,3
2026-03-17 13:30:37,1
2026-03-17 13:31:07,3
2026-03-17 13:31:37,1
2026-03-17 13:32:07,3
2026-03-17 13:32:37,3
2026-03-17 13:33:07,5
2026-03-17 13:33:37,5
2026-03-17 13:34:07,5
2026-03-17 13:34:37,5
2026-03-17 13:35:07,5
2026-03-17 13:35:37,5
2026-03-17 13:36:07,5
2026-03-17 13:36:37,5
2026-03-17 13:37:07,5
2026-03-17 13:37:37,5
2026-03-17 13:38:07,7
2026-03-17 13:38:37,5
2026-03-17 13:39:07,5
2026-03-17 13:39:37,9
2026-03-17 13:40:07,9
2026-03-17 13:40:37,9
2026-03-17 13:41:07,9
2026-03-17 13:41:37,9
2026-03-17 13:42:07,5
2026-03-17 13:42:37,9
2026-03-17 13:43:07,9
2026-03-17 13:43:37,9
2026-03-17 13:44:07,12
2026-03-17 13:44:37,17
2026-03-17 13:45:07,17
2026-03-17 13:45:37,1
2026-03-17 13:46:07,17
2026-03-17 13:46:37,17
2026-03-17 13:47:07,7
2026-03-17 13:47:37,17
2026-03-17 13:48:07,33
2026-03-17 13:48:37,21
