"Time","rskj-miner1:8080 (Copy)","rskj-miner2:8080 (Copy)","rskj-miner4:8080 (Copy)","rskj-node1:8080 (Copy)","rskj-miner1:8080 (MarkSweepCompact)","rskj-miner2:8080 (MarkSweepCompact)","rskj-miner4:8080 (MarkSweepCompact)","rskj-node1:8080 (MarkSweepCompact)"
2026-02-10 12:45:45,6.24 ms,2.07 ms,1.51 ms,1.12 ms,0 s,0 s,0 s,0 s
2026-02-10 12:46:00,7.90 ms,2.07 ms,1.51 ms,1.12 ms,0 s,0 s,0 s,0 s
2026-02-10 12:46:15,6.41 ms,2.07 ms,1.51 ms,0 s,0 s,0 s,0 s,0 s
2026-02-10 12:46:30,4.92 ms,780 µs,1.51 ms,1.63 ms,0 s,0 s,0 s,0 s
2026-02-10 12:46:45,2.78 ms,780 µs,0 s,1.63 ms,0 s,0 s,0 s,0 s
2026-02-10 12:47:00,1.32 ms,780 µs,1.86 ms,1.63 ms,0 s,0 s,0 s,0 s
2026-02-10 12:47:15,1.17 ms,780 µs,1.86 ms,1.63 ms,0 s,0 s,0 s,0 s
2026-02-10 12:47:30,780 µs,610 µs,1.86 ms,0 s,0 s,0 s,0 s,0 s
2026-02-10 12:47:45,576 µs,610 µs,1.86 ms,1.44 ms,0 s,0 s,0 s,0 s
2026-02-10 12:48:00,220 µs,610 µs,1.90 ms,1.44 ms,0 s,0 s,0 s,0 s
2026-02-10 12:48:15,458 µs,610 µs,1.90 ms,1.44 ms,0 s,0 s,0 s,0 s
2026-02-10 12:48:30,458 µs,932 µs,1.90 ms,1.44 ms,0 s,0 s,0 s,0 s
2026-02-10 12:48:45,458 µs,932 µs,1.90 ms,2.27 ms,0 s,0 s,0 s,0 s
2026-02-10 12:49:00,458 µs,932 µs,0 s,2.27 ms,0 s,0 s,0 s,0 s
2026-02-10 12:49:15,339 µs,932 µs,1.24 ms,2.27 ms,0 s,0 s,0 s,0 s
2026-02-10 12:49:30,339 µs,593 µs,1.24 ms,2.27 ms,0 s,0 s,0 s,0 s
2026-02-10 12:49:45,339 µs,593 µs,1.24 ms,0 s,0 s,0 s,0 s,0 s
2026-02-10 12:50:00,339 µs,593 µs,1.24 ms,2.36 ms,0 s,0 s,0 s,0 s
2026-02-10 12:50:15,339 µs,593 µs,0 s,2.36 ms,0 s,0 s,0 s,0 s
2026-02-10 12:50:30,339 µs,898 µs,1.49 ms,2.36 ms,0 s,0 s,0 s,0 s
2026-02-10 12:50:45,1.59 ms,2.54 ms,1.49 ms,4.73 ms,0 s,0 s,0 s,0 s
2026-02-10 12:51:00,2.66 ms,2.54 ms,13.2 ms,2.37 ms,0 s,0 s,0 s,0 s
2026-02-10 12:51:15,3.24 ms,2.54 ms,13.2 ms,2.37 ms,0 s,0 s,0 s,0 s
2026-02-10 12:51:30,3.66 ms,1.64 ms,11.7 ms,2.37 ms,0 s,0 s,0 s,0 s
2026-02-10 12:51:45,2.78 ms,1.10 ms,11.7 ms,2.24 ms,0 s,0 s,0 s,0 s
2026-02-10 12:52:00,1.92 ms,1.10 ms,1.73 ms,2.24 ms,0 s,0 s,0 s,0 s
2026-02-10 12:52:15,2.46 ms,1.10 ms,1.73 ms,2.24 ms,0 s,0 s,0 s,0 s
2026-02-10 12:52:30,2.93 ms,1.78 ms,7.39 ms,5.12 ms,0 s,0 s,0 s,0 s
2026-02-10 12:52:45,3.98 ms,678 µs,7.39 ms,2.88 ms,0 s,0 s,0 s,0 s
2026-02-10 12:53:00,4.66 ms,1.42 ms,5.66 ms,2.88 ms,0 s,0 s,0 s,0 s
2026-02-10 12:53:15,3.93 ms,1.42 ms,7.17 ms,2.88 ms,0 s,0 s,0 s,0 s
2026-02-10 12:53:30,5.46 ms,746 µs,1.51 ms,1.69 ms,0 s,0 s,0 s,0 s
2026-02-10 12:53:45,5.33 ms,2.37 ms,1.51 ms,1.69 ms,0 s,0 s,0 s,0 s
2026-02-10 12:54:00,4.18 ms,1.63 ms,1.51 ms,1.69 ms,0 s,0 s,0 s,0 s
2026-02-10 12:54:15,1.46 ms,1.63 ms,2.03 ms,1.70 ms,429 ms,0 s,0 s,0 s
2026-02-10 12:54:30,1.56 ms,1.63 ms,2.03 ms,2.73 ms,429 ms,0 s,0 s,0 s
2026-02-10 12:54:45,1.20 ms,2.88 ms,2.03 ms,2.73 ms,0 s,0 s,0 s,0 s
2026-02-10 12:55:00,1.78 ms,2.88 ms,2.03 ms,2.73 ms,0 s,0 s,0 s,0 s
2026-02-10 12:55:15,1.78 ms,2.88 ms,1.95 ms,2.73 ms,0 s,0 s,0 s,0 s
2026-02-10 12:55:30,1.66 ms,3.66 ms,1.95 ms,1.54 ms,0 s,0 s,0 s,0 s
2026-02-10 12:55:45,1.34 ms,780 µs,3.78 ms,1.54 ms,0 s,0 s,0 s,0 s
2026-02-10 12:56:00,814 µs,780 µs,3.78 ms,1.54 ms,0 s,0 s,0 s,0 s
2026-02-10 12:56:15,458 µs,1.68 ms,1.83 ms,1.54 ms,0 s,0 s,0 s,0 s
2026-02-10 12:56:30,271 µs,898 µs,1.83 ms,2.51 ms,0 s,0 s,0 s,0 s
2026-02-10 12:56:45,119 µs,898 µs,2.37 ms,2.51 ms,0 s,0 s,0 s,0 s
2026-02-10 12:57:00,119 µs,898 µs,2.37 ms,2.51 ms,0 s,0 s,0 s,0 s
2026-02-10 12:57:15,119 µs,0 s,2.37 ms,0 s,0 s,0 s,0 s,0 s
2026-02-10 12:57:30,203 µs,797 µs,2.37 ms,0 s,0 s,0 s,0 s,0 s
2026-02-10 12:57:45,203 µs,797 µs,0 s,3.64 ms,0 s,0 s,0 s,0 s
2026-02-10 12:58:00,203 µs,797 µs,1.68 ms,3.64 ms,0 s,0 s,0 s,0 s
2026-02-10 12:58:15,407 µs,1.61 ms,1.68 ms,3.64 ms,0 s,0 s,0 s,0 s
2026-02-10 12:58:30,203 µs,814 µs,1.68 ms,3.64 ms,0 s,0 s,0 s,0 s
2026-02-10 12:58:45,203 µs,814 µs,1.68 ms,1.69 ms,0 s,0 s,0 s,0 s
2026-02-10 12:59:00,424 µs,1.88 ms,322 µs,1.69 ms,0 s,0 s,0 s,0 s
2026-02-10 12:59:15,661 µs,1.07 ms,322 µs,3.46 ms,0 s,0 s,0 s,0 s
2026-02-10 12:59:30,1.12 ms,1.07 ms,814 µs,3.46 ms,0 s,0 s,0 s,0 s
2026-02-10 12:59:45,1.81 ms,1.90 ms,813 µs,1.76 ms,0 s,0 s,0 s,0 s
2026-02-10 13:00:00,3.08 ms,830 µs,492 µs,1.76 ms,0 s,0 s,0 s,0 s
2026-02-10 13:00:15,3.22 ms,830 µs,492 µs,0 s,0 s,0 s,0 s,0 s
2026-02-10 13:00:30,3.08 ms,932 µs,0 s,4.29 ms,0 s,0 s,0 s,0 s
2026-02-10 13:00:45,2.71 ms,932 µs,542 µs,4.29 ms,0 s,0 s,0 s,0 s
2026-02-10 13:01:00,1.58 ms,932 µs,542 µs,4.29 ms,0 s,0 s,0 s,0 s
2026-02-10 13:01:15,1.56 ms,1.88 ms,1.41 ms,3.98 ms,0 s,0 s,0 s,0 s
2026-02-10 13:01:30,1.59 ms,949 µs,1.41 ms,3.98 ms,0 s,0 s,0 s,0 s
2026-02-10 13:01:45,1.66 ms,2.76 ms,865 µs,3.98 ms,0 s,0 s,0 s,0 s
2026-02-10 13:02:00,1.66 ms,2.76 ms,2.00 ms,4.95 ms,0 s,0 s,0 s,0 s
2026-02-10 13:02:15,1.39 ms,1.81 ms,1.14 ms,966 µs,0 s,0 s,0 s,0 s
2026-02-10 13:02:30,1.44 ms,1.81 ms,1.14 ms,966 µs,0 s,0 s,0 s,0 s
2026-02-10 13:02:45,1.32 ms,1.34 ms,1.14 ms,966 µs,0 s,0 s,0 s,0 s
2026-02-10 13:03:00,1.64 ms,1.34 ms,864 µs,0 s,0 s,0 s,0 s,0 s
2026-02-10 13:03:15,1.86 ms,1.34 ms,864 µs,830 µs,0 s,0 s,0 s,0 s
2026-02-10 13:03:30,2.10 ms,1.34 ms,864 µs,830 µs,0 s,0 s,0 s,0 s
2026-02-10 13:03:45,2.22 ms,966 µs,864 µs,830 µs,0 s,0 s,0 s,0 s
2026-02-10 13:04:00,2.27 ms,2.17 ms,712 µs,576 µs,0 s,0 s,0 s,0 s
2026-02-10 13:04:15,1.97 ms,2.17 ms,712 µs,576 µs,0 s,0 s,0 s,0 s
2026-02-10 13:04:30,1.54 ms,2.17 ms,1.69 ms,576 µs,0 s,0 s,0 s,0 s
2026-02-10 13:04:45,1.64 ms,1.20 ms,983 µs,1.36 ms,0 s,0 s,0 s,0 s
2026-02-10 13:05:00,1.44 ms,1.27 ms,983 µs,780 µs,0 s,0 s,0 s,0 s
2026-02-10 13:05:15,1.81 ms,1.27 ms,983 µs,780 µs,0 s,0 s,0 s,0 s
2026-02-10 13:05:30,2.03 ms,1.27 ms,780 µs,780 µs,0 s,0 s,0 s,0 s
2026-02-10 13:05:45,2.36 ms,2.56 ms,780 µs,0 s,0 s,0 s,0 s,0 s
2026-02-10 13:06:00,2.19 ms,1.29 ms,780 µs,729 µs,0 s,0 s,0 s,0 s
2026-02-10 13:06:15,2.29 ms,1.29 ms,780 µs,729 µs,0 s,0 s,0 s,0 s
2026-02-10 13:06:30,2.53 ms,2.44 ms,1.39 ms,729 µs,0 s,0 s,0 s,0 s
2026-02-10 13:06:45,2.08 ms,1.15 ms,1.39 ms,814 µs,0 s,0 s,0 s,0 s
2026-02-10 13:07:00,2.00 ms,1.15 ms,2.10 ms,814 µs,0 s,0 s,0 s,0 s
2026-02-10 13:07:15,1.71 ms,1.15 ms,2.10 ms,814 µs,0 s,0 s,0 s,0 s
2026-02-10 13:07:30,1.36 ms,2.00 ms,712 µs,814 µs,0 s,0 s,0 s,0 s
2026-02-10 13:07:45,1.27 ms,2.00 ms,712 µs,932 µs,0 s,0 s,0 s,0 s
2026-02-10 13:08:00,1.46 ms,2.00 ms,0 s,932 µs,0 s,0 s,0 s,0 s
2026-02-10 13:08:15,1.44 ms,2.98 ms,932 µs,932 µs,0 s,0 s,0 s,0 s
2026-02-10 13:08:30,1.39 ms,983 µs,932 µs,932 µs,0 s,0 s,0 s,0 s
2026-02-10 13:08:45,1.46 ms,983 µs,932 µs,0 s,0 s,0 s,0 s,0 s
2026-02-10 13:09:00,1.37 ms,983 µs,932 µs,1.12 ms,0 s,0 s,0 s,0 s
2026-02-10 13:09:15,1.41 ms,881 µs,678 µs,1.12 ms,0 s,0 s,0 s,0 s
2026-02-10 13:09:30,1.53 ms,881 µs,678 µs,1.12 ms,0 s,0 s,0 s,0 s
2026-02-10 13:09:45,1.14 ms,881 µs,678 µs,2.36 ms,0 s,0 s,0 s,0 s
2026-02-10 13:10:00,1.05 ms,1.78 ms,1.44 ms,1.24 ms,0 s,0 s,0 s,0 s
2026-02-10 13:10:15,1.32 ms,898 µs,763 µs,1.24 ms,0 s,0 s,0 s,0 s
2026-02-10 13:10:30,1.39 ms,898 µs,763 µs,1.24 ms,0 s,0 s,0 s,0 s
2026-02-10 13:10:45,1.85 ms,2.25 ms,3.29 ms,780 µs,0 s,0 s,0 s,0 s
2026-02-10 13:11:00,2.03 ms,1.36 ms,2.53 ms,780 µs,0 s,0 s,0 s,0 s
2026-02-10 13:11:15,8.51 ms,1.36 ms,2.53 ms,780 µs,0 s,0 s,0 s,0 s
2026-02-10 13:11:30,10.8 ms,5.03 ms,4.69 ms,780 µs,0 s,0 s,0 s,0 s
2026-02-10 13:11:45,12.2 ms,3.68 ms,2.17 ms,3.42 ms,0 s,0 s,0 s,0 s
2026-02-10 13:12:00,14.1 ms,3.68 ms,2.17 ms,3.42 ms,0 s,0 s,0 s,0 s
2026-02-10 13:12:15,7.29 ms,4.90 ms,2.17 ms,3.42 ms,0 s,0 s,0 s,0 s
2026-02-10 13:12:30,6.14 ms,1.22 ms,2.37 ms,3.42 ms,0 s,0 s,0 s,0 s
2026-02-10 13:12:45,3.98 ms,3.36 ms,2.37 ms,2.24 ms,0 s,0 s,0 s,0 s
2026-02-10 13:13:00,2.49 ms,3.36 ms,3.90 ms,2.24 ms,0 s,0 s,0 s,0 s
2026-02-10 13:13:15,2.68 ms,2.14 ms,3.90 ms,4.24 ms,0 s,0 s,0 s,0 s
2026-02-10 13:13:30,1.53 ms,3.46 ms,1.53 ms,4.24 ms,0 s,0 s,0 s,0 s
2026-02-10 13:13:45,1.42 ms,1.32 ms,4.25 ms,2.00 ms,0 s,0 s,0 s,0 s
2026-02-10 13:14:00,1.49 ms,1.32 ms,2.73 ms,2.00 ms,0 s,0 s,0 s,0 s
2026-02-10 13:14:15,1.51 ms,2.36 ms,2.73 ms,2.20 ms,0 s,0 s,0 s,0 s
2026-02-10 13:14:30,1.34 ms,1.03 ms,4.83 ms,2.20 ms,0 s,0 s,0 s,0 s
2026-02-10 13:14:45,1.29 ms,2.29 ms,2.10 ms,2.20 ms,0 s,0 s,0 s,0 s
2026-02-10 13:15:00,1.20 ms,2.29 ms,2.10 ms,4.20 ms,0 s,0 s,0 s,0 s
2026-02-10 13:15:15,814 µs,1.25 ms,2.10 ms,2.00 ms,0 s,0 s,0 s,0 s
2026-02-10 13:15:30,729 µs,1.25 ms,1.93 ms,2.00 ms,0 s,0 s,0 s,0 s
2026-02-10 13:15:45,780 µs,864 µs,1.93 ms,4.39 ms,0 s,0 s,0 s,0 s
2026-02-10 13:16:00,898 µs,864 µs,1.93 ms,2.39 ms,0 s,0 s,0 s,0 s
2026-02-10 13:16:15,1.49 ms,864 µs,3.49 ms,2.39 ms,0 s,0 s,0 s,0 s
2026-02-10 13:16:30,1.64 ms,2.03 ms,1.56 ms,2.39 ms,0 s,0 s,0 s,0 s
2026-02-10 13:16:45,1.59 ms,1.17 ms,1.56 ms,0 s,0 s,0 s,0 s,0 s
2026-02-10 13:17:00,1.58 ms,1.17 ms,1.56 ms,2.39 ms,0 s,0 s,0 s,0 s
2026-02-10 13:17:15,1.36 ms,2.17 ms,1.27 ms,2.39 ms,0 s,0 s,0 s,0 s
2026-02-10 13:17:30,1.25 ms,1000 µs,1.27 ms,2.39 ms,0 s,0 s,0 s,0 s
2026-02-10 13:17:45,1.34 ms,1000 µs,1.27 ms,5.20 ms,0 s,0 s,0 s,0 s
2026-02-10 13:18:00,1.29 ms,2.07 ms,3.00 ms,2.81 ms,0 s,0 s,0 s,0 s
2026-02-10 13:18:15,1.20 ms,1.07 ms,1.73 ms,2.81 ms,0 s,0 s,0 s,0 s
2026-02-10 13:18:30,1.20 ms,1.07 ms,1.73 ms,2.81 ms,0 s,0 s,0 s,0 s
2026-02-10 13:18:45,1.22 ms,2.78 ms,3.39 ms,3.25 ms,0 s,0 s,0 s,0 s
2026-02-10 13:19:00,1.53 ms,1.71 ms,1.66 ms,3.25 ms,0 s,0 s,0 s,0 s
2026-02-10 13:19:15,1.71 ms,1.71 ms,1.66 ms,3.25 ms,0 s,0 s,0 s,0 s
2026-02-10 13:19:30,1.83 ms,3.20 ms,3.08 ms,3.25 ms,0 s,0 s,0 s,0 s
2026-02-10 13:19:45,2.15 ms,1.49 ms,1.42 ms,1.88 ms,0 s,0 s,0 s,0 s
2026-02-10 13:20:00,1.78 ms,1.49 ms,1.42 ms,1.88 ms,0 s,0 s,0 s,0 s
2026-02-10 13:20:15,1.63 ms,2.88 ms,1.42 ms,1.88 ms,0 s,0 s,0 s,0 s
2026-02-10 13:20:30,1.47 ms,1.39 ms,1.19 ms,3.97 ms,0 s,0 s,0 s,0 s
2026-02-10 13:20:45,949 µs,3.05 ms,1.19 ms,2.08 ms,0 s,0 s,0 s,0 s
2026-02-10 13:21:00,627 µs,3.05 ms,1.19 ms,2.08 ms,0 s,0 s,0 s,0 s
2026-02-10 13:21:15,322 µs,1.66 ms,2.80 ms,2.08 ms,0 s,0 s,0 s,0 s
2026-02-10 13:21:30,627 µs,1.66 ms,1.61 ms,0 s,0 s,0 s,0 s,0 s
2026-02-10 13:21:45,1000 µs,1.19 ms,1.61 ms,1.95 ms,0 s,0 s,0 s,0 s
2026-02-10 13:22:00,1.36 ms,1.19 ms,1.61 ms,1.95 ms,0 s,0 s,0 s,0 s
2026-02-10 13:22:15,1.58 ms,1.19 ms,2.05 ms,1.95 ms,0 s,0 s,0 s,0 s
2026-02-10 13:22:30,1.41 ms,1.19 ms,2.05 ms,1.95 ms,0 s,0 s,0 s,0 s
2026-02-10 13:22:45,1.25 ms,1.10 ms,2.05 ms,2.58 ms,0 s,0 s,0 s,0 s
2026-02-10 13:23:00,1.25 ms,1.10 ms,3.63 ms,2.58 ms,0 s,0 s,0 s,0 s
2026-02-10 13:23:15,1.22 ms,1.10 ms,1.58 ms,2.58 ms,0 s,0 s,0 s,0 s
2026-02-10 13:23:30,1.37 ms,1.10 ms,1.58 ms,2.58 ms,0 s,0 s,0 s,0 s
2026-02-10 13:23:45,1.49 ms,1.42 ms,2.25 ms,2.22 ms,0 s,0 s,0 s,0 s
2026-02-10 13:24:00,1.47 ms,1.42 ms,678 µs,2.22 ms,0 s,0 s,0 s,0 s
2026-02-10 13:24:15,1.56 ms,1.42 ms,678 µs,2.22 ms,0 s,0 s,0 s,0 s
2026-02-10 13:24:30,1.53 ms,2.58 ms,678 µs,2.22 ms,0 s,0 s,0 s,0 s
2026-02-10 13:24:45,1.41 ms,1.15 ms,661 µs,2.56 ms,0 s,0 s,0 s,0 s
2026-02-10 13:25:00,1.34 ms,1.15 ms,661 µs,2.56 ms,0 s,0 s,0 s,0 s
2026-02-10 13:25:15,1.20 ms,0 s,661 µs,2.56 ms,0 s,0 s,0 s,0 s
2026-02-10 13:25:30,1.10 ms,1.31 ms,661 µs,2.56 ms,0 s,0 s,0 s,0 s
2026-02-10 13:25:45,1.22 ms,1.31 ms,0 s,2.81 ms,0 s,0 s,0 s,0 s
2026-02-10 13:26:00,1.22 ms,1.31 ms,966 µs,2.81 ms,0 s,0 s,0 s,0 s
2026-02-10 13:26:15,1.17 ms,1.08 ms,966 µs,2.81 ms,0 s,0 s,0 s,0 s
2026-02-10 13:26:30,1.02 ms,1.08 ms,966 µs,2.81 ms,0 s,0 s,0 s,0 s
2026-02-10 13:26:45,949 µs,1.08 ms,2.15 ms,814 µs,0 s,0 s,0 s,0 s
2026-02-10 13:27:00,1.34 ms,2.76 ms,1.19 ms,814 µs,0 s,0 s,0 s,0 s
2026-02-10 13:27:15,1.37 ms,1.68 ms,1.19 ms,814 µs,0 s,0 s,0 s,0 s
2026-02-10 13:27:30,1.78 ms,1.68 ms,1.19 ms,814 µs,0 s,0 s,0 s,0 s
2026-02-10 13:27:45,1.59 ms,1.68 ms,593 µs,1.90 ms,0 s,0 s,0 s,0 s
2026-02-10 13:28:00,1.39 ms,1.15 ms,593 µs,1.90 ms,0 s,0 s,0 s,0 s
2026-02-10 13:28:15,1.75 ms,1.15 ms,593 µs,1.90 ms,0 s,0 s,0 s,0 s
2026-02-10 13:28:30,1.56 ms,1.15 ms,593 µs,1.90 ms,0 s,0 s,0 s,0 s
2026-02-10 13:28:45,1.68 ms,2.63 ms,763 µs,712 µs,0 s,0 s,0 s,0 s
2026-02-10 13:29:00,1.68 ms,1.47 ms,763 µs,712 µs,0 s,0 s,0 s,0 s
2026-02-10 13:29:15,1.54 ms,1.47 ms,763 µs,712 µs,0 s,0 s,0 s,0 s
2026-02-10 13:29:30,1.92 ms,1.47 ms,763 µs,712 µs,0 s,0 s,0 s,0 s
2026-02-10 13:29:45,1.93 ms,1.44 ms,814 µs,1.25 ms,0 s,0 s,0 s,0 s
2026-02-10 13:30:00,1.88 ms,1.44 ms,814 µs,1.25 ms,0 s,0 s,0 s,0 s
2026-02-10 13:30:15,1.78 ms,1.44 ms,814 µs,1.25 ms,0 s,0 s,0 s,0 s
2026-02-10 13:30:30,1.36 ms,2.66 ms,1.49 ms,1.25 ms,0 s,0 s,0 s,0 s
2026-02-10 13:30:45,1.24 ms,1.22 ms,678 µs,627 µs,0 s,0 s,0 s,0 s
2026-02-10 13:31:00,1.34 ms,2.22 ms,678 µs,627 µs,0 s,0 s,0 s,0 s
2026-02-10 13:31:15,1.44 ms,2.22 ms,1.20 ms,627 µs,0 s,0 s,0 s,0 s
2026-02-10 13:31:30,1.59 ms,1000 µs,525 µs,627 µs,0 s,0 s,0 s,0 s
2026-02-10 13:31:45,1.56 ms,2.00 ms,525 µs,661 µs,0 s,0 s,0 s,0 s
2026-02-10 13:32:00,1.07 ms,1000 µs,949 µs,661 µs,0 s,0 s,0 s,0 s
2026-02-10 13:32:15,1.24 ms,1000 µs,424 µs,661 µs,0 s,0 s,0 s,0 s
2026-02-10 13:32:30,1.37 ms,1000 µs,424 µs,1.20 ms,0 s,0 s,0 s,0 s
2026-02-10 13:32:45,1.76 ms,898 µs,830 µs,542 µs,0 s,0 s,0 s,0 s
2026-02-10 13:33:00,2.20 ms,898 µs,407 µs,542 µs,0 s,0 s,0 s,0 s
2026-02-10 13:33:15,2.31 ms,2.03 ms,407 µs,1.19 ms,0 s,0 s,0 s,0 s
2026-02-10 13:33:30,2.14 ms,2.03 ms,407 µs,644 µs,0 s,0 s,0 s,0 s
2026-02-10 13:33:45,1.71 ms,1.14 ms,661 µs,644 µs,0 s,0 s,0 s,0 s
2026-02-10 13:34:00,1.44 ms,1.14 ms,661 µs,644 µs,0 s,0 s,0 s,0 s
2026-02-10 13:34:15,1.24 ms,1.37 ms,661 µs,0 s,0 s,0 s,0 s,0 s
2026-02-10 13:34:30,1.34 ms,1.37 ms,661 µs,593 µs,0 s,0 s,0 s,0 s
2026-02-10 13:34:45,2.93 ms,6.15 ms,1.98 ms,593 µs,0 s,0 s,0 s,0 s
2026-02-10 13:35:00,5.14 ms,6.15 ms,1.98 ms,593 µs,0 s,0 s,0 s,0 s
2026-02-10 13:35:15,6.47 ms,4.78 ms,1.98 ms,593 µs,0 s,0 s,0 s,0 s
2026-02-10 13:35:30,7.86 ms,4.78 ms,4.07 ms,2.22 ms,0 s,0 s,0 s,0 s
2026-02-10 13:35:45,5.32 ms,5.46 ms,2.08 ms,2.22 ms,0 s,0 s,0 s,0 s
2026-02-10 13:36:00,4.03 ms,5.46 ms,2.08 ms,2.22 ms,0 s,0 s,0 s,0 s
2026-02-10 13:36:15,2.39 ms,5.46 ms,2.08 ms,1.98 ms,0 s,0 s,0 s,0 s
2026-02-10 13:36:30,1.22 ms,9.98 ms,2.03 ms,1.98 ms,0 s,0 s,0 s,0 s
2026-02-10 13:36:45,1.19 ms,4.53 ms,2.03 ms,1.98 ms,0 s,0 s,0 s,0 s
2026-02-10 13:37:00,1.17 ms,4.53 ms,2.03 ms,1.98 ms,0 s,0 s,0 s,0 s
2026-02-10 13:37:15,915 µs,4.53 ms,3.61 ms,3.05 ms,0 s,0 s,0 s,0 s
2026-02-10 13:37:30,508 µs,3.36 ms,1.58 ms,3.05 ms,0 s,0 s,0 s,0 s
2026-02-10 13:37:45,339 µs,3.36 ms,1.58 ms,3.05 ms,0 s,0 s,0 s,0 s
2026-02-10 13:38:00,186 µs,3.36 ms,1.58 ms,3.05 ms,0 s,0 s,0 s,0 s
2026-02-10 13:38:15,186 µs,3.36 ms,1.98 ms,0 s,0 s,0 s,0 s,0 s
2026-02-10 13:38:30,576 µs,3.51 ms,1.98 ms,1.88 ms,0 s,0 s,0 s,0 s
2026-02-10 13:38:45,390 µs,3.51 ms,1.98 ms,1.88 ms,0 s,0 s,0 s,0 s
2026-02-10 13:39:00,390 µs,3.51 ms,1.98 ms,1.88 ms,0 s,0 s,0 s,0 s
2026-02-10 13:39:15,847 µs,6.85 ms,1.51 ms,3.85 ms,0 s,0 s,0 s,0 s
2026-02-10 13:39:30,830 µs,3.34 ms,1.51 ms,1.97 ms,0 s,0 s,0 s,0 s
2026-02-10 13:39:45,1.14 ms,7.59 ms,3.56 ms,1.97 ms,0 s,0 s,0 s,0 s
2026-02-10 13:40:00,1.78 ms,7.59 ms,3.56 ms,3.76 ms,0 s,0 s,0 s,0 s
2026-02-10 13:40:15,1.61 ms,4.25 ms,2.05 ms,1.80 ms,0 s,0 s,0 s,0 s
2026-02-10 13:40:30,1.42 ms,4.25 ms,2.05 ms,1.80 ms,0 s,0 s,0 s,0 s
2026-02-10 13:40:45,1.53 ms,3.14 ms,1.49 ms,1.80 ms,0 s,0 s,0 s,0 s
2026-02-10 13:41:00,1.20 ms,3.14 ms,1.49 ms,2.12 ms,0 s,0 s,0 s,0 s
2026-02-10 13:41:15,1.27 ms,3.14 ms,1.49 ms,2.12 ms,0 s,0 s,0 s,0 s
2026-02-10 13:41:30,1.41 ms,6.85 ms,2.95 ms,2.12 ms,0 s,0 s,0 s,0 s
2026-02-10 13:41:45,1.42 ms,7.07 ms,1.46 ms,3.83 ms,0 s,0 s,0 s,0 s
2026-02-10 13:42:00,1.44 ms,7.07 ms,1.46 ms,1.71 ms,0 s,0 s,0 s,0 s
2026-02-10 13:42:15,1.59 ms,7.07 ms,3.39 ms,1.71 ms,0 s,0 s,0 s,0 s
2026-02-10 13:42:30,1.54 ms,3.36 ms,1.93 ms,1.71 ms,0 s,0 s,0 s,0 s
2026-02-10 13:42:45,1.31 ms,5.78 ms,1.93 ms,2.32 ms,0 s,0 s,0 s,0 s
2026-02-10 13:43:00,1.34 ms,5.78 ms,1.93 ms,2.32 ms,0 s,0 s,0 s,0 s
2026-02-10 13:43:15,1.25 ms,5.78 ms,1.37 ms,2.32 ms,0 s,0 s,0 s,0 s
2026-02-10 13:43:30,1.22 ms,5.78 ms,1.37 ms,2.32 ms,0 s,0 s,0 s,0 s
2026-02-10 13:43:45,1.19 ms,3.44 ms,1.37 ms,0 s,0 s,0 s,0 s,0 s
2026-02-10 13:44:00,1.41 ms,3.44 ms,1.37 ms,2.07 ms,0 s,0 s,0 s,0 s
2026-02-10 13:44:15,1.24 ms,3.44 ms,1.49 ms,2.07 ms,0 s,0 s,0 s,0 s
2026-02-10 13:44:30,881 µs,3.44 ms,1.49 ms,2.07 ms,0 s,0 s,0 s,0 s
2026-02-10 13:44:45,695 µs,2.92 ms,1.49 ms,2.07 ms,0 s,0 s,0 s,0 s
2026-02-10 13:45:00,458 µs,2.92 ms,2.81 ms,1.86 ms,0 s,0 s,0 s,0 s
2026-02-10 13:45:15,678 µs,5.49 ms,1.32 ms,1.86 ms,0 s,0 s,0 s,0 s
2026-02-10 13:45:30,1.15 ms,5.49 ms,1.32 ms,1.86 ms,0 s,0 s,0 s,0 s
2026-02-10 13:45:45,1.34 ms,2.58 ms,1.32 ms,4.22 ms,0 s,0 s,0 s,0 s
2026-02-10 13:46:00,1.47 ms,2.58 ms,0 s,2.36 ms,0 s,0 s,0 s,0 s
2026-02-10 13:46:15,1.47 ms,2.90 ms,0 s,2.36 ms,0 s,0 s,374 ms,0 s
2026-02-10 13:46:30,1.27 ms,2.90 ms,0 s,2.36 ms,0 s,0 s,374 ms,0 s
2026-02-10 13:46:45,1.22 ms,2.90 ms,0 s,2.49 ms,0 s,0 s,0 s,0 s
2026-02-10 13:47:00,1.44 ms,2.91 ms,594 µs,2.49 ms,0 s,0 s,0 s,0 s
2026-02-10 13:47:15,1.58 ms,0 s,593 µs,2.49 ms,0 s,0 s,0 s,0 s
2026-02-10 13:47:30,1.71 ms,17.8 ms,593 µs,2.49 ms,0 s,394 ms,0 s,0 s
2026-02-10 13:47:45,2.12 ms,18.3 ms,898 µs,0 s,0 s,394 ms,0 s,0 s
2026-02-10 13:48:00,2.53 ms,476 µs,305 µs,0 s,0 s,0 s,0 s,0 s
2026-02-10 13:48:15,3.00 ms,829 µs,1.49 ms,0 s,0 s,0 s,0 s,547 ms
2026-02-10 13:48:30,2.88 ms,830 µs,1.49 ms,0 s,0 s,0 s,0 s,547 ms
2026-02-10 13:48:45,2.68 ms,356 µs,1.19 ms,750 µs,0 s,0 s,0 s,0 s
2026-02-10 13:49:00,2.25 ms,356 µs,1.19 ms,745 µs,0 s,0 s,0 s,0 s
2026-02-10 13:49:15,1.51 ms,271 µs,0 s,746 µs,0 s,0 s,0 s,0 s
2026-02-10 13:49:30,1.54 ms,271 µs,373 µs,746 µs,0 s,0 s,0 s,0 s
2026-02-10 13:49:45,1.39 ms,271 µs,373 µs,186 µs,0 s,0 s,0 s,0 s
2026-02-10 13:50:00,1.36 ms,593 µs,373 µs,186 µs,0 s,0 s,0 s,0 s
2026-02-10 13:50:15,1.39 ms,322 µs,373 µs,186 µs,0 s,0 s,0 s,0 s
2026-02-10 13:50:30,966 µs,322 µs,814 µs,186 µs,0 s,0 s,0 s,0 s
2026-02-10 13:50:45,407 µs,322 µs,814 µs,356 µs,0 s,0 s,0 s,0 s
2026-02-10 13:51:00,966 µs,356 µs,1.32 ms,356 µs,0 s,0 s,0 s,0 s
2026-02-10 13:51:15,1.37 ms,356 µs,508 µs,356 µs,0 s,0 s,0 s,0 s
2026-02-10 13:51:30,1.78 ms,797 µs,508 µs,932 µs,0 s,0 s,0 s,0 s
2026-02-10 13:51:45,2.53 ms,797 µs,1.64 ms,576 µs,0 s,0 s,0 s,0 s
2026-02-10 13:52:00,2.47 ms,441 µs,1.14 ms,576 µs,0 s,0 s,0 s,0 s
2026-02-10 13:52:15,2.34 ms,814 µs,1.14 ms,576 µs,0 s,0 s,0 s,0 s
2026-02-10 13:52:30,2.31 ms,373 µs,1.14 ms,627 µs,0 s,0 s,0 s,0 s
2026-02-10 13:52:45,2.88 ms,797 µs,441 µs,627 µs,0 s,0 s,0 s,0 s
2026-02-10 13:53:00,2.51 ms,797 µs,441 µs,1.05 ms,0 s,0 s,0 s,0 s
2026-02-10 13:53:15,2.44 ms,424 µs,2.34 ms,1.05 ms,0 s,0 s,0 s,0 s
2026-02-10 13:53:30,2.17 ms,424 µs,2.34 ms,424 µs,0 s,0 s,0 s,0 s
2026-02-10 13:53:45,1.61 ms,525 µs,1.90 ms,424 µs,0 s,0 s,0 s,0 s
2026-02-10 13:54:00,1.75 ms,525 µs,1.90 ms,0 s,0 s,0 s,0 s,0 s
2026-02-10 13:54:15,1.78 ms,525 µs,525 µs,593 µs,0 s,0 s,0 s,0 s
2026-02-10 13:54:30,1.71 ms,525 µs,525 µs,593 µs,0 s,0 s,0 s,0 s
2026-02-10 13:54:45,1.61 ms,526 µs,526 µs,594 µs,0 s,0 s,0 s,0 s
2026-02-10 13:55:00,1.51 ms,526 µs,526 µs,594 µs,0 s,0 s,0 s,0 s
2026-02-10 13:55:15,1.65 ms,526 µs,780 µs,492 µs,0 s,0 s,0 s,0 s
2026-02-10 13:55:30,1.58 ms,526 µs,780 µs,492 µs,0 s,0 s,0 s,0 s
2026-02-10 13:55:45,1.93 ms,763 µs,780 µs,492 µs,0 s,0 s,0 s,0 s
2026-02-10 13:56:00,1.75 ms,763 µs,780 µs,492 µs,0 s,0 s,0 s,0 s
2026-02-10 13:56:15,1.19 ms,763 µs,0 s,0 s,0 s,0 s,0 s,0 s
2026-02-10 13:56:30,746 µs,0 s,559 µs,458 µs,0 s,0 s,0 s,0 s
2026-02-10 13:56:45,271 µs,390 µs,559 µs,458 µs,0 s,0 s,0 s,0 s
2026-02-10 13:57:00,508 µs,932 µs,1.17 ms,458 µs,0 s,0 s,0 s,0 s
2026-02-10 13:57:15,932 µs,932 µs,1.17 ms,1000 µs,0 s,0 s,0 s,0 s
2026-02-10 13:57:30,1.29 ms,932 µs,610 µs,542 µs,0 s,0 s,0 s,0 s
2026-02-10 13:57:45,1.88 ms,1.17 ms,610 µs,542 µs,0 s,0 s,0 s,0 s
2026-02-10 13:58:00,1.86 ms,627 µs,576 µs,542 µs,0 s,0 s,0 s,0 s
2026-02-10 13:58:15,1.80 ms,627 µs,576 µs,492 µs,0 s,0 s,0 s,0 s
2026-02-10 13:58:30,1.90 ms,627 µs,576 µs,492 µs,0 s,0 s,0 s,0 s
2026-02-10 13:58:45,1.56 ms,1.36 ms,576 µs,492 µs,0 s,0 s,0 s,0 s
2026-02-10 13:59:00,1.83 ms,1.36 ms,831 µs,492 µs,0 s,0 s,0 s,0 s
2026-02-10 13:59:15,1.92 ms,2.31 ms,830 µs,441 µs,0 s,0 s,0 s,0 s
2026-02-10 13:59:30,1.85 ms,2.30 ms,830 µs,441 µs,0 s,0 s,0 s,0 s
2026-02-10 13:59:45,1.81 ms,949 µs,3.36 ms,441 µs,0 s,0 s,0 s,0 s
2026-02-10 14:00:00,1.64 ms,949 µs,2.53 ms,1.17 ms,0 s,0 s,0 s,0 s
2026-02-10 14:00:15,3.15 ms,407 µs,2.53 ms,729 µs,0 s,0 s,0 s,0 s
2026-02-10 14:00:30,7.54 ms,407 µs,2.53 ms,729 µs,0 s,0 s,0 s,0 s
2026-02-10 14:00:45,9.93 ms,407 µs,2.75 ms,729 µs,0 s,0 s,0 s,0 s
2026-02-10 14:01:00,11.3 ms,1.37 ms,2.75 ms,2.17 ms,0 s,0 s,0 s,0 s
2026-02-10 14:01:15,11.7 ms,966 µs,2.75 ms,2.17 ms,0 s,0 s,0 s,0 s
2026-02-10 14:01:30,7.22 ms,966 µs,0 s,2.17 ms,0 s,0 s,0 s,0 s
2026-02-10 14:01:45,4.66 ms,966 µs,1.49 ms,2.17 ms,0 s,0 s,0 s,0 s
2026-02-10 14:02:00,1.05 ms,729 µs,1.49 ms,0 s,0 s,0 s,0 s,0 s
2026-02-10 14:02:15,695 µs,729 µs,1.49 ms,2.46 ms,0 s,0 s,0 s,0 s
2026-02-10 14:02:30,525 µs,729 µs,0 s,2.46 ms,0 s,0 s,0 s,0 s
2026-02-10 14:02:45,169 µs,729 µs,1.53 ms,2.46 ms,0 s,0 s,0 s,0 s
2026-02-10 14:03:00,169 µs,576 µs,1.53 ms,0 s,0 s,0 s,0 s,0 s
2026-02-10 14:03:15,169 µs,576 µs,1.53 ms,1.25 ms,0 s,0 s,0 s,0 s
2026-02-10 14:03:30,220 µs,576 µs,1.53 ms,1.25 ms,0 s,0 s,0 s,0 s
2026-02-10 14:03:45,525 µs,1.34 ms,3.71 ms,2.93 ms,0 s,0 s,0 s,0 s
2026-02-10 14:04:00,1000 µs,763 µs,6.17 ms,2.93 ms,0 s,0 s,0 s,0 s
2026-02-10 14:04:15,1.36 ms,1.31 ms,6.17 ms,1.68 ms,0 s,0 s,0 s,0 s
2026-02-10 14:04:30,2.25 ms,1.31 ms,6.17 ms,1.68 ms,0 s,0 s,0 s,0 s
2026-02-10 14:04:45,2.32 ms,542 µs,2.46 ms,2.49 ms,0 s,0 s,0 s,0 s
2026-02-10 14:05:00,2.20 ms,542 µs,1.54 ms,2.49 ms,0 s,0 s,0 s,0 s
2026-02-10 14:05:15,2.17 ms,678 µs,1.54 ms,2.49 ms,0 s,0 s,0 s,0 s
2026-02-10 14:05:30,1.37 ms,678 µs,1.54 ms,2.49 ms,0 s,0 s,0 s,0 s
2026-02-10 14:05:45,1.15 ms,678 µs,1.54 ms,0 s,0 s,0 s,0 s,0 s
2026-02-10 14:06:00,932 µs,0 s,0 s,1.53 ms,0 s,0 s,0 s,0 s
2026-02-10 14:06:15,797 µs,678 µs,1.27 ms,1.53 ms,0 s,0 s,0 s,0 s
2026-02-10 14:06:30,780 µs,678 µs,1.27 ms,1.53 ms,0 s,0 s,0 s,0 s
2026-02-10 14:06:45,949 µs,1.47 ms,2.56 ms,4.46 ms,0 s,0 s,0 s,0 s
2026-02-10 14:07:00,1.15 ms,1.47 ms,2.56 ms,2.93 ms,0 s,0 s,0 s,0 s
2026-02-10 14:07:15,1.41 ms,797 µs,1.29 ms,2.93 ms,0 s,0 s,0 s,0 s
2026-02-10 14:07:30,1.53 ms,797 µs,1.29 ms,2.93 ms,0 s,0 s,0 s,0 s
2026-02-10 14:07:45,1.42 ms,678 µs,1.68 ms,2.12 ms,0 s,0 s,0 s,0 s
2026-02-10 14:08:00,1.68 ms,678 µs,1.68 ms,2.12 ms,0 s,0 s,0 s,0 s
2026-02-10 14:08:15,1.51 ms,678 µs,1.68 ms,2.12 ms,0 s,0 s,0 s,0 s
2026-02-10 14:08:30,1.49 ms,1.08 ms,1.68 ms,2.12 ms,0 s,0 s,0 s,0 s
2026-02-10 14:08:45,1.25 ms,407 µs,1.34 ms,0 s,0 s,0 s,0 s,0 s
2026-02-10 14:09:00,1.07 ms,407 µs,1.34 ms,1.27 ms,0 s,0 s,0 s,0 s
2026-02-10 14:09:15,864 µs,407 µs,1.34 ms,1.27 ms,0 s,0 s,0 s,0 s
2026-02-10 14:09:30,983 µs,627 µs,1.34 ms,1.27 ms,0 s,0 s,0 s,0 s
2026-02-10 14:09:45,1.15 ms,627 µs,1.58 ms,1.27 ms,0 s,0 s,0 s,0 s
2026-02-10 14:10:00,1.25 ms,627 µs,1.58 ms,0 s,0 s,0 s,0 s,0 s
2026-02-10 14:10:15,1.64 ms,1.05 ms,1.58 ms,1.44 ms,0 s,0 s,0 s,0 s
2026-02-10 14:10:30,1.41 ms,424 µs,3.12 ms,1.44 ms,0 s,0 s,0 s,0 s
2026-02-10 14:10:45,1.44 ms,424 µs,1.54 ms,2.66 ms,0 s,0 s,0 s,0 s
2026-02-10 14:11:00,1.54 ms,1000 µs,1.54 ms,1.22 ms,0 s,0 s,0 s,0 s
2026-02-10 14:11:15,1.31 ms,576 µs,1.54 ms,1.22 ms,0 s,0 s,0 s,0 s
2026-02-10 14:11:30,1.41 ms,576 µs,1.10 ms,1.22 ms,0 s,0 s,0 s,0 s
2026-02-10 14:11:45,1.32 ms,559 µs,1.10 ms,4.54 ms,0 s,0 s,0 s,0 s
2026-02-10 14:12:00,1.20 ms,559 µs,1.10 ms,4.54 ms,0 s,0 s,0 s,0 s
2026-02-10 14:12:15,1.22 ms,559 µs,1.10 ms,4.54 ms,0 s,0 s,0 s,0 s
2026-02-10 14:12:30,1.20 ms,559 µs,1.32 ms,4.54 ms,0 s,0 s,0 s,0 s
2026-02-10 14:12:45,1.44 ms,492 µs,3.20 ms,1.07 ms,0 s,0 s,0 s,0 s
2026-02-10 14:13:00,1.46 ms,1.32 ms,3.20 ms,1.07 ms,0 s,0 s,0 s,0 s
2026-02-10 14:13:15,1.63 ms,1.32 ms,3.20 ms,1.07 ms,0 s,0 s,0 s,0 s
2026-02-10 14:13:30,1.81 ms,1.32 ms,1.88 ms,2.47 ms,0 s,0 s,0 s,0 s
2026-02-10 14:13:45,1.73 ms,1.64 ms,1.51 ms,1.41 ms,0 s,0 s,0 s,0 s
2026-02-10 14:14:00,2.14 ms,814 µs,1.51 ms,2.53 ms,0 s,0 s,0 s,0 s
2026-02-10 14:14:15,2.05 ms,814 µs,2.02 ms,2.53 ms,0 s,0 s,0 s,0 s
2026-02-10 14:14:30,1.53 ms,1.64 ms,2.02 ms,1.12 ms,0 s,0 s,0 s,0 s
2026-02-10 14:14:45,1.44 ms,831 µs,508 µs,1.12 ms,0 s,0 s,0 s,0 s
2026-02-10 14:15:00,1.41 ms,831 µs,508 µs,0 s,0 s,0 s,0 s,0 s
2026-02-10 14:15:15,1.41 ms,1.49 ms,525 µs,1.56 ms,0 s,0 s,0 s,0 s
2026-02-10 14:15:30,1.68 ms,661 µs,525 µs,1.56 ms,0 s,0 s,0 s,0 s
2026-02-10 14:15:45,1.46 ms,661 µs,525 µs,1.56 ms,0 s,0 s,0 s,0 s
2026-02-10 14:16:00,1.44 ms,661 µs,525 µs,1.56 ms,0 s,0 s,0 s,0 s
2026-02-10 14:16:15,1.69 ms,695 µs,627 µs,0 s,0 s,0 s,0 s,0 s
2026-02-10 14:16:30,1.85 ms,695 µs,627 µs,475 µs,0 s,0 s,0 s,0 s
2026-02-10 14:16:45,1.88 ms,695 µs,627 µs,475 µs,0 s,0 s,0 s,0 s
2026-02-10 14:17:00,1.93 ms,695 µs,627 µs,475 µs,0 s,0 s,0 s,0 s
2026-02-10 14:17:15,1.58 ms,695 µs,475 µs,475 µs,0 s,0 s,0 s,0 s
2026-02-10 14:17:30,1.44 ms,695 µs,475 µs,881 µs,0 s,0 s,0 s,0 s
2026-02-10 14:17:45,1.58 ms,2.61 ms,475 µs,881 µs,0 s,0 s,0 s,0 s
2026-02-10 14:18:00,1.46 ms,1.92 ms,1.15 ms,881 µs,0 s,0 s,0 s,0 s
2026-02-10 14:18:15,1.44 ms,1.92 ms,678 µs,1.53 ms,0 s,0 s,0 s,0 s
2026-02-10 14:18:30,1.41 ms,1.92 ms,678 µs,644 µs,0 s,0 s,0 s,0 s
2026-02-10 14:18:45,1.36 ms,1.56 ms,0 s,644 µs,0 s,0 s,0 s,0 s
2026-02-10 14:19:00,1.29 ms,1.56 ms,424 µs,644 µs,0 s,0 s,0 s,0 s
2026-02-10 14:19:15,1.24 ms,1.56 ms,424 µs,0 s,0 s,0 s,0 s,0 s
2026-02-10 14:19:30,1.32 ms,1.56 ms,424 µs,475 µs,0 s,0 s,0 s,0 s
2026-02-10 14:19:45,949 µs,695 µs,424 µs,475 µs,0 s,0 s,0 s,0 s
2026-02-10 14:20:00,559 µs,695 µs,593 µs,475 µs,0 s,0 s,0 s,0 s
2026-02-10 14:20:15,695 µs,695 µs,593 µs,0 s,0 s,0 s,0 s,0 s
2026-02-10 14:20:30,814 µs,1.34 ms,593 µs,1.07 ms,0 s,0 s,0 s,0 s
2026-02-10 14:20:45,1.37 ms,644 µs,1.32 ms,1.07 ms,0 s,0 s,0 s,0 s
2026-02-10 14:21:00,1.85 ms,1.27 ms,729 µs,1.07 ms,0 s,0 s,0 s,0 s
2026-02-10 14:21:15,1.86 ms,1.27 ms,729 µs,1.85 ms,0 s,0 s,0 s,0 s
2026-02-10 14:21:30,1.80 ms,627 µs,729 µs,780 µs,0 s,0 s,0 s,0 s
2026-02-10 14:21:45,1.68 ms,1.25 ms,610 µs,780 µs,0 s,0 s,0 s,0 s
2026-02-10 14:22:00,1.46 ms,627 µs,610 µs,0 s,0 s,0 s,0 s,0 s
2026-02-10 14:22:15,1.42 ms,627 µs,610 µs,932 µs,0 s,0 s,0 s,0 s
2026-02-10 14:22:30,1.49 ms,627 µs,0 s,932 µs,0 s,0 s,0 s,0 s
2026-02-10 14:22:45,1.54 ms,508 µs,492 µs,932 µs,0 s,0 s,0 s,0 s
2026-02-10 14:23:00,1.41 ms,508 µs,492 µs,932 µs,0 s,0 s,0 s,0 s
2026-02-10 14:23:15,1.44 ms,508 µs,492 µs,593 µs,0 s,0 s,0 s,0 s
2026-02-10 14:23:30,1.47 ms,1.10 ms,1.00 ms,593 µs,0 s,0 s,0 s,0 s
2026-02-10 14:23:45,1.56 ms,593 µs,508 µs,1.39 ms,0 s,0 s,0 s,0 s
2026-02-10 14:24:00,3.88 ms,1.34 ms,1.78 ms,1.39 ms,0 s,0 s,0 s,0 s
2026-02-10 14:24:15,5.19 ms,1.34 ms,1.78 ms,797 µs,0 s,0 s,0 s,0 s
2026-02-10 14:24:30,6.98 ms,746 µs,1.27 ms,797 µs,0 s,0 s,0 s,0 s
2026-02-10 14:24:45,8.58 ms,1.80 ms,2.85 ms,2.59 ms,0 s,0 s,0 s,0 s
2026-02-10 14:25:00,6.27 ms,1.05 ms,1.58 ms,2.59 ms,0 s,0 s,0 s,0 s
2026-02-10 14:25:15,4.64 ms,1.05 ms,1.58 ms,2.59 ms,0 s,0 s,0 s,0 s
2026-02-10 14:25:30,2.37 ms,1.05 ms,1.58 ms,2.59 ms,0 s,0 s,0 s,0 s
2026-02-10 14:25:45,559 µs,881 µs,1.58 ms,1.81 ms,0 s,0 s,0 s,0 s
2026-02-10 14:26:00,305 µs,881 µs,1.58 ms,1.81 ms,0 s,0 s,0 s,0 s
2026-02-10 14:26:15,186 µs,881 µs,1.58 ms,1.81 ms,0 s,0 s,0 s,0 s
2026-02-10 14:26:30,186 µs,881 µs,1.58 ms,1.81 ms,0 s,0 s,0 s,0 s
2026-02-10 14:26:45,475 µs,695 µs,2.41 ms,1.64 ms,0 s,0 s,0 s,0 s
2026-02-10 14:27:00,1.03 ms,1.71 ms,3.76 ms,1.64 ms,0 s,0 s,0 s,0 s
2026-02-10 14:27:15,1.59 ms,1.71 ms,3.76 ms,1.64 ms,0 s,0 s,0 s,0 s
2026-02-10 14:27:30,2.37 ms,1.71 ms,3.76 ms,3.34 ms,0 s,0 s,0 s,0 s
2026-02-10 14:27:45,2.20 ms,1.68 ms,1.36 ms,1.69 ms,0 s,0 s,0 s,0 s
2026-02-10 14:28:00,2.12 ms,661 µs,1.19 ms,1.69 ms,0 s,0 s,0 s,0 s
2026-02-10 14:28:15,2.05 ms,661 µs,1.19 ms,1.69 ms,0 s,0 s,0 s,0 s
2026-02-10 14:28:30,1.66 ms,661 µs,1.19 ms,0 s,0 s,0 s,0 s,0 s
2026-02-10 14:28:45,1.41 ms,2.10 ms,1.19 ms,1.78 ms,0 s,0 s,0 s,0 s
2026-02-10 14:29:00,1.47 ms,2.10 ms,0 s,1.78 ms,0 s,0 s,0 s,0 s
2026-02-10 14:29:15,1.37 ms,2.10 ms,1.81 ms,1.78 ms,0 s,0 s,0 s,0 s
2026-02-10 14:29:30,1.34 ms,2.78 ms,1.81 ms,3.03 ms,0 s,0 s,0 s,0 s
2026-02-10 14:29:45,1.22 ms,678 µs,3.34 ms,1.25 ms,0 s,0 s,0 s,0 s
2026-02-10 14:30:00,1.19 ms,678 µs,1.53 ms,1.25 ms,0 s,0 s,0 s,0 s
2026-02-10 14:30:15,1.47 ms,1.24 ms,1.53 ms,1.25 ms,0 s,0 s,0 s,0 s
2026-02-10 14:30:30,1.54 ms,559 µs,1.53 ms,1.61 ms,0 s,0 s,0 s,0 s
2026-02-10 14:30:45,1.73 ms,559 µs,1.32 ms,1.61 ms,0 s,0 s,0 s,0 s
2026-02-10 14:31:00,1.92 ms,1.83 ms,1.32 ms,1.61 ms,0 s,0 s,0 s,0 s
2026-02-10 14:31:15,1.54 ms,1.27 ms,1.32 ms,1.61 ms,0 s,0 s,0 s,0 s
2026-02-10 14:31:30,1.49 ms,1.27 ms,1.32 ms,1.66 ms,0 s,0 s,0 s,0 s
2026-02-10 14:31:45,2.81 ms,1.27 ms,1.97 ms,1.66 ms,0 s,0 s,0 s,0 s
2026-02-10 14:32:00,2.47 ms,729 µs,1.97 ms,1.66 ms,0 s,0 s,0 s,0 s
2026-02-10 14:32:15,2.59 ms,729 µs,3.64 ms,3.88 ms,0 s,0 s,0 s,0 s
2026-02-10 14:32:30,2.69 ms,729 µs,3.64 ms,2.22 ms,0 s,0 s,0 s,0 s
2026-02-10 14:32:45,1.37 ms,1.46 ms,1.68 ms,2.22 ms,0 s,0 s,0 s,0 s
2026-02-10 14:33:00,1.73 ms,729 µs,1.68 ms,2.22 ms,0 s,0 s,0 s,0 s
2026-02-10 14:33:15,1.51 ms,729 µs,0 s,1.27 ms,0 s,0 s,0 s,0 s
2026-02-10 14:33:30,1.42 ms,797 µs,3.10 ms,1.27 ms,0 s,0 s,0 s,0 s
2026-02-10 14:33:45,1.71 ms,797 µs,3.10 ms,1.27 ms,0 s,0 s,0 s,0 s
2026-02-10 14:34:00,1.51 ms,797 µs,3.10 ms,1.27 ms,0 s,0 s,0 s,0 s
2026-02-10 14:34:15,1.56 ms,1.42 ms,4.44 ms,0 s,0 s,0 s,0 s,0 s
2026-02-10 14:34:30,1.56 ms,627 µs,1.34 ms,1.36 ms,0 s,0 s,0 s,0 s
2026-02-10 14:34:45,1.37 ms,627 µs,1.34 ms,1.36 ms,0 s,0 s,0 s,0 s
2026-02-10 14:35:00,1.76 ms,627 µs,1.34 ms,1.36 ms,0 s,0 s,0 s,0 s
2026-02-10 14:35:15,1.80 ms,881 µs,1.37 ms,1.27 ms,0 s,0 s,0 s,0 s
2026-02-10 14:35:30,1.85 ms,881 µs,1.37 ms,1.27 ms,0 s,0 s,0 s,0 s
2026-02-10 14:35:45,2.32 ms,1.54 ms,2.75 ms,1.27 ms,0 s,0 s,0 s,0 s
2026-02-10 14:36:00,1.97 ms,1.54 ms,2.75 ms,2.83 ms,0 s,0 s,0 s,0 s
2026-02-10 14:36:15,2.10 ms,661 µs,1.37 ms,1.56 ms,0 s,0 s,0 s,0 s
2026-02-10 14:36:30,2.10 ms,661 µs,1.37 ms,1.56 ms,0 s,0 s,0 s,0 s
2026-02-10 14:36:45,1.54 ms,576 µs,1.93 ms,1.56 ms,0 s,0 s,0 s,0 s
2026-02-10 14:37:00,1.49 ms,576 µs,1.93 ms,0 s,0 s,0 s,0 s,0 s
2026-02-10 14:37:15,1.03 ms,576 µs,1.93 ms,1.63 ms,0 s,0 s,0 s,0 s
2026-02-10 14:37:30,898 µs,1.29 ms,2.66 ms,1.63 ms,0 s,0 s,0 s,0 s
2026-02-10 14:37:45,1.02 ms,712 µs,729 µs,4.24 ms,0 s,0 s,0 s,0 s
2026-02-10 14:38:00,1.03 ms,1.51 ms,729 µs,4.24 ms,0 s,0 s,0 s,0 s
2026-02-10 14:38:15,1.64 ms,1.51 ms,729 µs,2.61 ms,0 s,0 s,0 s,0 s
2026-02-10 14:38:30,1.66 ms,797 µs,678 µs,2.61 ms,0 s,0 s,0 s,0 s
2026-02-10 14:38:45,1.53 ms,1.51 ms,678 µs,2.10 ms,0 s,0 s,0 s,0 s
2026-02-10 14:39:00,1.59 ms,712 µs,678 µs,2.10 ms,0 s,0 s,0 s,0 s
2026-02-10 14:39:15,1.36 ms,712 µs,1.34 ms,2.10 ms,0 s,0 s,0 s,0 s
2026-02-10 14:39:30,1.34 ms,712 µs,661 µs,2.10 ms,0 s,0 s,0 s,0 s
2026-02-10 14:39:45,1.68 ms,746 µs,661 µs,1.12 ms,0 s,0 s,0 s,0 s
2026-02-10 14:40:00,1.75 ms,746 µs,1.42 ms,1.12 ms,0 s,0 s,0 s,0 s
2026-02-10 14:40:15,1.81 ms,1.37 ms,763 µs,1.12 ms,0 s,0 s,0 s,0 s
2026-02-10 14:40:30,1.85 ms,1.37 ms,763 µs,1.12 ms,0 s,0 s,0 s,0 s
2026-02-10 14:40:45,1.78 ms,627 µs,1.86 ms,780 µs,0 s,0 s,0 s,0 s
2026-02-10 14:41:00,1.76 ms,1.29 ms,1.10 ms,780 µs,0 s,0 s,0 s,0 s
2026-02-10 14:41:15,1.78 ms,661 µs,1.10 ms,780 µs,0 s,0 s,0 s,0 s
2026-02-10 14:41:30,1.73 ms,661 µs,1.10 ms,780 µs,0 s,0 s,0 s,0 s
2026-02-10 14:41:45,1.69 ms,1.25 ms,915 µs,1.08 ms,0 s,0 s,0 s,0 s
2026-02-10 14:42:00,1.46 ms,593 µs,915 µs,1.08 ms,0 s,0 s,0 s,0 s
2026-02-10 14:42:15,1.36 ms,593 µs,1.46 ms,1.08 ms,0 s,0 s,0 s,0 s
2026-02-10 14:42:30,1.31 ms,1.51 ms,1.46 ms,1.85 ms,0 s,0 s,0 s,0 s
2026-02-10 14:42:45,932 µs,915 µs,542 µs,763 µs,0 s,0 s,0 s,0 s
2026-02-10 14:43:00,1.25 ms,915 µs,542 µs,763 µs,0 s,0 s,0 s,0 s
2026-02-10 14:43:15,1.58 ms,1.58 ms,729 µs,1.61 ms,0 s,0 s,0 s,0 s
2026-02-10 14:43:30,1.92 ms,661 µs,729 µs,847 µs,0 s,0 s,0 s,0 s
2026-02-10 14:43:45,4.88 ms,1.51 ms,3.17 ms,2.73 ms,0 s,0 s,0 s,0 s
2026-02-10 14:44:00,9.41 ms,1.51 ms,3.17 ms,2.73 ms,0 s,0 s,0 s,0 s
2026-02-10 14:44:15,10.5 ms,847 µs,2.44 ms,1.88 ms,0 s,0 s,0 s,0 s
2026-02-10 14:44:30,11.9 ms,1.81 ms,4.03 ms,1.88 ms,0 s,0 s,0 s,0 s
2026-02-10 14:44:45,8.92 ms,966 µs,1.59 ms,2.32 ms,0 s,0 s,0 s,0 s
2026-02-10 14:45:00,4.59 ms,1.71 ms,1.59 ms,2.32 ms,0 s,0 s,0 s,0 s
2026-02-10 14:45:15,3.25 ms,1.71 ms,3.22 ms,2.32 ms,0 s,0 s,0 s,0 s
2026-02-10 14:45:30,1.64 ms,746 µs,1.63 ms,4.15 ms,0 s,0 s,0 s,0 s
2026-02-10 14:45:45,1.97 ms,1.75 ms,3.47 ms,1.83 ms,0 s,0 s,0 s,0 s
2026-02-10 14:46:00,1.71 ms,1000 µs,1.85 ms,1.83 ms,0 s,0 s,0 s,0 s
2026-02-10 14:46:15,1.68 ms,1.00 ms,1.85 ms,1.83 ms,0 s,0 s,0 s,0 s
2026-02-10 14:46:30,1.58 ms,2.03 ms,1.85 ms,1.88 ms,0 s,0 s,0 s,0 s
2026-02-10 14:46:45,1.41 ms,1.03 ms,1.49 ms,1.88 ms,0 s,0 s,0 s,0 s
2026-02-10 14:47:00,1.31 ms,1.03 ms,1.49 ms,1.88 ms,0 s,0 s,0 s,0 s
2026-02-10 14:47:15,1.32 ms,1.71 ms,1.49 ms,3.51 ms,0 s,0 s,0 s,0 s
2026-02-10 14:47:30,1.22 ms,678 µs,3.07 ms,1.63 ms,0 s,0 s,0 s,0 s
2026-02-10 14:47:45,1.34 ms,1.76 ms,1.58 ms,1.63 ms,0 s,0 s,0 s,0 s
2026-02-10 14:48:00,1.02 ms,1.76 ms,1.58 ms,3.92 ms,0 s,0 s,0 s,0 s
2026-02-10 14:48:15,1000 µs,1.08 ms,2.88 ms,2.29 ms,0 s,0 s,0 s,0 s
2026-02-10 14:48:30,593 µs,1.08 ms,1.31 ms,2.29 ms,0 s,0 s,0 s,0 s
2026-02-10 14:48:45,288 µs,932 µs,1.31 ms,2.29 ms,0 s,0 s,0 s,0 s
2026-02-10 14:49:00,288 µs,932 µs,1.31 ms,0 s,0 s,0 s,0 s,0 s
2026-02-10 14:49:15,237 µs,932 µs,0 s,1.56 ms,0 s,0 s,0 s,0 s
2026-02-10 14:49:30,237 µs,932 µs,1.44 ms,1.56 ms,0 s,0 s,0 s,0 s
2026-02-10 14:49:45,237 µs,627 µs,1.44 ms,1.56 ms,0 s,0 s,0 s,0 s
2026-02-10 14:50:00,492 µs,627 µs,1.44 ms,1.56 ms,0 s,0 s,0 s,0 s
2026-02-10 14:50:15,254 µs,627 µs,0 s,0 s,0 s,0 s,0 s,0 s
2026-02-10 14:50:30,254 µs,627 µs,1.22 ms,0 s,0 s,0 s,0 s,0 s
2026-02-10 14:50:45,254 µs,661 µs,1.22 ms,1.53 ms,0 s,0 s,0 s,0 s
2026-02-10 14:51:00,220 µs,661 µs,1.22 ms,1.53 ms,0 s,0 s,0 s,0 s
2026-02-10 14:51:15,220 µs,661 µs,1.22 ms,1.53 ms,0 s,0 s,0 s,0 s
2026-02-10 14:51:30,220 µs,661 µs,0 s,0 s,0 s,0 s,0 s,0 s
2026-02-10 14:51:45,492 µs,780 µs,1.42 ms,1.39 ms,0 s,0 s,0 s,0 s
2026-02-10 14:52:00,271 µs,780 µs,1.42 ms,1.39 ms,0 s,0 s,0 s,0 s
2026-02-10 14:52:15,271 µs,780 µs,1.42 ms,1.39 ms,0 s,0 s,0 s,0 s
2026-02-10 14:52:30,271 µs,780 µs,1.42 ms,1.39 ms,0 s,0 s,0 s,0 s
2026-02-10 14:52:45,814 µs,1000 µs,2.17 ms,1.78 ms,0 s,0 s,0 s,0 s
2026-02-10 14:53:00,1.19 ms,1.81 ms,3.73 ms,1.78 ms,0 s,0 s,0 s,0 s
2026-02-10 14:53:15,1.88 ms,1.81 ms,3.73 ms,3.37 ms,0 s,0 s,0 s,0 s
2026-02-10 14:53:30,2.73 ms,1.81 ms,3.73 ms,3.37 ms,0 s,0 s,0 s,0 s
2026-02-10 14:53:45,2.20 ms,814 µs,1.56 ms,1.59 ms,0 s,0 s,0 s,0 s
2026-02-10 14:54:00,2.15 ms,678 µs,0 s,1.59 ms,0 s,0 s,0 s,0 s
2026-02-10 14:54:15,1.78 ms,678 µs,1.88 ms,0 s,0 s,0 s,0 s,0 s
2026-02-10 14:54:30,1.27 ms,678 µs,1.88 ms,1.58 ms,0 s,0 s,0 s,0 s
2026-02-10 14:54:45,1.66 ms,1.76 ms,1.88 ms,1.58 ms,0 s,0 s,0 s,0 s
2026-02-10 14:55:00,1.83 ms,1.08 ms,3.41 ms,2.95 ms,0 s,0 s,0 s,0 s
2026-02-10 14:55:15,1.93 ms,1.93 ms,1.53 ms,2.95 ms,0 s,0 s,0 s,0 s
2026-02-10 14:55:30,2.51 ms,1.93 ms,1.53 ms,1.37 ms,0 s,0 s,0 s,0 s
2026-02-10 14:55:45,2.31 ms,847 µs,3.58 ms,1.37 ms,0 s,0 s,0 s,0 s
2026-02-10 14:56:00,2.19 ms,1.59 ms,2.05 ms,1.25 ms,0 s,0 s,0 s,0 s
2026-02-10 14:56:15,2.12 ms,746 µs,2.05 ms,1.25 ms,0 s,0 s,0 s,0 s
2026-02-10 14:56:30,1.51 ms,746 µs,3.95 ms,1.25 ms,0 s,0 s,0 s,0 s
2026-02-10 14:56:45,1.51 ms,1.69 ms,1.90 ms,3.68 ms,0 s,0 s,0 s,0 s
2026-02-10 14:57:00,1.53 ms,949 µs,2.46 ms,2.42 ms,0 s,0 s,0 s,0 s
2026-02-10 14:57:15,1.56 ms,949 µs,2.46 ms,2.42 ms,0 s,0 s,0 s,0 s
2026-02-10 14:57:30,1.46 ms,1.61 ms,559 µs,2.42 ms,0 s,0 s,0 s,0 s
2026-02-10 14:57:45,1.17 ms,661 µs,559 µs,1.37 ms,0 s,0 s,0 s,0 s
2026-02-10 14:58:00,712 µs,661 µs,627 µs,1.37 ms,0 s,0 s,0 s,0 s
2026-02-10 14:58:15,593 µs,661 µs,627 µs,1.37 ms,0 s,0 s,0 s,0 s
2026-02-10 14:58:30,424 µs,1.44 ms,627 µs,1.37 ms,0 s,0 s,0 s,0 s
2026-02-10 14:58:45,712 µs,1.44 ms,627 µs,3.14 ms,0 s,0 s,0 s,0 s
2026-02-10 14:59:00,1.10 ms,1.44 ms,492 µs,3.14 ms,0 s,0 s,0 s,0 s
2026-02-10 14:59:15,1.47 ms,1.44 ms,492 µs,3.14 ms,0 s,0 s,0 s,0 s
2026-02-10 14:59:30,1.78 ms,729 µs,492 µs,3.14 ms,0 s,0 s,0 s,0 s
2026-02-10 14:59:45,1.98 ms,1.93 ms,1.32 ms,949 µs,0 s,0 s,0 s,0 s
2026-02-10 15:00:00,1.81 ms,1.93 ms,831 µs,949 µs,0 s,0 s,0 s,0 s
2026-02-10 15:00:15,2.07 ms,1.20 ms,830 µs,949 µs,0 s,0 s,0 s,0 s
2026-02-10 15:00:30,1.98 ms,1.20 ms,1.88 ms,949 µs,0 s,0 s,0 s,0 s
2026-02-10 15:00:45,1.73 ms,1.05 ms,1.05 ms,1.08 ms,0 s,0 s,0 s,0 s
2026-02-10 15:01:00,1.86 ms,1.05 ms,1.05 ms,1.08 ms,0 s,0 s,0 s,0 s
2026-02-10 15:01:15,1.51 ms,1.05 ms,1.05 ms,1.08 ms,0 s,0 s,0 s,0 s
2026-02-10 15:01:30,1.51 ms,1.05 ms,0 s,1.08 ms,0 s,0 s,0 s,0 s
2026-02-10 15:01:45,1.54 ms,847 µs,492 µs,678 µs,0 s,0 s,0 s,0 s
2026-02-10 15:02:00,1.56 ms,847 µs,492 µs,678 µs,0 s,0 s,0 s,0 s
2026-02-10 15:02:15,1.61 ms,847 µs,492 µs,678 µs,0 s,0 s,0 s,0 s
2026-02-10 15:02:30,1.66 ms,2.07 ms,915 µs,1.31 ms,0 s,0 s,0 s,0 s
2026-02-10 15:02:45,1.59 ms,1.22 ms,915 µs,627 µs,0 s,0 s,0 s,0 s
2026-02-10 15:03:00,1.80 ms,2.34 ms,1.97 ms,627 µs,0 s,0 s,0 s,0 s
2026-02-10 15:03:15,1.92 ms,2.34 ms,1.97 ms,1.20 ms,0 s,0 s,0 s,0 s
2026-02-10 15:03:30,1.76 ms,1.12 ms,1.05 ms,576 µs,0 s,0 s,0 s,0 s
2026-02-10 15:03:45,1.64 ms,2.24 ms,1.68 ms,576 µs,0 s,0 s,0 s,0 s
2026-02-10 15:04:00,1.68 ms,1.12 ms,627 µs,576 µs,0 s,0 s,0 s,0 s
2026-02-10 15:04:15,1.64 ms,1.12 ms,627 µs,0 s,0 s,0 s,0 s,0 s
2026-02-10 15:04:30,2.03 ms,1.12 ms,627 µs,814 µs,0 s,0 s,0 s,0 s
2026-02-10 15:04:45,2.20 ms,661 µs,1.07 ms,814 µs,0 s,0 s,0 s,0 s
2026-02-10 15:05:00,2.22 ms,1.53 ms,1.07 ms,3.00 ms,0 s,0 s,0 s,0 s
2026-02-10 15:05:15,2.46 ms,1.53 ms,1.69 ms,3.00 ms,0 s,0 s,0 s,0 s
2026-02-10 15:05:30,2.53 ms,1.53 ms,1.69 ms,2.19 ms,0 s,0 s,0 s,0 s
2026-02-10 15:05:45,3.66 ms,1.85 ms,2.81 ms,3.98 ms,0 s,0 s,0 s,0 s
2026-02-10 15:06:00,5.27 ms,1.83 ms,2.81 ms,1.80 ms,0 s,0 s,0 s,0 s
2026-02-10 15:06:15,7.05 ms,1.83 ms,2.19 ms,1.80 ms,0 s,0 s,0 s,0 s
2026-02-10 15:06:30,9.66 ms,1.83 ms,3.68 ms,3.47 ms,0 s,0 s,0 s,0 s
2026-02-10 15:06:45,7.81 ms,847 µs,1.49 ms,1.68 ms,0 s,0 s,0 s,0 s
2026-02-10 15:07:00,6.22 ms,932 µs,1.49 ms,1.68 ms,0 s,0 s,0 s,0 s
2026-02-10 15:07:15,4.39 ms,932 µs,1.49 ms,1.68 ms,0 s,0 s,0 s,0 s
2026-02-10 15:07:30,1.41 ms,932 µs,0 s,0 s,0 s,0 s,0 s,0 s
2026-02-10 15:07:45,1.19 ms,1.85 ms,2.08 ms,1.56 ms,0 s,0 s,0 s,0 s
2026-02-10 15:08:00,1.02 ms,915 µs,2.08 ms,1.56 ms,0 s,0 s,0 s,0 s
2026-02-10 15:08:15,864 µs,915 µs,2.08 ms,1.56 ms,0 s,0 s,0 s,0 s
2026-02-10 15:08:30,1.14 ms,915 µs,3.93 ms,3.29 ms,0 s,0 s,0 s,0 s
2026-02-10 15:08:45,1.19 ms,627 µs,1.85 ms,1.73 ms,0 s,0 s,0 s,0 s
2026-02-10 15:09:00,1.02 ms,627 µs,1.85 ms,1.73 ms,0 s,0 s,0 s,0 s
2026-02-10 15:09:15,746 µs,627 µs,3.19 ms,1.73 ms,0 s,0 s,0 s,0 s
2026-02-10 15:09:30,695 µs,1.51 ms,1.34 ms,1.92 ms,0 s,0 s,0 s,0 s
2026-02-10 15:09:45,610 µs,881 µs,1.34 ms,1.92 ms,0 s,0 s,0 s,0 s
2026-02-10 15:10:00,1.15 ms,881 µs,2.78 ms,1.92 ms,0 s,0 s,0 s,0 s
2026-02-10 15:10:15,1.59 ms,2.12 ms,1.44 ms,1.92 ms,0 s,0 s,0 s,0 s
2026-02-10 15:10:30,1.66 ms,1.24 ms,1.44 ms,1.58 ms,0 s,0 s,0 s,0 s
2026-02-10 15:10:45,1.49 ms,1.24 ms,1.44 ms,1.58 ms,0 s,0 s,0 s,0 s
2026-02-10 15:11:00,1.36 ms,1.24 ms,1.37 ms,1.58 ms,0 s,0 s,0 s,0 s
2026-02-10 15:11:15,1.37 ms,898 µs,1.37 ms,1.58 ms,0 s,0 s,0 s,0 s
2026-02-10 15:11:30,1.44 ms,898 µs,1.37 ms,0 s,0 s,0 s,0 s,0 s
2026-02-10 15:11:45,1.69 ms,898 µs,1.37 ms,1.44 ms,0 s,0 s,0 s,0 s
2026-02-10 15:12:00,1.83 ms,2.31 ms,2.15 ms,1.44 ms,0 s,0 s,0 s,0 s
2026-02-10 15:12:15,1.73 ms,1.41 ms,2.15 ms,1.44 ms,0 s,0 s,0 s,0 s
2026-02-10 15:12:30,1.66 ms,1.41 ms,2.15 ms,3.64 ms,0 s,0 s,0 s,0 s
2026-02-10 15:12:45,1.49 ms,2.36 ms,3.73 ms,2.20 ms,0 s,0 s,0 s,0 s
2026-02-10 15:13:00,1.46 ms,949 µs,1.58 ms,2.20 ms,0 s,0 s,0 s,0 s
2026-02-10 15:13:15,1.42 ms,949 µs,1.58 ms,2.20 ms,0 s,0 s,0 s,0 s
2026-02-10 15:13:30,1.44 ms,949 µs,1.58 ms,1.75 ms,0 s,0 s,0 s,0 s
2026-02-10 15:13:45,1.39 ms,1.31 ms,1.90 ms,1.75 ms,0 s,0 s,0 s,0 s
2026-02-10 15:14:00,1.95 ms,1.31 ms,1.90 ms,1.75 ms,0 s,0 s,0 s,0 s
2026-02-10 15:14:15,1.97 ms,1.31 ms,1.90 ms,0 s,0 s,0 s,0 s,0 s
2026-02-10 15:14:30,1.61 ms,2.17 ms,1.90 ms,1.46 ms,0 s,0 s,0 s,0 s
2026-02-10 15:14:45,915 µs,864 µs,1.54 ms,1.46 ms,0 s,0 s,0 s,0 s
2026-02-10 15:15:00,1.10 ms,1.73 ms,1.54 ms,1.46 ms,0 s,0 s,0 s,0 s
2026-02-10 15:15:15,1.27 ms,1.73 ms,3.39 ms,3.05 ms,0 s,0 s,0 s,0 s
2026-02-10 15:15:30,1.64 ms,864 µs,3.39 ms,1.59 ms,0 s,0 s,0 s,0 s
2026-02-10 15:15:45,2.58 ms,2.19 ms,1.85 ms,1.59 ms,0 s,0 s,0 s,0 s
2026-02-10 15:16:00,2.46 ms,1.32 ms,3.49 ms,1.61 ms,0 s,0 s,0 s,0 s
2026-02-10 15:16:15,2.44 ms,1.32 ms,1.64 ms,1.61 ms,0 s,0 s,0 s,0 s
2026-02-10 15:16:30,2.36 ms,1.32 ms,1.64 ms,1.61 ms,0 s,0 s,0 s,0 s
2026-02-10 15:16:45,1.83 ms,1.75 ms,4.02 ms,4.36 ms,0 s,0 s,0 s,0 s
2026-02-10 15:17:00,1.98 ms,2.98 ms,2.37 ms,2.75 ms,0 s,0 s,0 s,0 s
2026-02-10 15:17:15,2.00 ms,2.98 ms,2.37 ms,2.75 ms,0 s,0 s,0 s,0 s
2026-02-10 15:17:30,2.19 ms,2.98 ms,3.75 ms,2.75 ms,0 s,0 s,0 s,0 s
2026-02-10 15:17:45,1.92 ms,2.22 ms,1.37 ms,2.31 ms,0 s,0 s,0 s,0 s
2026-02-10 15:18:00,1.75 ms,983 µs,1.37 ms,2.31 ms,0 s,0 s,0 s,0 s
2026-02-10 15:18:15,1.93 ms,983 µs,1.37 ms,2.31 ms,0 s,0 s,0 s,0 s
2026-02-10 15:18:30,1.90 ms,983 µs,2.53 ms,2.31 ms,0 s,0 s,0 s,0 s
2026-02-10 15:18:45,2.00 ms,1.63 ms,2.53 ms,1.41 ms,0 s,0 s,0 s,0 s
2026-02-10 15:19:00,1.98 ms,1.63 ms,2.53 ms,1.41 ms,0 s,0 s,0 s,0 s
2026-02-10 15:19:15,1.73 ms,1.63 ms,3.20 ms,1.41 ms,0 s,0 s,0 s,0 s
2026-02-10 15:19:30,1.58 ms,1.63 ms,678 µs,1.41 ms,0 s,0 s,0 s,0 s
2026-02-10 15:19:45,1.83 ms,881 µs,678 µs,2.92 ms,0 s,0 s,0 s,0 s
2026-02-10 15:20:00,1.36 ms,881 µs,678 µs,2.92 ms,0 s,0 s,0 s,0 s
2026-02-10 15:20:15,932 µs,881 µs,661 µs,2.92 ms,0 s,0 s,0 s,0 s
2026-02-10 15:20:30,830 µs,2.10 ms,661 µs,2.92 ms,0 s,0 s,0 s,0 s
2026-02-10 15:20:45,508 µs,1.22 ms,661 µs,915 µs,0 s,0 s,0 s,0 s
2026-02-10 15:21:00,847 µs,1.22 ms,661 µs,915 µs,0 s,0 s,0 s,0 s
2026-02-10 15:21:15,1.37 ms,2.27 ms,627 µs,915 µs,0 s,0 s,0 s,0 s
2026-02-10 15:21:30,1.49 ms,1.05 ms,627 µs,915 µs,0 s,0 s,0 s,0 s
2026-02-10 15:21:45,1.58 ms,1.05 ms,627 µs,1.07 ms,0 s,0 s,0 s,0 s
2026-02-10 15:22:00,1.71 ms,1.05 ms,627 µs,1.07 ms,0 s,0 s,0 s,0 s
2026-02-10 15:22:15,1.78 ms,695 µs,542 µs,1.07 ms,0 s,0 s,0 s,0 s
2026-02-10 15:22:30,1.78 ms,695 µs,542 µs,1.07 ms,0 s,0 s,0 s,0 s
2026-02-10 15:22:45,1.59 ms,695 µs,542 µs,830 µs,0 s,0 s,0 s,0 s
2026-02-10 15:23:00,1.61 ms,1.68 ms,542 µs,831 µs,0 s,0 s,0 s,0 s
2026-02-10 15:23:15,1.63 ms,983 µs,780 µs,831 µs,0 s,0 s,0 s,0 s
2026-02-10 15:23:30,1.92 ms,983 µs,780 µs,831 µs,0 s,0 s,0 s,0 s
2026-02-10 15:23:45,1.83 ms,2.36 ms,780 µs,695 µs,0 s,0 s,0 s,0 s
2026-02-10 15:24:00,1.85 ms,1.37 ms,1.59 ms,695 µs,0 s,0 s,0 s,0 s
2026-02-10 15:24:15,2.32 ms,1.37 ms,813 µs,695 µs,0 s,0 s,0 s,0 s
2026-02-10 15:24:30,2.13 ms,2.36 ms,813 µs,695 µs,0 s,0 s,0 s,0 s
2026-02-10 15:24:45,2.63 ms,983 µs,796 µs,932 µs,0 s,0 s,0 s,0 s
2026-02-10 15:25:00,2.95 ms,2.78 ms,797 µs,932 µs,0 s,0 s,0 s,0 s
2026-02-10 15:25:15,2.76 ms,2.78 ms,1.58 ms,932 µs,0 s,0 s,0 s,0 s
2026-02-10 15:25:30,3.51 ms,1.80 ms,1.58 ms,1.66 ms,0 s,0 s,0 s,0 s
2026-02-10 15:25:45,2.56 ms,4.08 ms,780 µs,729 µs,0 s,0 s,0 s,0 s
2026-02-10 15:26:00,2.17 ms,2.29 ms,780 µs,729 µs,0 s,0 s,0 s,0 s
2026-02-10 15:26:15,1.39 ms,2.29 ms,559 µs,729 µs,0 s,0 s,0 s,0 s
2026-02-10 15:26:30,305 µs,2.29 ms,559 µs,746 µs,0 s,0 s,0 s,0 s
2026-02-10 15:26:45,915 µs,1.85 ms,559 µs,746 µs,0 s,0 s,0 s,0 s
2026-02-10 15:27:00,1.24 ms,1.85 ms,559 µs,746 µs,0 s,0 s,0 s,0 s
2026-02-10 15:27:15,2.00 ms,1.85 ms,0 s,746 µs,0 s,0 s,0 s,0 s
2026-02-10 15:27:30,2.51 ms,1.85 ms,695 µs,0 s,0 s,0 s,0 s,0 s
2026-02-10 15:27:45,2.25 ms,2.54 ms,695 µs,627 µs,0 s,0 s,0 s,0 s
2026-02-10 15:28:00,1.98 ms,2.54 ms,695 µs,627 µs,0 s,0 s,0 s,0 s
2026-02-10 15:28:15,2.05 ms,2.54 ms,627 µs,627 µs,0 s,0 s,0 s,0 s
2026-02-10 15:28:30,2.25 ms,3.64 ms,627 µs,1.86 ms,0 s,0 s,0 s,0 s
2026-02-10 15:28:45,2.42 ms,1.10 ms,627 µs,1.24 ms,0 s,0 s,0 s,0 s
2026-02-10 15:29:00,2.53 ms,1.10 ms,1.37 ms,1.24 ms,0 s,0 s,0 s,0 s
2026-02-10 15:29:15,2.37 ms,2.36 ms,746 µs,1.24 ms,0 s,0 s,0 s,0 s
2026-02-10 15:29:30,2.05 ms,1.25 ms,746 µs,763 µs,0 s,0 s,0 s,0 s
2026-02-10 15:29:45,1.90 ms,1.25 ms,746 µs,763 µs,0 s,0 s,0 s,0 s
2026-02-10 15:30:00,1.81 ms,2.19 ms,1.85 ms,763 µs,0 s,0 s,0 s,0 s
2026-02-10 15:30:15,1.90 ms,932 µs,1.85 ms,763 µs,0 s,0 s,0 s,0 s
2026-02-10 15:30:30,1.90 ms,932 µs,1.85 ms,0 s,0 s,0 s,0 s,0 s
2026-02-10 15:30:45,1.97 ms,932 µs,1.85 ms,915 µs,0 s,0 s,0 s,0 s
2026-02-10 15:31:00,3.85 ms,4.32 ms,1.44 ms,915 µs,0 s,0 s,0 s,0 s
2026-02-10 15:31:15,5.75 ms,4.32 ms,1.44 ms,2.98 ms,0 s,0 s,0 s,0 s
2026-02-10 15:31:30,7.70 ms,4.32 ms,1.44 ms,2.98 ms,0 s,0 s,0 s,0 s
2026-02-10 15:31:45,8.10 ms,5.90 ms,3.54 ms,2.07 ms,0 s,0 s,0 s,0 s
2026-02-10 15:32:00,5.51 ms,1.58 ms,2.10 ms,2.07 ms,0 s,0 s,0 s,0 s
2026-02-10 15:32:15,3.34 ms,1.58 ms,2.10 ms,1.75 ms,0 s,0 s,0 s,0 s
2026-02-10 15:32:30,2.54 ms,1.58 ms,2.10 ms,1.75 ms,0 s,0 s,0 s,0 s
2026-02-10 15:32:45,1.54 ms,695 µs,2.58 ms,1.75 ms,0 s,0 s,0 s,0 s
2026-02-10 15:33:00,1.54 ms,695 µs,2.58 ms,1.75 ms,0 s,0 s,0 s,0 s
2026-02-10 15:33:15,1.54 ms,695 µs,2.58 ms,0 s,0 s,0 s,0 s,0 s
2026-02-10 15:33:30,203 µs,695 µs,2.58 ms,1.15 ms,0 s,0 s,0 s,0 s
2026-02-10 15:33:45,203 µs,915 µs,1.37 ms,1.15 ms,0 s,0 s,0 s,0 s
2026-02-10 15:34:00,203 µs,915 µs,1.37 ms,1.15 ms,0 s,0 s,0 s,0 s
2026-02-10 15:34:15,203 µs,915 µs,1.37 ms,1.15 ms,0 s,0 s,0 s,0 s
2026-02-10 15:34:30,237 µs,915 µs,1.37 ms,0 s,0 s,0 s,0 s,0 s
2026-02-10 15:34:45,237 µs,949 µs,3.07 ms,2.17 ms,0 s,0 s,0 s,0 s
2026-02-10 15:35:00,237 µs,949 µs,3.07 ms,2.17 ms,0 s,0 s,0 s,0 s
2026-02-10 15:35:15,525 µs,949 µs,3.07 ms,2.17 ms,0 s,0 s,0 s,0 s
2026-02-10 15:35:30,288 µs,1.73 ms,3.07 ms,2.17 ms,0 s,0 s,0 s,0 s
2026-02-10 15:35:45,1.03 ms,780 µs,1.25 ms,1.49 ms,0 s,0 s,0 s,0 s
2026-02-10 15:36:00,1.59 ms,2.08 ms,1.25 ms,1.49 ms,0 s,0 s,0 s,0 s
2026-02-10 15:36:15,1.98 ms,2.08 ms,1.25 ms,1.49 ms,0 s,0 s,0 s,0 s
2026-02-10 15:36:30,2.63 ms,1.31 ms,2.76 ms,3.12 ms,0 s,0 s,0 s,0 s
2026-02-10 15:36:45,2.17 ms,2.54 ms,1.51 ms,1.63 ms,0 s,0 s,0 s,0 s
2026-02-10 15:37:00,1.92 ms,1.24 ms,1.51 ms,1.63 ms,0 s,0 s,0 s,0 s
2026-02-10 15:37:15,1.54 ms,1.24 ms,1.51 ms,1.63 ms,0 s,0 s,0 s,0 s
2026-02-10 15:37:30,1.19 ms,1.24 ms,0 s,1.39 ms,0 s,0 s,0 s,0 s
2026-02-10 15:37:45,1.17 ms,2.31 ms,1.12 ms,1.39 ms,0 s,0 s,0 s,0 s
2026-02-10 15:38:00,1.17 ms,2.31 ms,1.12 ms,1.39 ms,0 s,0 s,0 s,0 s
2026-02-10 15:38:15,1.32 ms,2.31 ms,1.12 ms,1.39 ms,0 s,0 s,0 s,0 s
2026-02-10 15:38:30,1.32 ms,2.31 ms,1.12 ms,0 s,0 s,0 s,0 s,0 s
2026-02-10 15:38:45,1.27 ms,881 µs,1.69 ms,1.93 ms,0 s,0 s,0 s,0 s
2026-02-10 15:39:00,1.34 ms,881 µs,1.69 ms,1.93 ms,0 s,0 s,0 s,0 s
2026-02-10 15:39:15,1.15 ms,881 µs,1.69 ms,1.93 ms,0 s,0 s,0 s,0 s
2026-02-10 15:39:30,1.17 ms,881 µs,1.69 ms,1.93 ms,0 s,0 s,0 s,0 s
2026-02-10 15:39:45,2.12 ms,915 µs,1.31 ms,7.53 ms,0 s,0 s,0 s,0 s
2026-02-10 15:40:00,2.15 ms,1.61 ms,2.69 ms,7.53 ms,0 s,0 s,0 s,0 s
2026-02-10 15:40:15,2.24 ms,1.61 ms,2.69 ms,8.98 ms,0 s,0 s,0 s,0 s
2026-02-10 15:40:30,2.56 ms,1.61 ms,1.39 ms,8.98 ms,0 s,0 s,0 s,0 s
2026-02-10 15:40:45,1.39 ms,695 µs,1.39 ms,1.46 ms,0 s,0 s,0 s,0 s
2026-02-10 15:41:00,1.10 ms,932 µs,0 s,1.46 ms,0 s,0 s,0 s,0 s
2026-02-10 15:41:15,644 µs,932 µs,1.37 ms,0 s,0 s,0 s,0 s,0 s
2026-02-10 15:41:30,695 µs,932 µs,1.37 ms,1.25 ms,0 s,0 s,0 s,0 s
2026-02-10 15:41:45,898 µs,932 µs,1.37 ms,1.25 ms,0 s,0 s,0 s,0 s
2026-02-10 15:42:00,1.15 ms,1.12 ms,2.54 ms,1.25 ms,0 s,0 s,0 s,0 s
2026-02-10 15:42:15,1.59 ms,1.12 ms,1.17 ms,2.46 ms,0 s,0 s,0 s,0 s
2026-02-10 15:42:30,1.47 ms,2.07 ms,1.17 ms,1.20 ms,0 s,0 s,0 s,0 s
2026-02-10 15:42:45,1.61 ms,2.07 ms,2.47 ms,1.20 ms,0 s,0 s,0 s,0 s
2026-02-10 15:43:00,1.71 ms,949 µs,1.31 ms,1.20 ms,0 s,0 s,0 s,0 s
2026-02-10 15:43:15,1.81 ms,1.75 ms,1.31 ms,1.69 ms,0 s,0 s,0 s,0 s
2026-02-10 15:43:30,1.68 ms,797 µs,3.20 ms,1.69 ms,0 s,0 s,0 s,0 s
2026-02-10 15:43:45,1.51 ms,797 µs,1.90 ms,1.69 ms,0 s,0 s,0 s,0 s
2026-02-10 15:44:00,1.58 ms,797 µs,1.90 ms,1.69 ms,0 s,0 s,0 s,0 s
2026-02-10 15:44:15,1.32 ms,881 µs,1.90 ms,1.61 ms,0 s,0 s,0 s,0 s
2026-02-10 15:44:30,1.36 ms,881 µs,508 µs,1.61 ms,0 s,0 s,0 s,0 s
2026-02-10 15:44:45,1.76 ms,1.66 ms,508 µs,2.98 ms,0 s,0 s,0 s,0 s
2026-02-10 15:45:00,1.63 ms,1.66 ms,1.07 ms,2.98 ms,0 s,0 s,0 s,0 s
2026-02-10 15:45:15,1.88 ms,780 µs,1.07 ms,1.37 ms,0 s,0 s,0 s,0 s
2026-02-10 15:45:30,1.95 ms,780 µs,559 µs,1.37 ms,0 s,0 s,0 s,0 s
2026-02-10 15:45:45,1.63 ms,746 µs,559 µs,0 s,0 s,0 s,0 s,0 s
2026-02-10 15:46:00,1.73 ms,746 µs,0 s,2.42 ms,0 s,0 s,0 s,0 s
2026-02-10 15:46:15,1.47 ms,746 µs,525 µs,2.42 ms,0 s,0 s,0 s,0 s
2026-02-10 15:46:30,1.07 ms,1.51 ms,525 µs,2.42 ms,0 s,0 s,0 s,0 s
2026-02-10 15:46:45,1.20 ms,763 µs,1.66 ms,3.29 ms,0 s,0 s,0 s,0 s
2026-02-10 15:47:00,1.22 ms,2.15 ms,1.66 ms,864 µs,0 s,0 s,0 s,0 s
2026-02-10 15:47:15,1.51 ms,2.15 ms,1.14 ms,864 µs,0 s,0 s,0 s,0 s
2026-02-10 15:47:30,2.05 ms,1.39 ms,1.14 ms,864 µs,0 s,0 s,0 s,0 s
2026-02-10 15:47:45,1.88 ms,2.32 ms,576 µs,661 µs,0 s,0 s,0 s,0 s
2026-02-10 15:48:00,1.86 ms,932 µs,576 µs,661 µs,0 s,0 s,0 s,0 s
2026-02-10 15:48:15,1.75 ms,932 µs,576 µs,661 µs,0 s,0 s,0 s,0 s
2026-02-10 15:48:30,1.46 ms,932 µs,576 µs,661 µs,0 s,0 s,0 s,0 s
2026-02-10 15:48:45,1.44 ms,1000 µs,814 µs,1.05 ms,0 s,0 s,0 s,0 s
2026-02-10 15:49:00,1.32 ms,1000 µs,814 µs,1.05 ms,0 s,0 s,0 s,0 s
2026-02-10 15:49:15,1.41 ms,1000 µs,814 µs,1.05 ms,0 s,0 s,0 s,0 s
2026-02-10 15:49:30,1.61 ms,7.30 ms,1.25 ms,1.05 ms,0 s,0 s,0 s,0 s
2026-02-10 15:49:45,1.63 ms,6.30 ms,441 µs,678 µs,0 s,0 s,0 s,0 s
2026-02-10 15:50:00,1.83 ms,13.2 ms,441 µs,678 µs,0 s,0 s,0 s,0 s
2026-02-10 15:50:15,1.80 ms,13.2 ms,1.31 ms,678 µs,0 s,0 s,0 s,0 s
2026-02-10 15:50:30,1.76 ms,6.93 ms,864 µs,678 µs,0 s,0 s,0 s,0 s
2026-02-10 15:50:45,1.64 ms,6.93 ms,864 µs,525 µs,0 s,0 s,0 s,0 s
2026-02-10 15:51:00,1.61 ms,2.78 ms,864 µs,525 µs,0 s,0 s,0 s,0 s
2026-02-10 15:51:15,1.64 ms,2.78 ms,797 µs,525 µs,0 s,0 s,0 s,0 s
2026-02-10 15:51:30,1.58 ms,2.78 ms,797 µs,525 µs,0 s,0 s,0 s,0 s
2026-02-10 15:51:45,1.49 ms,2.78 ms,797 µs,712 µs,0 s,0 s,0 s,0 s
2026-02-10 15:52:00,1.12 ms,2.93 ms,797 µs,712 µs,0 s,0 s,0 s,0 s
2026-02-10 15:52:15,1.05 ms,2.93 ms,746 µs,712 µs,0 s,0 s,0 s,0 s
2026-02-10 15:52:30,1.05 ms,2.93 ms,746 µs,712 µs,0 s,0 s,0 s,0 s
2026-02-10 15:52:45,1.22 ms,5.53 ms,746 µs,763 µs,0 s,0 s,0 s,0 s
2026-02-10 15:53:00,1.68 ms,2.59 ms,746 µs,763 µs,0 s,0 s,0 s,0 s
2026-02-10 15:53:15,1.73 ms,2.59 ms,864 µs,763 µs,0 s,0 s,0 s,0 s
2026-02-10 15:53:30,1.88 ms,5.63 ms,864 µs,763 µs,0 s,0 s,0 s,0 s
2026-02-10 15:53:45,1.78 ms,3.03 ms,1.63 ms,814 µs,0 s,0 s,0 s,0 s
2026-02-10 15:54:00,1.68 ms,3.03 ms,763 µs,814 µs,0 s,0 s,0 s,0 s
2026-02-10 15:54:15,1.80 ms,6.98 ms,763 µs,814 µs,0 s,0 s,0 s,0 s
2026-02-10 15:54:30,1.76 ms,3.95 ms,763 µs,1.64 ms,0 s,0 s,0 s,0 s
2026-02-10 15:54:45,1.97 ms,6.73 ms,1.02 ms,831 µs,0 s,0 s,0 s,0 s
2026-02-10 15:55:00,1.97 ms,6.73 ms,1.02 ms,831 µs,0 s,0 s,0 s,0 s
2026-02-10 15:55:15,2.14 ms,2.78 ms,1.02 ms,1.71 ms,0 s,0 s,0 s,0 s
2026-02-10 15:55:30,1.88 ms,2.78 ms,3.47 ms,881 µs,0 s,0 s,0 s,0 s
2026-02-10 15:55:45,2.85 ms,3.03 ms,2.46 ms,881 µs,0 s,0 s,0 s,0 s
2026-02-10 15:56:00,4.36 ms,3.03 ms,2.46 ms,881 µs,0 s,0 s,0 s,0 s
2026-02-10 15:56:15,6.15 ms,7.95 ms,4.05 ms,1.34 ms,0 s,0 s,0 s,0 s
2026-02-10 15:56:30,8.20 ms,7.95 ms,1.59 ms,1.34 ms,0 s,0 s,0 s,0 s
2026-02-10 15:56:45,6.64 ms,4.92 ms,1.59 ms,1.34 ms,0 s,0 s,0 s,0 s
2026-02-10 15:57:00,5.68 ms,11.7 ms,3.22 ms,2.86 ms,0 s,0 s,0 s,0 s
2026-02-10 15:57:15,3.49 ms,6.75 ms,1.63 ms,1.53 ms,0 s,0 s,0 s,0 s
2026-02-10 15:57:30,1.03 ms,6.75 ms,1.63 ms,1.53 ms,0 s,0 s,0 s,0 s
2026-02-10 15:57:45,1.03 ms,7.08 ms,3.42 ms,3.15 ms,0 s,0 s,0 s,0 s
2026-02-10 15:58:00,881 µs,339 µs,1.80 ms,1.63 ms,0 s,0 s,0 s,0 s
2026-02-10 15:58:15,1.54 ms,339 µs,1.80 ms,1.63 ms,0 s,0 s,0 s,0 s
2026-02-10 15:58:30,2.19 ms,830 µs,3.47 ms,1.63 ms,0 s,0 s,0 s,0 s
2026-02-10 15:58:45,2.29 ms,492 µs,1.68 ms,0 s,0 s,0 s,0 s,0 s
2026-02-10 15:59:00,1.86 ms,492 µs,1.68 ms,2.03 ms,0 s,0 s,0 s,0 s
2026-02-10 15:59:15,1.54 ms,492 µs,1.68 ms,2.03 ms,0 s,0 s,0 s,0 s
2026-02-10 15:59:30,1.10 ms,356 µs,1.49 ms,2.03 ms,0 s,0 s,0 s,0 s
2026-02-10 15:59:45,1.22 ms,356 µs,1.49 ms,3.54 ms,0 s,0 s,0 s,0 s
2026-02-10 16:00:00,1.17 ms,932 µs,1.49 ms,1.51 ms,0 s,0 s,0 s,0 s
2026-02-10 16:00:15,1.75 ms,932 µs,3.10 ms,1.51 ms,0 s,0 s,0 s,0 s
2026-02-10 16:00:30,1.98 ms,576 µs,1.61 ms,1.51 ms,0 s,0 s,0 s,0 s
2026-02-10 16:00:45,1.88 ms,1.22 ms,1.61 ms,2.05 ms,0 s,0 s,0 s,0 s
2026-02-10 16:01:00,2.02 ms,644 µs,1.61 ms,2.05 ms,0 s,0 s,0 s,0 s
2026-02-10 16:01:15,1.61 ms,644 µs,1.58 ms,2.05 ms,0 s,0 s,0 s,0 s
2026-02-10 16:01:30,1.37 ms,644 µs,1.58 ms,2.05 ms,0 s,0 s,0 s,0 s
2026-02-10 16:01:45,1.75 ms,932 µs,3.12 ms,2.27 ms,0 s,0 s,0 s,0 s
2026-02-10 16:02:00,1.64 ms,932 µs,3.12 ms,2.27 ms,0 s,0 s,0 s,0 s
2026-02-10 16:02:15,1.69 ms,1.81 ms,1.54 ms,2.27 ms,0 s,0 s,0 s,0 s
2026-02-10 16:02:30,1.92 ms,1.81 ms,1.54 ms,2.27 ms,0 s,0 s,0 s,0 s
2026-02-10 16:02:45,1.42 ms,881 µs,1.53 ms,1.86 ms,0 s,0 s,0 s,0 s
2026-02-10 16:03:00,1.05 ms,881 µs,1.53 ms,1.86 ms,0 s,0 s,0 s,0 s
2026-02-10 16:03:15,695 µs,542 µs,1.53 ms,1.86 ms,0 s,0 s,0 s,0 s
2026-02-10 16:03:30,339 µs,542 µs,1.53 ms,1.86 ms,0 s,0 s,0 s,0 s
2026-02-10 16:03:45,831 µs,542 µs,2.42 ms,1.63 ms,0 s,0 s,0 s,0 s
2026-02-10 16:04:00,1.10 ms,1.29 ms,2.42 ms,1.63 ms,0 s,0 s,0 s,0 s
2026-02-10 16:04:15,1.53 ms,746 µs,2.42 ms,1.63 ms,0 s,0 s,0 s,0 s
2026-02-10 16:04:30,1.47 ms,746 µs,2.42 ms,1.63 ms,0 s,0 s,0 s,0 s
2026-02-10 16:04:45,1.20 ms,746 µs,1.64 ms,1.80 ms,0 s,0 s,0 s,0 s
2026-02-10 16:05:00,1.22 ms,661 µs,1.64 ms,1.80 ms,0 s,0 s,0 s,0 s
2026-02-10 16:05:15,1.17 ms,661 µs,1.64 ms,1.80 ms,0 s,0 s,0 s,0 s
2026-02-10 16:05:30,1.29 ms,661 µs,1.64 ms,1.80 ms,0 s,0 s,0 s,0 s
2026-02-10 16:05:45,1.31 ms,1.53 ms,1.44 ms,1.59 ms,0 s,0 s,0 s,0 s
2026-02-10 16:06:00,1.37 ms,864 µs,1.44 ms,1.59 ms,0 s,0 s,0 s,0 s
2026-02-10 16:06:15,1.46 ms,864 µs,3.03 ms,1.59 ms,0 s,0 s,0 s,0 s
2026-02-10 16:06:30,1.44 ms,1.73 ms,3.03 ms,1.59 ms,0 s,0 s,0 s,0 s
2026-02-10 16:06:45,1.49 ms,864 µs,1.59 ms,2.14 ms,0 s,0 s,0 s,0 s
2026-02-10 16:07:00,1.51 ms,864 µs,1.59 ms,2.14 ms,0 s,0 s,0 s,0 s
2026-02-10 16:07:15,1.58 ms,1.66 ms,1.37 ms,2.14 ms,0 s,0 s,0 s,0 s
2026-02-10 16:07:30,1.63 ms,797 µs,1.37 ms,2.14 ms,0 s,0 s,0 s,0 s
2026-02-10 16:07:45,1.64 ms,2.76 ms,1.37 ms,1.29 ms,0 s,0 s,0 s,0 s
2026-02-10 16:08:00,1.61 ms,2.76 ms,3.31 ms,1.29 ms,0 s,0 s,0 s,0 s
2026-02-10 16:08:15,1.47 ms,1.97 ms,1.93 ms,1.29 ms,0 s,0 s,0 s,0 s
2026-02-10 16:08:30,1.36 ms,1.97 ms,1.93 ms,1.29 ms,0 s,0 s,0 s,0 s
2026-02-10 16:08:45,864 µs,593 µs,1.93 ms,2.07 ms,0 s,0 s,0 s,0 s
2026-02-10 16:09:00,475 µs,593 µs,712 µs,2.07 ms,0 s,0 s,0 s,0 s
2026-02-10 16:09:15,780 µs,593 µs,712 µs,2.07 ms,0 s,0 s,0 s,0 s
2026-02-10 16:09:30,1.02 ms,1.53 ms,712 µs,4.07 ms,0 s,0 s,0 s,0 s
2026-02-10 16:09:45,1.34 ms,932 µs,1.44 ms,2.00 ms,0 s,0 s,0 s,0 s
2026-02-10 16:10:00,1.88 ms,932 µs,729 µs,2.00 ms,0 s,0 s,0 s,0 s
2026-02-10 16:10:15,1.71 ms,933 µs,729 µs,2.00 ms,0 s,0 s,0 s,0 s
2026-02-10 16:10:30,1.58 ms,780 µs,729 µs,3.10 ms,0 s,0 s,0 s,0 s
2026-02-10 16:10:45,1.59 ms,780 µs,729 µs,3.10 ms,0 s,0 s,0 s,0 s
2026-02-10 16:11:00,1.41 ms,780 µs,729 µs,3.10 ms,0 s,0 s,0 s,0 s
2026-02-10 16:11:15,1.10 ms,780 µs,729 µs,3.10 ms,0 s,0 s,0 s,0 s
2026-02-10 16:11:30,1.15 ms,848 µs,729 µs,712 µs,0 s,0 s,0 s,0 s
2026-02-10 16:11:45,1.12 ms,848 µs,949 µs,712 µs,0 s,0 s,0 s,0 s
2026-02-10 16:12:00,1.15 ms,848 µs,949 µs,712 µs,0 s,0 s,0 s,0 s
2026-02-10 16:12:15,1.24 ms,983 µs,949 µs,712 µs,0 s,0 s,0 s,0 s
2026-02-10 16:12:30,1.27 ms,983 µs,949 µs,0 s,0 s,0 s,0 s,0 s
2026-02-10 16:12:45,1.34 ms,983 µs,831 µs,814 µs,0 s,0 s,0 s,0 s
2026-02-10 16:13:00,1.37 ms,1.58 ms,831 µs,814 µs,0 s,0 s,0 s,0 s
2026-02-10 16:13:15,1.49 ms,593 µs,831 µs,814 µs,0 s,0 s,0 s,0 s
2026-02-10 16:13:30,1.54 ms,593 µs,831 µs,814 µs,0 s,0 s,0 s,0 s
2026-02-10 16:13:45,1.53 ms,1.19 ms,542 µs,729 µs,0 s,0 s,0 s,0 s
2026-02-10 16:14:00,1.59 ms,593 µs,542 µs,729 µs,0 s,0 s,0 s,0 s
2026-02-10 16:14:15,1.42 ms,593 µs,542 µs,729 µs,0 s,0 s,0 s,0 s
2026-02-10 16:14:30,983 µs,593 µs,1.20 ms,1.53 ms,0 s,0 s,0 s,0 s
2026-02-10 16:14:45,644 µs,1.47 ms,661 µs,797 µs,0 s,0 s,0 s,0 s
2026-02-10 16:15:00,492 µs,1.47 ms,661 µs,797 µs,0 s,0 s,0 s,0 s
2026-02-10 16:15:15,797 µs,1.47 ms,661 µs,797 µs,0 s,0 s,0 s,0 s
2026-02-10 16:15:30,1.14 ms,1.47 ms,949 µs,0 s,0 s,0 s,0 s,0 s
2026-02-10 16:15:45,1.75 ms,627 µs,949 µs,763 µs,0 s,0 s,0 s,0 s
2026-02-10 16:16:00,1.88 ms,627 µs,949 µs,763 µs,0 s,0 s,0 s,0 s
2026-02-10 16:16:15,1.68 ms,627 µs,949 µs,763 µs,0 s,0 s,0 s,0 s
2026-02-10 16:16:30,1.41 ms,627 µs,0 s,763 µs,0 s,0 s,0 s,0 s
2026-02-10 16:16:45,1.25 ms,898 µs,712 µs,847 µs,0 s,0 s,0 s,0 s
2026-02-10 16:17:00,966 µs,898 µs,712 µs,847 µs,0 s,0 s,0 s,0 s
2026-02-10 16:17:15,1.03 ms,898 µs,712 µs,847 µs,0 s,0 s,0 s,0 s
2026-02-10 16:17:30,1.29 ms,1.97 ms,576 µs,847 µs,0 s,0 s,0 s,0 s
2026-02-10 16:17:45,1.27 ms,1.07 ms,576 µs,475 µs,0 s,0 s,0 s,0 s
2026-02-10 16:18:00,1.34 ms,1.07 ms,576 µs,475 µs,0 s,0 s,0 s,0 s
2026-02-10 16:18:15,1.68 ms,1.80 ms,576 µs,475 µs,0 s,0 s,0 s,0 s
2026-02-10 16:18:30,1.56 ms,729 µs,542 µs,1.29 ms,0 s,0 s,0 s,0 s
2026-02-10 16:18:45,1.68 ms,729 µs,542 µs,814 µs,0 s,0 s,0 s,0 s
2026-02-10 16:19:00,1.66 ms,1.25 ms,542 µs,814 µs,0 s,0 s,0 s,0 s
2026-02-10 16:19:15,1.61 ms,525 µs,1.39 ms,814 µs,0 s,0 s,0 s,0 s
2026-02-10 16:19:30,1.47 ms,525 µs,847 µs,0 s,0 s,0 s,0 s,0 s
2026-02-10 16:19:45,1.66 ms,1.25 ms,848 µs,610 µs,0 s,0 s,0 s,0 s
2026-02-10 16:20:00,1.47 ms,729 µs,847 µs,610 µs,0 s,0 s,0 s,0 s
2026-02-10 16:20:15,915 µs,729 µs,492 µs,610 µs,0 s,0 s,0 s,0 s
2026-02-10 16:20:30,1.25 ms,729 µs,492 µs,610 µs,0 s,0 s,0 s,0 s
2026-02-10 16:20:45,983 µs,915 µs,492 µs,1.17 ms,0 s,0 s,0 s,0 s
2026-02-10 16:21:00,1.37 ms,915 µs,1.15 ms,1.17 ms,0 s,0 s,0 s,0 s
2026-02-10 16:21:15,1.83 ms,915 µs,661 µs,1.17 ms,0 s,0 s,0 s,0 s
2026-02-10 16:21:30,1.81 ms,915 µs,661 µs,1.17 ms,0 s,0 s,0 s,0 s
2026-02-10 16:21:45,1.97 ms,644 µs,1.29 ms,1.03 ms,0 s,0 s,0 s,0 s
2026-02-10 16:22:00,1.85 ms,644 µs,627 µs,1.03 ms,0 s,0 s,0 s,0 s
2026-02-10 16:22:15,1.80 ms,1.25 ms,627 µs,1.03 ms,0 s,0 s,0 s,0 s
2026-02-10 16:22:30,2.08 ms,610 µs,627 µs,1.86 ms,0 s,0 s,0 s,0 s
2026-02-10 16:22:45,3.81 ms,610 µs,1.42 ms,831 µs,0 s,0 s,0 s,0 s
2026-02-10 16:23:00,6.30 ms,1.46 ms,1.42 ms,830 µs,0 s,0 s,0 s,0 s
2026-02-10 16:23:15,9.86 ms,847 µs,1.42 ms,831 µs,0 s,0 s,0 s,0 s
2026-02-10 16:23:30,11.7 ms,847 µs,1.42 ms,0 s,0 s,0 s,0 s,0 s
2026-02-10 16:23:45,8.15 ms,847 µs,2.37 ms,2.17 ms,0 s,0 s,0 s,0 s
2026-02-10 16:24:00,6.97 ms,576 µs,2.37 ms,2.17 ms,0 s,0 s,0 s,0 s
2026-02-10 16:24:15,2.90 ms,576 µs,2.37 ms,2.17 ms,0 s,0 s,0 s,0 s
2026-02-10 16:24:30,1.08 ms,576 µs,3.68 ms,1.22 ms,0 s,0 s,0 s,0 s
2026-02-10 16:24:45,1.36 ms,1.12 ms,1.31 ms,1.22 ms,0 s,0 s,0 s,0 s
2026-02-10 16:25:00,1.85 ms,542 µs,1.31 ms,1.22 ms,0 s,0 s,0 s,0 s
2026-02-10 16:25:15,2.03 ms,542 µs,3.10 ms,2.66 ms,0 s,0 s,0 s,0 s
2026-02-10 16:25:30,1.76 ms,847 µs,1.80 ms,1.44 ms,0 s,0 s,0 s,0 s
2026-02-10 16:25:45,1.59 ms,847 µs,1.80 ms,1.44 ms,0 s,0 s,0 s,0 s
2026-02-10 16:26:00,797 µs,847 µs,1.80 ms,1.44 ms,0 s,0 s,0 s,0 s
2026-02-10 16:26:15,898 µs,1.51 ms,1.36 ms,1.42 ms,0 s,0 s,0 s,0 s
2026-02-10 16:26:30,1.39 ms,661 µs,1.36 ms,1.42 ms,0 s,0 s,0 s,0 s
2026-02-10 16:26:45,1.59 ms,1.92 ms,2.86 ms,1.42 ms,0 s,0 s,0 s,0 s
2026-02-10 16:27:00,2.14 ms,1.92 ms,2.86 ms,2.90 ms,0 s,0 s,0 s,0 s
2026-02-10 16:27:15,1.76 ms,1.25 ms,1.51 ms,1.47 ms,0 s,0 s,0 s,0 s
2026-02-10 16:27:30,1.56 ms,1.25 ms,1.51 ms,1.47 ms,0 s,0 s,0 s,0 s
2026-02-10 16:27:45,1.36 ms,695 µs,1.54 ms,1.47 ms,0 s,0 s,0 s,0 s
2026-02-10 16:28:00,1.05 ms,695 µs,1.54 ms,1.44 ms,0 s,0 s,0 s,0 s
2026-02-10 16:28:15,1.12 ms,695 µs,1.54 ms,1.44 ms,0 s,0 s,0 s,0 s
2026-02-10 16:28:30,1.17 ms,695 µs,1.54 ms,1.44 ms,0 s,0 s,0 s,0 s
2026-02-10 16:28:45,1.20 ms,712 µs,1.49 ms,1.44 ms,0 s,0 s,0 s,0 s
2026-02-10 16:29:00,1.37 ms,712 µs,1.49 ms,1.39 ms,0 s,0 s,0 s,0 s
2026-02-10 16:29:15,1.32 ms,712 µs,1.49 ms,1.39 ms,0 s,0 s,0 s,0 s
2026-02-10 16:29:30,1.31 ms,712 µs,1.49 ms,1.39 ms,0 s,0 s,0 s,0 s
2026-02-10 16:29:45,1.14 ms,661 µs,1.39 ms,1.39 ms,0 s,0 s,0 s,0 s
2026-02-10 16:30:00,1.12 ms,661 µs,1.39 ms,0 s,0 s,0 s,0 s,0 s
2026-02-10 16:30:15,1.07 ms,661 µs,1.39 ms,1.69 ms,0 s,0 s,0 s,0 s
2026-02-10 16:30:30,1.12 ms,1.34 ms,1.39 ms,1.69 ms,0 s,0 s,0 s,0 s
2026-02-10 16:30:45,1.32 ms,678 µs,2.63 ms,1.69 ms,0 s,0 s,0 s,0 s
2026-02-10 16:31:00,1.32 ms,1.46 ms,2.63 ms,1.31 ms,0 s,0 s,0 s,0 s
2026-02-10 16:31:15,1.08 ms,1.46 ms,2.63 ms,1.31 ms,0 s,0 s,0 s,0 s
2026-02-10 16:31:30,814 µs,780 µs,2.63 ms,1.31 ms,0 s,0 s,0 s,0 s
2026-02-10 16:31:45,644 µs,1.27 ms,1.25 ms,2.58 ms,0 s,0 s,0 s,0 s
2026-02-10 16:32:00,695 µs,492 µs,1.25 ms,1.27 ms,0 s,0 s,0 s,0 s
2026-02-10 16:32:15,1.19 ms,492 µs,1.25 ms,1.27 ms,0 s,0 s,0 s,0 s
2026-02-10 16:32:30,1.66 ms,492 µs,2.47 ms,1.27 ms,0 s,0 s,0 s,0 s
2026-02-10 16:32:45,1.75 ms,1.22 ms,1.22 ms,0 s,0 s,0 s,0 s,0 s
2026-02-10 16:33:00,1.73 ms,1.22 ms,1.22 ms,1.46 ms,0 s,0 s,0 s,0 s
2026-02-10 16:33:15,1.32 ms,1.22 ms,1.22 ms,1.46 ms,0 s,0 s,0 s,0 s
2026-02-10 16:33:30,949 µs,1.22 ms,0 s,1.46 ms,0 s,0 s,0 s,0 s
2026-02-10 16:33:45,1.05 ms,814 µs,1.29 ms,3.88 ms,0 s,0 s,0 s,0 s
2026-02-10 16:34:00,1.34 ms,814 µs,1.29 ms,2.42 ms,0 s,0 s,0 s,0 s
2026-02-10 16:34:15,1.49 ms,814 µs,1.29 ms,2.42 ms,0 s,0 s,0 s,0 s
2026-02-10 16:34:30,1.58 ms,1.53 ms,1.49 ms,2.42 ms,0 s,0 s,0 s,0 s
2026-02-10 16:34:45,1.41 ms,712 µs,1.49 ms,0 s,0 s,0 s,0 s,0 s
2026-02-10 16:35:00,2.56 ms,1.63 ms,2.97 ms,3.15 ms,0 s,0 s,0 s,0 s
2026-02-10 16:35:15,2.63 ms,1.63 ms,2.97 ms,3.15 ms,0 s,0 s,0 s,0 s
2026-02-10 16:35:30,2.75 ms,915 µs,1.47 ms,4.71 ms,0 s,0 s,0 s,0 s
2026-02-10 16:35:45,2.07 ms,1.73 ms,4.08 ms,1.56 ms,0 s,0 s,0 s,0 s
2026-02-10 16:36:00,2.51 ms,814 µs,2.61 ms,1.56 ms,0 s,0 s,0 s,0 s
2026-02-10 16:36:15,2.71 ms,814 µs,2.61 ms,1.56 ms,0 s,0 s,0 s,0 s
2026-02-10 16:36:30,2.68 ms,814 µs,2.61 ms,0 s,0 s,0 s,0 s,0 s
2026-02-10 16:36:45,2.19 ms,1.15 ms,1.24 ms,2.02 ms,0 s,0 s,0 s,0 s
2026-02-10 16:37:00,1.51 ms,1.15 ms,1.24 ms,2.02 ms,0 s,0 s,0 s,0 s
2026-02-10 16:37:15,627 µs,1.15 ms,1.24 ms,2.02 ms,0 s,0 s,0 s,0 s
2026-02-10 16:37:30,322 µs,1.15 ms,1.24 ms,2.02 ms,0 s,0 s,0 s,0 s
2026-02-10 16:37:45,458 µs,576 µs,831 µs,2.49 ms,0 s,0 s,0 s,0 s
2026-02-10 16:38:00,593 µs,576 µs,830 µs,2.49 ms,0 s,0 s,0 s,0 s
2026-02-10 16:38:15,1.46 ms,1.24 ms,1.36 ms,3.56 ms,0 s,0 s,0 s,0 s
2026-02-10 16:38:30,1.92 ms,1.24 ms,1.36 ms,3.56 ms,0 s,0 s,0 s,0 s
2026-02-10 16:38:45,2.73 ms,1.56 ms,525 µs,1.07 ms,0 s,0 s,0 s,0 s
2026-02-10 16:39:00,2.83 ms,1.56 ms,1.36 ms,1.07 ms,0 s,0 s,0 s,0 s
2026-02-10 16:39:15,2.69 ms,898 µs,831 µs,1.20 ms,0 s,0 s,0 s,0 s
2026-02-10 16:39:30,2.68 ms,898 µs,830 µs,1.20 ms,0 s,0 s,0 s,0 s
2026-02-10 16:39:45,2.00 ms,559 µs,1.46 ms,1.20 ms,0 s,0 s,0 s,0 s
2026-02-10 16:40:00,1.90 ms,559 µs,627 µs,1.20 ms,0 s,0 s,0 s,0 s
2026-02-10 16:40:15,1.69 ms,559 µs,627 µs,712 µs,0 s,0 s,0 s,0 s
2026-02-10 16:40:30,1.81 ms,1.41 ms,627 µs,712 µs,0 s,0 s,0 s,0 s
2026-02-10 16:40:45,2.41 ms,847 µs,610 µs,712 µs,0 s,0 s,0 s,0 s
2026-02-10 16:41:00,2.41 ms,1.85 ms,610 µs,1.44 ms,0 s,0 s,0 s,0 s
2026-02-10 16:41:15,2.46 ms,1.85 ms,610 µs,729 µs,0 s,0 s,0 s,0 s
2026-02-10 16:41:30,2.56 ms,1000 µs,1.34 ms,729 µs,0 s,0 s,0 s,0 s
2026-02-10 16:41:45,2.22 ms,2.08 ms,729 µs,729 µs,0 s,0 s,0 s,0 s
2026-02-10 16:42:00,2.32 ms,1.08 ms,729 µs,695 µs,0 s,0 s,0 s,0 s
2026-02-10 16:42:15,2.87 ms,1.09 ms,1.37 ms,695 µs,0 s,0 s,0 s,0 s
2026-02-10 16:42:30,2.76 ms,1.87 ms,644 µs,695 µs,0 s,0 s,0 s,0 s
2026-02-10 16:42:45,2.70 ms,780 µs,1.36 ms,1.61 ms,0 s,0 s,0 s,0 s
2026-02-10 16:43:00,2.10 ms,1.48 ms,1.36 ms,916 µs,0 s,0 s,0 s,0 s
2026-02-10 16:43:15,1.54 ms,1.48 ms,712 µs,916 µs,0 s,0 s,0 s,0 s
2026-02-10 16:43:30,1.81 ms,695 µs,712 µs,916 µs,0 s,0 s,0 s,0 s
2026-02-10 16:43:45,1.75 ms,1.83 ms,1.29 ms,1.12 ms,0 s,0 s,0 s,0 s
2026-02-10 16:44:00,1.97 ms,1.14 ms,1.29 ms,1.12 ms,0 s,0 s,0 s,0 s