"Time","rskj-miner1","rskj-miner2","rskj-miner3","rskj-miner4","rskj-node1","rskj-node2"
2026-02-03 21:58:00,3.90 GiB,3.94 GiB,3.17 GiB,3.15 GiB,3.19 GiB,3.21 GiB
2026-02-03 21:59:00,3.90 GiB,3.94 GiB,3.17 GiB,3.15 GiB,3.19 GiB,3.21 GiB
2026-02-03 22:00:00,3.90 GiB,3.95 GiB,3.17 GiB,3.15 GiB,3.19 GiB,3.21 GiB
2026-02-03 22:01:00,3.90 GiB,3.95 GiB,3.17 GiB,3.15 GiB,3.19 GiB,3.21 GiB
2026-02-03 22:02:00,3.90 GiB,3.95 GiB,3.17 GiB,3.15 GiB,3.19 GiB,3.21 GiB
2026-02-03 22:03:00,3.90 GiB,3.95 GiB,3.17 GiB,3.15 GiB,3.19 GiB,3.22 GiB
2026-02-03 22:04:00,3.90 GiB,3.95 GiB,3.18 GiB,3.15 GiB,3.19 GiB,3.22 GiB
2026-02-03 22:05:00,3.91 GiB,3.95 GiB,3.18 GiB,3.16 GiB,3.19 GiB,3.22 GiB
2026-02-03 22:06:00,3.91 GiB,3.95 GiB,3.18 GiB,3.16 GiB,3.19 GiB,3.22 GiB
2026-02-03 22:07:00,3.91 GiB,3.95 GiB,3.18 GiB,3.16 GiB,3.19 GiB,3.22 GiB
2026-02-03 22:08:00,3.91 GiB,3.95 GiB,3.18 GiB,3.16 GiB,3.19 GiB,3.22 GiB
2026-02-03 22:09:00,3.91 GiB,3.95 GiB,3.18 GiB,3.16 GiB,3.20 GiB,3.22 GiB
2026-02-03 22:10:00,3.91 GiB,3.95 GiB,3.18 GiB,3.16 GiB,3.20 GiB,3.22 GiB
2026-02-03 22:11:00,3.91 GiB,3.96 GiB,3.18 GiB,3.16 GiB,3.20 GiB,3.22 GiB
2026-02-03 22:12:00,3.91 GiB,3.96 GiB,3.18 GiB,3.16 GiB,3.20 GiB,3.23 GiB
2026-02-03 22:13:00,3.92 GiB,3.96 GiB,3.19 GiB,3.16 GiB,3.20 GiB,3.23 GiB
2026-02-03 22:14:00,3.92 GiB,3.96 GiB,3.19 GiB,3.16 GiB,3.20 GiB,3.23 GiB
2026-02-03 22:15:00,3.92 GiB,3.96 GiB,3.19 GiB,3.16 GiB,3.20 GiB,3.23 GiB
2026-02-03 22:16:00,3.92 GiB,3.96 GiB,3.19 GiB,3.16 GiB,3.20 GiB,3.23 GiB
2026-02-03 22:17:00,3.92 GiB,3.96 GiB,3.19 GiB,3.16 GiB,3.20 GiB,3.23 GiB
2026-02-03 22:18:00,3.92 GiB,3.96 GiB,3.19 GiB,3.16 GiB,3.20 GiB,3.23 GiB
2026-02-03 22:19:00,3.92 GiB,3.96 GiB,3.19 GiB,3.17 GiB,3.20 GiB,3.23 GiB
2026-02-03 22:20:00,3.92 GiB,3.97 GiB,3.19 GiB,3.17 GiB,3.20 GiB,3.23 GiB
2026-02-03 22:21:00,3.92 GiB,3.97 GiB,3.19 GiB,3.17 GiB,3.20 GiB,3.23 GiB
2026-02-03 22:22:00,3.92 GiB,3.97 GiB,3.19 GiB,3.17 GiB,3.20 GiB,3.23 GiB
2026-02-03 22:23:00,3.92 GiB,3.97 GiB,3.19 GiB,3.17 GiB,3.20 GiB,3.23 GiB
2026-02-03 22:24:00,3.92 GiB,3.97 GiB,3.19 GiB,3.17 GiB,3.20 GiB,3.23 GiB
2026-02-03 22:25:00,3.92 GiB,3.98 GiB,3.19 GiB,3.17 GiB,3.20 GiB,3.23 GiB
2026-02-03 22:26:00,3.92 GiB,3.98 GiB,3.19 GiB,3.17 GiB,3.21 GiB,3.23 GiB
2026-02-03 22:27:00,3.92 GiB,3.98 GiB,3.19 GiB,3.17 GiB,3.21 GiB,3.23 GiB
2026-02-03 22:28:00,3.93 GiB,3.98 GiB,3.19 GiB,3.17 GiB,3.21 GiB,3.23 GiB
2026-02-03 22:29:00,3.93 GiB,3.98 GiB,3.20 GiB,3.17 GiB,3.21 GiB,3.23 GiB
2026-02-03 22:30:00,3.93 GiB,3.98 GiB,3.20 GiB,3.18 GiB,3.21 GiB,3.24 GiB
2026-02-03 22:31:00,3.93 GiB,3.98 GiB,3.20 GiB,3.18 GiB,3.21 GiB,3.24 GiB
2026-02-03 22:32:00,3.93 GiB,3.98 GiB,3.20 GiB,3.18 GiB,3.21 GiB,3.24 GiB
2026-02-03 22:33:00,3.93 GiB,3.98 GiB,3.20 GiB,3.18 GiB,3.21 GiB,3.24 GiB
2026-02-03 22:34:00,3.93 GiB,3.98 GiB,3.20 GiB,3.18 GiB,3.21 GiB,3.24 GiB
2026-02-03 22:35:00,3.93 GiB,3.98 GiB,3.20 GiB,3.18 GiB,3.21 GiB,3.24 GiB
2026-02-03 22:36:00,3.93 GiB,3.98 GiB,3.20 GiB,3.18 GiB,3.21 GiB,3.24 GiB
2026-02-03 22:37:00,3.93 GiB,3.98 GiB,3.20 GiB,3.18 GiB,3.22 GiB,3.24 GiB
2026-02-03 22:38:00,3.93 GiB,3.98 GiB,3.21 GiB,3.18 GiB,3.22 GiB,3.24 GiB
2026-02-03 22:39:00,3.93 GiB,3.99 GiB,3.21 GiB,3.19 GiB,3.22 GiB,3.24 GiB
2026-02-03 22:40:00,3.94 GiB,3.99 GiB,3.21 GiB,3.19 GiB,3.22 GiB,3.24 GiB
2026-02-03 22:41:00,3.94 GiB,3.99 GiB,3.21 GiB,3.19 GiB,3.22 GiB,3.24 GiB
2026-02-03 22:42:00,3.94 GiB,3.99 GiB,3.21 GiB,3.19 GiB,3.22 GiB,3.25 GiB
2026-02-03 22:43:00,3.94 GiB,3.99 GiB,3.21 GiB,3.19 GiB,3.22 GiB,3.25 GiB
2026-02-03 22:44:00,3.94 GiB,3.99 GiB,3.21 GiB,3.19 GiB,3.22 GiB,3.25 GiB
2026-02-03 22:45:00,3.94 GiB,3.99 GiB,3.21 GiB,3.19 GiB,3.22 GiB,3.25 GiB
2026-02-03 22:46:00,3.94 GiB,3.99 GiB,3.21 GiB,3.19 GiB,3.22 GiB,3.25 GiB
2026-02-03 22:47:00,3.94 GiB,3.99 GiB,3.21 GiB,3.19 GiB,3.23 GiB,3.25 GiB
2026-02-03 22:48:00,3.94 GiB,3.99 GiB,3.21 GiB,3.19 GiB,3.23 GiB,3.25 GiB
2026-02-03 22:49:00,3.94 GiB,3.99 GiB,3.21 GiB,3.19 GiB,3.28 GiB,3.25 GiB
2026-02-03 22:50:00,3.95 GiB,3.99 GiB,3.21 GiB,3.19 GiB,3.28 GiB,3.25 GiB
2026-02-03 22:51:00,3.95 GiB,4.00 GiB,3.21 GiB,3.19 GiB,3.28 GiB,3.25 GiB
2026-02-03 22:52:00,3.95 GiB,4.00 GiB,3.21 GiB,3.19 GiB,3.28 GiB,3.25 GiB
2026-02-03 22:53:00,3.95 GiB,4.00 GiB,3.27 GiB,3.19 GiB,3.28 GiB,3.26 GiB
2026-02-03 22:54:00,3.95 GiB,4.00 GiB,3.27 GiB,3.20 GiB,3.28 GiB,3.26 GiB
2026-02-03 22:55:00,3.95 GiB,4.00 GiB,3.27 GiB,3.20 GiB,3.28 GiB,3.26 GiB
2026-02-03 22:56:00,3.95 GiB,4.00 GiB,3.27 GiB,3.20 GiB,3.28 GiB,3.26 GiB
2026-02-03 22:57:00,3.96 GiB,4.00 GiB,3.27 GiB,3.20 GiB,3.28 GiB,3.26 GiB
2026-02-03 22:58:00,3.96 GiB,4.00 GiB,3.27 GiB,3.20 GiB,3.28 GiB,3.26 GiB
2026-02-03 22:59:00,3.96 GiB,4.01 GiB,3.27 GiB,3.20 GiB,3.28 GiB,3.26 GiB
2026-02-03 23:00:00,3.96 GiB,4.01 GiB,3.27 GiB,3.20 GiB,3.28 GiB,3.26 GiB
2026-02-03 23:01:00,3.96 GiB,4.01 GiB,3.27 GiB,3.20 GiB,3.28 GiB,3.26 GiB
2026-02-03 23:02:00,3.96 GiB,4.01 GiB,3.27 GiB,3.20 GiB,3.28 GiB,3.26 GiB
2026-02-03 23:03:00,3.96 GiB,4.01 GiB,3.27 GiB,3.20 GiB,3.28 GiB,3.26 GiB
2026-02-03 23:04:00,3.96 GiB,4.01 GiB,3.27 GiB,3.20 GiB,3.28 GiB,3.26 GiB
2026-02-03 23:05:00,3.96 GiB,4.01 GiB,3.27 GiB,3.26 GiB,3.28 GiB,3.27 GiB
2026-02-03 23:06:00,3.96 GiB,4.01 GiB,3.27 GiB,3.26 GiB,3.28 GiB,3.27 GiB
2026-02-03 23:07:00,3.96 GiB,4.01 GiB,3.27 GiB,3.26 GiB,3.28 GiB,3.27 GiB
2026-02-03 23:08:00,3.96 GiB,4.01 GiB,3.27 GiB,3.26 GiB,3.28 GiB,3.27 GiB
2026-02-03 23:09:00,3.96 GiB,4.01 GiB,3.27 GiB,3.26 GiB,3.28 GiB,3.27 GiB
2026-02-03 23:10:00,3.96 GiB,4.01 GiB,3.27 GiB,3.26 GiB,3.28 GiB,3.27 GiB
2026-02-03 23:11:00,3.96 GiB,4.02 GiB,3.27 GiB,3.26 GiB,3.28 GiB,3.33 GiB
2026-02-03 23:12:00,3.96 GiB,4.02 GiB,3.27 GiB,3.26 GiB,3.28 GiB,3.33 GiB
2026-02-03 23:13:00,3.96 GiB,4.02 GiB,3.27 GiB,3.26 GiB,3.28 GiB,3.33 GiB
2026-02-03 23:14:00,3.96 GiB,4.02 GiB,3.27 GiB,3.27 GiB,3.28 GiB,3.33 GiB
2026-02-03 23:15:00,3.97 GiB,4.02 GiB,3.27 GiB,3.27 GiB,3.28 GiB,3.33 GiB
2026-02-03 23:16:00,3.97 GiB,4.02 GiB,3.27 GiB,3.27 GiB,3.28 GiB,3.33 GiB
2026-02-03 23:17:00,3.97 GiB,4.02 GiB,3.27 GiB,3.27 GiB,3.28 GiB,3.33 GiB
2026-02-03 23:18:00,3.97 GiB,4.02 GiB,3.27 GiB,3.27 GiB,3.28 GiB,3.33 GiB
2026-02-03 23:19:00,3.97 GiB,4.02 GiB,3.29 GiB,3.27 GiB,3.28 GiB,3.33 GiB
2026-02-03 23:20:00,3.97 GiB,4.02 GiB,3.29 GiB,3.27 GiB,3.28 GiB,3.33 GiB
2026-02-03 23:21:00,3.97 GiB,4.02 GiB,3.29 GiB,3.27 GiB,3.28 GiB,3.33 GiB
2026-02-03 23:22:00,3.97 GiB,4.02 GiB,3.29 GiB,3.27 GiB,3.28 GiB,3.33 GiB
2026-02-03 23:23:00,3.97 GiB,4.02 GiB,3.29 GiB,3.27 GiB,3.28 GiB,3.33 GiB
2026-02-03 23:24:00,3.98 GiB,4.02 GiB,3.29 GiB,3.27 GiB,3.28 GiB,3.33 GiB
2026-02-03 23:25:00,3.98 GiB,4.03 GiB,3.29 GiB,3.27 GiB,3.28 GiB,3.33 GiB
2026-02-03 23:26:00,3.98 GiB,4.03 GiB,3.29 GiB,3.27 GiB,3.28 GiB,3.33 GiB
2026-02-03 23:27:00,3.98 GiB,4.03 GiB,3.29 GiB,3.27 GiB,3.28 GiB,3.33 GiB
2026-02-03 23:28:00,3.98 GiB,4.03 GiB,3.29 GiB,3.27 GiB,3.31 GiB,3.33 GiB
2026-02-03 23:29:00,3.98 GiB,4.03 GiB,3.29 GiB,3.27 GiB,3.31 GiB,3.33 GiB
2026-02-03 23:30:00,3.98 GiB,4.03 GiB,3.29 GiB,3.27 GiB,3.31 GiB,3.33 GiB
2026-02-03 23:31:00,3.98 GiB,4.03 GiB,3.29 GiB,3.27 GiB,3.31 GiB,3.33 GiB
2026-02-03 23:32:00,3.98 GiB,4.03 GiB,3.29 GiB,3.27 GiB,3.31 GiB,3.33 GiB
2026-02-03 23:33:00,3.98 GiB,4.03 GiB,3.29 GiB,3.27 GiB,3.31 GiB,3.33 GiB
2026-02-03 23:34:00,3.98 GiB,4.03 GiB,3.29 GiB,3.27 GiB,3.31 GiB,3.33 GiB
2026-02-03 23:35:00,3.98 GiB,4.04 GiB,3.29 GiB,3.27 GiB,3.31 GiB,3.33 GiB
2026-02-03 23:36:00,3.99 GiB,4.04 GiB,3.29 GiB,3.27 GiB,3.31 GiB,3.35 GiB
2026-02-03 23:37:00,3.99 GiB,4.04 GiB,3.29 GiB,3.27 GiB,3.31 GiB,3.35 GiB
2026-02-03 23:38:00,3.99 GiB,4.04 GiB,3.29 GiB,3.27 GiB,3.31 GiB,3.35 GiB
2026-02-03 23:39:00,3.99 GiB,4.04 GiB,3.29 GiB,3.27 GiB,3.31 GiB,3.35 GiB
2026-02-03 23:40:00,3.99 GiB,4.04 GiB,3.29 GiB,3.27 GiB,3.31 GiB,3.35 GiB
2026-02-03 23:41:00,3.99 GiB,4.04 GiB,3.29 GiB,3.27 GiB,3.31 GiB,3.35 GiB
2026-02-03 23:42:00,3.99 GiB,4.04 GiB,3.29 GiB,3.27 GiB,3.31 GiB,3.35 GiB
2026-02-03 23:43:00,3.99 GiB,4.04 GiB,3.29 GiB,3.27 GiB,3.31 GiB,3.35 GiB
2026-02-03 23:44:00,3.99 GiB,4.20 GiB,3.29 GiB,3.27 GiB,3.31 GiB,3.35 GiB
2026-02-03 23:45:00,4.31 GiB,4.38 GiB,3.62 GiB,3.61 GiB,3.57 GiB,3.67 GiB
2026-02-03 23:46:00,4.31 GiB,4.38 GiB,3.62 GiB,3.61 GiB,3.57 GiB,3.67 GiB
2026-02-03 23:47:00,4.32 GiB,4.39 GiB,3.64 GiB,3.62 GiB,3.54 GiB,3.69 GiB
2026-02-03 23:48:00,4.33 GiB,4.39 GiB,3.65 GiB,3.62 GiB,3.55 GiB,3.69 GiB
2026-02-03 23:49:00,4.33 GiB,4.39 GiB,3.65 GiB,3.62 GiB,3.55 GiB,3.69 GiB
2026-02-03 23:50:00,4.33 GiB,4.39 GiB,3.65 GiB,3.62 GiB,3.55 GiB,3.69 GiB
2026-02-03 23:51:00,4.33 GiB,4.39 GiB,3.65 GiB,3.62 GiB,3.55 GiB,3.69 GiB
2026-02-03 23:52:00,4.33 GiB,4.39 GiB,3.65 GiB,3.62 GiB,3.55 GiB,3.69 GiB
2026-02-03 23:53:00,4.33 GiB,4.39 GiB,3.65 GiB,3.62 GiB,3.55 GiB,3.69 GiB
2026-02-03 23:54:00,4.33 GiB,4.39 GiB,3.65 GiB,3.62 GiB,3.55 GiB,3.69 GiB
2026-02-03 23:55:00,4.33 GiB,4.39 GiB,3.65 GiB,3.62 GiB,3.55 GiB,3.69 GiB
2026-02-03 23:56:00,4.33 GiB,4.39 GiB,3.65 GiB,3.62 GiB,3.55 GiB,3.70 GiB
2026-02-03 23:57:00,4.33 GiB,4.39 GiB,3.65 GiB,3.62 GiB,3.55 GiB,3.70 GiB
2026-02-03 23:58:00,4.33 GiB,4.39 GiB,3.65 GiB,3.62 GiB,3.55 GiB,3.70 GiB
2026-02-03 23:59:00,4.33 GiB,4.39 GiB,3.65 GiB,3.62 GiB,3.55 GiB,3.70 GiB
2026-02-04 00:00:00,4.33 GiB,4.39 GiB,3.65 GiB,3.62 GiB,3.55 GiB,3.70 GiB
2026-02-04 00:01:00,4.33 GiB,4.39 GiB,3.65 GiB,3.62 GiB,3.55 GiB,3.70 GiB
2026-02-04 00:02:00,4.33 GiB,4.39 GiB,3.65 GiB,3.62 GiB,3.55 GiB,3.70 GiB
2026-02-04 00:03:00,4.33 GiB,4.39 GiB,3.65 GiB,3.62 GiB,3.55 GiB,3.70 GiB
2026-02-04 00:04:00,4.33 GiB,4.39 GiB,3.65 GiB,3.62 GiB,3.55 GiB,3.70 GiB
2026-02-04 00:05:00,4.33 GiB,4.39 GiB,3.65 GiB,3.62 GiB,3.55 GiB,3.70 GiB
2026-02-04 00:06:00,4.33 GiB,4.39 GiB,3.65 GiB,3.62 GiB,3.55 GiB,3.70 GiB
2026-02-04 00:07:00,4.33 GiB,4.39 GiB,3.65 GiB,3.62 GiB,3.55 GiB,3.70 GiB
2026-02-04 00:08:00,4.33 GiB,4.39 GiB,3.65 GiB,3.62 GiB,3.55 GiB,3.70 GiB
2026-02-04 00:09:00,4.33 GiB,4.39 GiB,3.65 GiB,3.62 GiB,3.55 GiB,3.70 GiB
2026-02-04 00:10:00,4.33 GiB,4.39 GiB,3.65 GiB,3.62 GiB,3.55 GiB,3.70 GiB
2026-02-04 00:11:00,4.33 GiB,4.39 GiB,3.65 GiB,3.62 GiB,3.55 GiB,3.70 GiB
2026-02-04 00:12:00,4.33 GiB,4.39 GiB,3.65 GiB,3.62 GiB,3.55 GiB,3.70 GiB
2026-02-04 00:13:00,4.33 GiB,4.39 GiB,3.65 GiB,3.62 GiB,3.55 GiB,3.70 GiB
2026-02-04 00:14:00,4.33 GiB,4.39 GiB,3.65 GiB,3.62 GiB,3.55 GiB,3.70 GiB
2026-02-04 00:15:00,4.33 GiB,4.39 GiB,3.65 GiB,3.62 GiB,3.55 GiB,3.70 GiB
2026-02-04 00:16:00,4.33 GiB,4.39 GiB,3.65 GiB,3.62 GiB,3.55 GiB,3.70 GiB
2026-02-04 00:17:00,4.33 GiB,4.39 GiB,3.65 GiB,3.62 GiB,3.55 GiB,3.70 GiB
2026-02-04 00:18:00,4.33 GiB,4.39 GiB,3.65 GiB,3.62 GiB,3.55 GiB,3.70 GiB
2026-02-04 00:19:00,4.33 GiB,4.39 GiB,3.65 GiB,3.62 GiB,3.55 GiB,3.70 GiB
2026-02-04 00:20:00,4.33 GiB,4.39 GiB,3.65 GiB,3.62 GiB,3.55 GiB,3.70 GiB
2026-02-04 00:21:00,4.33 GiB,4.39 GiB,3.65 GiB,3.62 GiB,3.55 GiB,3.70 GiB
2026-02-04 00:22:00,4.33 GiB,4.39 GiB,3.65 GiB,3.62 GiB,3.55 GiB,3.70 GiB
2026-02-04 00:23:00,4.33 GiB,4.39 GiB,3.65 GiB,3.62 GiB,3.55 GiB,3.70 GiB
2026-02-04 00:24:00,4.33 GiB,4.39 GiB,3.65 GiB,3.62 GiB,3.55 GiB,3.70 GiB
2026-02-04 00:25:00,4.33 GiB,4.39 GiB,3.65 GiB,3.62 GiB,3.55 GiB,3.70 GiB
2026-02-04 00:26:00,4.33 GiB,4.39 GiB,3.65 GiB,3.62 GiB,3.55 GiB,3.70 GiB
2026-02-04 00:27:00,4.33 GiB,4.39 GiB,3.65 GiB,3.62 GiB,3.55 GiB,3.70 GiB
2026-02-04 00:28:00,4.33 GiB,4.39 GiB,3.65 GiB,3.62 GiB,3.55 GiB,3.70 GiB
2026-02-04 00:29:00,4.33 GiB,4.39 GiB,3.65 GiB,3.62 GiB,3.55 GiB,3.70 GiB
2026-02-04 00:30:00,4.33 GiB,4.39 GiB,3.65 GiB,3.62 GiB,3.55 GiB,3.70 GiB
2026-02-04 00:31:00,4.33 GiB,4.39 GiB,3.65 GiB,3.62 GiB,3.55 GiB,3.70 GiB
2026-02-04 00:32:00,4.33 GiB,4.39 GiB,3.65 GiB,3.62 GiB,3.55 GiB,3.70 GiB
2026-02-04 00:33:00,4.33 GiB,4.39 GiB,3.65 GiB,3.62 GiB,3.55 GiB,3.70 GiB
2026-02-04 00:34:00,4.34 GiB,4.39 GiB,3.65 GiB,3.62 GiB,3.55 GiB,3.70 GiB
2026-02-04 00:35:00,4.34 GiB,4.39 GiB,3.65 GiB,3.62 GiB,3.55 GiB,3.70 GiB
2026-02-04 00:36:00,4.34 GiB,4.39 GiB,3.65 GiB,3.62 GiB,3.55 GiB,3.70 GiB
2026-02-04 00:37:00,4.34 GiB,4.39 GiB,3.65 GiB,3.62 GiB,3.55 GiB,3.70 GiB
2026-02-04 00:38:00,4.34 GiB,4.39 GiB,3.65 GiB,3.62 GiB,3.55 GiB,3.70 GiB
2026-02-04 00:39:00,4.34 GiB,4.39 GiB,3.65 GiB,3.62 GiB,3.55 GiB,3.70 GiB
2026-02-04 00:40:00,4.34 GiB,4.39 GiB,3.65 GiB,3.62 GiB,3.55 GiB,3.70 GiB
2026-02-04 00:41:00,4.34 GiB,4.40 GiB,3.65 GiB,3.62 GiB,3.55 GiB,3.70 GiB
2026-02-04 00:42:00,4.34 GiB,4.40 GiB,3.65 GiB,3.62 GiB,3.55 GiB,3.70 GiB
2026-02-04 00:43:00,4.34 GiB,4.40 GiB,3.65 GiB,3.62 GiB,3.55 GiB,3.70 GiB
2026-02-04 00:44:00,4.34 GiB,4.40 GiB,3.65 GiB,3.62 GiB,3.55 GiB,3.70 GiB
2026-02-04 00:45:00,4.34 GiB,4.40 GiB,3.65 GiB,3.62 GiB,3.55 GiB,3.70 GiB
2026-02-04 00:46:00,4.34 GiB,4.40 GiB,3.65 GiB,3.62 GiB,3.55 GiB,3.70 GiB
2026-02-04 00:47:00,4.35 GiB,4.40 GiB,3.65 GiB,3.62 GiB,3.55 GiB,3.70 GiB
2026-02-04 00:48:00,4.35 GiB,4.40 GiB,3.65 GiB,3.62 GiB,3.55 GiB,3.71 GiB
2026-02-04 00:49:00,4.35 GiB,4.40 GiB,3.65 GiB,3.62 GiB,3.55 GiB,3.71 GiB
2026-02-04 00:50:00,4.35 GiB,4.40 GiB,3.65 GiB,3.62 GiB,3.55 GiB,3.71 GiB
2026-02-04 00:51:00,4.35 GiB,4.40 GiB,3.65 GiB,3.63 GiB,3.55 GiB,3.71 GiB
2026-02-04 00:52:00,4.35 GiB,4.40 GiB,3.65 GiB,3.62 GiB,3.55 GiB,3.71 GiB
2026-02-04 00:53:00,4.35 GiB,4.40 GiB,3.65 GiB,3.63 GiB,3.55 GiB,3.71 GiB
2026-02-04 00:54:00,4.35 GiB,4.40 GiB,3.65 GiB,3.63 GiB,3.55 GiB,3.71 GiB
2026-02-04 00:55:00,4.35 GiB,4.40 GiB,3.65 GiB,3.63 GiB,3.55 GiB,3.71 GiB
2026-02-04 00:56:00,4.35 GiB,4.40 GiB,3.65 GiB,3.63 GiB,3.55 GiB,3.71 GiB
2026-02-04 00:57:00,4.36 GiB,4.40 GiB,3.65 GiB,3.63 GiB,3.55 GiB,3.71 GiB
2026-02-04 00:58:00,4.36 GiB,4.41 GiB,3.66 GiB,3.63 GiB,3.55 GiB,3.71 GiB
2026-02-04 00:59:00,4.36 GiB,4.41 GiB,3.66 GiB,3.63 GiB,3.55 GiB,3.71 GiB
2026-02-04 01:00:00,4.36 GiB,4.41 GiB,3.66 GiB,3.63 GiB,3.55 GiB,3.71 GiB
2026-02-04 01:01:00,4.36 GiB,4.41 GiB,3.66 GiB,3.63 GiB,3.55 GiB,3.71 GiB
2026-02-04 01:02:00,4.36 GiB,4.41 GiB,3.66 GiB,3.63 GiB,3.55 GiB,3.71 GiB
2026-02-04 01:03:00,4.36 GiB,4.41 GiB,3.66 GiB,3.63 GiB,3.55 GiB,3.71 GiB
2026-02-04 01:04:00,4.36 GiB,4.41 GiB,3.66 GiB,3.63 GiB,3.55 GiB,3.71 GiB
2026-02-04 01:05:00,4.36 GiB,4.41 GiB,3.66 GiB,3.63 GiB,3.55 GiB,3.71 GiB
2026-02-04 01:06:00,4.36 GiB,4.41 GiB,3.66 GiB,3.63 GiB,3.55 GiB,3.71 GiB
2026-02-04 01:07:00,4.36 GiB,4.42 GiB,3.66 GiB,3.63 GiB,3.55 GiB,3.71 GiB
2026-02-04 01:08:00,4.36 GiB,4.42 GiB,3.66 GiB,3.63 GiB,3.55 GiB,3.71 GiB
2026-02-04 01:09:00,4.36 GiB,4.42 GiB,3.66 GiB,3.63 GiB,3.55 GiB,3.71 GiB
2026-02-04 01:10:00,4.36 GiB,4.42 GiB,3.66 GiB,3.63 GiB,3.55 GiB,3.71 GiB
2026-02-04 01:11:00,4.37 GiB,4.42 GiB,3.66 GiB,3.63 GiB,3.55 GiB,3.71 GiB
2026-02-04 01:12:00,4.37 GiB,4.42 GiB,3.66 GiB,3.64 GiB,3.55 GiB,3.71 GiB
2026-02-04 01:13:00,4.37 GiB,4.42 GiB,3.67 GiB,3.64 GiB,3.56 GiB,3.71 GiB
2026-02-04 01:14:00,4.37 GiB,4.42 GiB,3.67 GiB,3.64 GiB,3.56 GiB,3.71 GiB
2026-02-04 01:15:00,4.37 GiB,4.42 GiB,3.67 GiB,3.64 GiB,3.56 GiB,3.71 GiB
2026-02-04 01:16:00,4.37 GiB,4.42 GiB,3.67 GiB,3.64 GiB,3.56 GiB,3.72 GiB
2026-02-04 01:17:00,4.37 GiB,4.42 GiB,3.67 GiB,3.64 GiB,3.56 GiB,3.72 GiB
2026-02-04 01:18:00,4.37 GiB,4.42 GiB,3.67 GiB,3.64 GiB,3.56 GiB,3.72 GiB
2026-02-04 01:19:00,4.37 GiB,4.43 GiB,3.67 GiB,3.64 GiB,3.56 GiB,3.72 GiB
2026-02-04 01:20:00,4.37 GiB,4.43 GiB,3.67 GiB,3.64 GiB,3.56 GiB,3.72 GiB
2026-02-04 01:21:00,4.37 GiB,4.43 GiB,3.67 GiB,3.64 GiB,3.56 GiB,3.72 GiB
2026-02-04 01:22:00,4.38 GiB,4.43 GiB,3.67 GiB,3.65 GiB,3.56 GiB,3.72 GiB
2026-02-04 01:23:00,4.38 GiB,4.43 GiB,3.68 GiB,3.65 GiB,3.56 GiB,3.72 GiB
2026-02-04 01:24:00,4.38 GiB,4.43 GiB,3.68 GiB,3.65 GiB,3.56 GiB,3.72 GiB
2026-02-04 01:25:00,4.38 GiB,4.43 GiB,3.68 GiB,3.65 GiB,3.56 GiB,3.72 GiB
2026-02-04 01:26:00,4.38 GiB,4.43 GiB,3.68 GiB,3.65 GiB,3.56 GiB,3.72 GiB
2026-02-04 01:27:00,4.38 GiB,4.43 GiB,3.68 GiB,3.65 GiB,3.56 GiB,3.72 GiB
2026-02-04 01:28:00,4.38 GiB,4.43 GiB,3.68 GiB,3.65 GiB,3.56 GiB,3.72 GiB
2026-02-04 01:29:00,4.38 GiB,4.43 GiB,3.68 GiB,3.65 GiB,3.56 GiB,3.72 GiB
2026-02-04 01:30:00,4.38 GiB,4.44 GiB,3.68 GiB,3.65 GiB,3.57 GiB,3.72 GiB
2026-02-04 01:31:00,4.38 GiB,4.44 GiB,3.68 GiB,3.65 GiB,3.57 GiB,3.72 GiB
2026-02-04 01:32:00,4.39 GiB,4.44 GiB,3.68 GiB,3.65 GiB,3.57 GiB,3.72 GiB
2026-02-04 01:33:00,4.39 GiB,4.44 GiB,3.68 GiB,3.65 GiB,3.57 GiB,3.72 GiB
2026-02-04 01:34:00,4.39 GiB,4.44 GiB,3.68 GiB,3.65 GiB,3.57 GiB,3.73 GiB
2026-02-04 01:35:00,4.39 GiB,4.44 GiB,3.68 GiB,3.65 GiB,3.57 GiB,3.73 GiB
2026-02-04 01:36:00,4.39 GiB,4.44 GiB,3.68 GiB,3.65 GiB,3.57 GiB,3.73 GiB
2026-02-04 01:37:00,4.39 GiB,4.44 GiB,3.69 GiB,3.66 GiB,3.57 GiB,3.73 GiB
2026-02-04 01:38:00,4.39 GiB,4.45 GiB,3.69 GiB,3.66 GiB,3.57 GiB,3.73 GiB
2026-02-04 01:39:00,4.40 GiB,4.45 GiB,3.69 GiB,3.66 GiB,3.57 GiB,3.73 GiB
2026-02-04 01:40:00,4.40 GiB,4.45 GiB,3.69 GiB,3.66 GiB,3.57 GiB,3.73 GiB
2026-02-04 01:41:00,4.40 GiB,4.45 GiB,3.69 GiB,3.66 GiB,3.58 GiB,3.73 GiB
2026-02-04 01:42:00,4.40 GiB,4.45 GiB,3.69 GiB,3.66 GiB,3.58 GiB,3.73 GiB
2026-02-04 01:43:00,4.40 GiB,4.45 GiB,3.69 GiB,3.66 GiB,3.58 GiB,3.73 GiB
2026-02-04 01:44:00,4.40 GiB,4.45 GiB,3.69 GiB,3.66 GiB,3.58 GiB,3.73 GiB
2026-02-04 01:45:00,4.40 GiB,4.45 GiB,3.69 GiB,3.66 GiB,3.58 GiB,3.73 GiB
2026-02-04 01:46:00,4.40 GiB,4.45 GiB,3.69 GiB,3.66 GiB,3.58 GiB,3.74 GiB
2026-02-04 01:47:00,4.40 GiB,4.45 GiB,3.70 GiB,3.67 GiB,3.58 GiB,3.74 GiB
2026-02-04 01:48:00,4.40 GiB,4.45 GiB,3.70 GiB,3.67 GiB,3.58 GiB,3.74 GiB
2026-02-04 01:49:00,4.40 GiB,4.46 GiB,3.70 GiB,3.67 GiB,3.58 GiB,3.74 GiB
2026-02-04 01:50:00,4.40 GiB,4.46 GiB,3.70 GiB,3.67 GiB,3.58 GiB,3.74 GiB
2026-02-04 01:51:00,4.40 GiB,4.46 GiB,3.70 GiB,3.67 GiB,3.58 GiB,3.74 GiB
2026-02-04 01:52:00,4.41 GiB,4.46 GiB,3.70 GiB,3.67 GiB,3.59 GiB,3.74 GiB
2026-02-04 01:53:00,4.41 GiB,4.46 GiB,3.70 GiB,3.67 GiB,3.59 GiB,3.74 GiB
2026-02-04 01:54:00,4.41 GiB,4.46 GiB,3.70 GiB,3.67 GiB,3.59 GiB,3.74 GiB
2026-02-04 01:55:00,4.41 GiB,4.46 GiB,3.70 GiB,3.67 GiB,3.59 GiB,3.74 GiB
2026-02-04 01:56:00,4.41 GiB,4.46 GiB,3.71 GiB,3.67 GiB,3.59 GiB,3.74 GiB
2026-02-04 01:57:00,4.41 GiB,4.46 GiB,3.71 GiB,3.68 GiB,3.59 GiB,3.74 GiB
2026-02-04 01:58:00,4.41 GiB,4.46 GiB,3.71 GiB,3.68 GiB,3.59 GiB,3.75 GiB
2026-02-04 01:59:00,4.41 GiB,4.46 GiB,3.71 GiB,3.68 GiB,3.59 GiB,3.75 GiB