Time,"gc=""Copy"",instance=""rskj-miner2:8080"",job=""rskj-jvm"",name=""rskj-miner2""","gc=""Copy"",instance=""rskj-node1:8080"",job=""rskj-jvm"",name=""rskj-node1""","gc=""G1 Old Generation"",instance=""rskj-miner1:8080"",job=""rskj-jvm"",name=""rskj-miner1""","gc=""G1 Old Generation"",instance=""rskj-miner3:8080"",job=""rskj-jvm"",name=""rskj-miner3""","gc=""G1 Old Generation"",instance=""rskj-node2:8080"",job=""rskj-jvm"",name=""rskj-node2""","gc=""G1 Young Generation"",instance=""rskj-miner1:8080"",job=""rskj-jvm"",name=""rskj-miner1""","gc=""G1 Young Generation"",instance=""rskj-miner3:8080"",job=""rskj-jvm"",name=""rskj-miner3""","gc=""G1 Young Generation"",instance=""rskj-node2:8080"",job=""rskj-jvm"",name=""rskj-node2""","gc=""MarkSweepCompact"",instance=""rskj-miner2:8080"",job=""rskj-jvm"",name=""rskj-miner2""","gc=""MarkSweepCompact"",instance=""rskj-node1:8080"",job=""rskj-jvm"",name=""rskj-node1"""
2026-03-06 18:31:33,0.009406779661016945,0.004067865557043343,0,0,0,0.007711864406779632,0.007542245046694129,0.004118644067796616,0,0
2026-03-06 18:32:03,0.005373336723451143,0.0019154165607254776,0,0,0,0.0025255093392995923,0.003813882532418026,0.005220781422154417,0,0
2026-03-06 18:32:33,0.0029661016949152665,0.0011864205691429007,0,0,0,0.0022713019306066467,0.0013559551856810845,0.0011017135883658962,0,0
2026-03-06 18:33:03,0.005135419138334307,0.0028812094300289803,0,0,0,0.004931952612579027,0.002779472578130261,0,0,0
2026-03-06 18:33:33,0.005118644067796604,0.003559382362412937,0,0,0,0.005779758978965764,0.007135835113054668,0,0,0
2026-03-06 18:34:03,0.00601694915254238,0.004728973863520796,0,0,0,0.007644197359277285,0.010135936811417319,0.0015085257127360318,0,0
2026-03-06 18:34:33,0.005593125540245052,0.002864406779660995,0,0,0,0.006711864406779675,0.008983050847457647,0.0015084745762711934,0,0
2026-03-06 18:35:03,0.0054238207427244585,0.002491609885080854,0,0,0,0.004356006034000601,0.007373006322141092,0,0,0
2026-03-06 18:35:33,0.005542372881355962,0.00616970066781926,0,0,0,0.006440787131985272,0.007966236715876521,0.0020000677989084428,0,0
2026-03-06 18:36:03,0.011474381790139144,0.006220233555363484,0,0,0,0.01249131370654732,0.01083050847457626,0.002000033898879648,0,0
2026-03-06 18:36:33,0.010390006610281523,0.004610169491525428,0,0,0,0.011270995406857496,0.007101815285004839,0,0,0
2026-03-06 18:37:03,0.005593504754479012,0.0020678667073460097,0,0,0,0.004864571680395929,0.0045255004322107065,0.002339022695299919,0,0
2026-03-06 18:37:33,0.010864406779661048,0.001660988796800037,0,0,0,0.004728813559322032,0.0047287334112981125,0.00233894340773885,0,0
2026-03-06 18:38:03,0.012304876188539222,0.003474399606799655,0,0,0,0.006372773342824719,0.0031016423450449964,0.004406555598867851,0,0
2026-03-06 18:38:33,0.010357161019103911,0.0038308331214509856,0,0,0,0.008204085091956977,0.006017663112572684,0.004407227853680032,0,0
2026-03-06 18:39:03,0.008915707578351438,0.002016983338700652,0,0,0,0.006186545534670053,0.007084865845183805,0,0,0
2026-03-06 18:39:33,0.003101379520726703,0.001033845736657457,0,0,0,0.0031184326486340085,0.0024066165005762227,0,0,0
2026-03-06 18:40:03,0.002898305084745752,0.0023050847457626988,0,0,0,0.002728859811183264,0.004288135593220341,0,0,0
2026-03-06 18:40:33,0.003766989632294262,0.001272631632531846,0,0,0,0.003020430326477928,0.00509069929239281,0.0032410235525690443,0,0
2026-03-06 18:41:03,0.003766989632294262,0.0019344000814484376,0,0,0,0.0039706106934994274,0.002189000695728926,0.003240913564326177,0,0
2026-03-06 18:41:33,0.006101901759381663,0.00535611376656837,0,0,0,0.005610454768886545,0.0026780568832842,0.0015593748940642142,0,0
2026-03-06 18:42:03,0.0067119781691215245,0.004711944270241877,0,0,0,0.004678045390599838,0.003203444126171631,0.0035763318022339415,0,0
2026-03-06 18:42:33,0.013203389830508474,0.004627118644067792,0,0,0,0.010152886538526732,0.004695074409302027,0.002016983338700652,0,0
2026-03-06 18:43:03,0.020831920808190373,0.005830804956184202,0,0,0,0.01622116378798917,0.007932606742715731,0,0,0
2026-03-06 18:43:33,0.026272522331643993,0.009254864736592332,0,0,0,0.016780514263437157,0.0133222596993169,0.017391009559970166,0,0
2026-03-06 18:44:03,0.02155895662785374,0.00972881355932203,0,0,0,0.01938983050847461,0.01428789342553516,0.02028882334994408,0,0
2026-03-06 18:44:33,0.007355558191956359,0.0029660011525032867,0,0,0,0.011152164333412387,0.0043559322033897944,0.0005932203389830532,0,0
2026-03-06 18:45:03,0.003389830508474564,0,0,0,0,0.0016779661016949187,0.0014745762711864364,0,0,0
2026-03-06 18:45:33,0.004695233575157655,0.0010848009220807847,0,0,0,0.0029661016949152665,0.0017288428617434248,0.0006101694915254168,0,0
2026-03-06 18:46:03,0.00352560299676258,0.0010848009220807847,0,0,0,0.0038475228393701644,0.002305162886877508,0.0006101901759381603,0,0
2026-03-06 18:46:33,0.00871186440677965,0.00240677966101694,0,0,0,0.005881455617891851,0.0049831353073781,0.003135646366887583,0,0
2026-03-06 18:47:03,0.010170181029222285,0.004271331231567183,0,0,0,0.0070173059647100945,0.004678203976473377,0.003966236143598087,0,0
2026-03-06 18:47:33,0.007254483202820448,0.005186616495474408,0,0,0,0.006474576271186405,0.004373029594223578,0.0008305084745762625,0,0
2026-03-06 18:48:03,0.007067796610169578,0.004898471134614697,0,0,0,0.005372790291689975,0.003966168918117286,0.0013559322033898317,0,0
2026-03-06 18:48:33,0.010067967253682288,0.00771212583477409,0,0,0,0.011695113476499625,0.008966101694915253,0.004881604149363531,0,0
2026-03-06 18:49:03,0.011373266890403053,0.007067916405362831,0,0,0,0.014508474576271154,0.010424082172277,0.004830508474576274,0,0
2026-03-06 18:49:33,0.011203579721690221,0.0036611410556290224,0,0,0,0.012220546110951035,0.009627281818335868,0.0013051289874233016,0,0
2026-03-06 18:50:03,0.008661163748538038,0.004033829935085839,0,0,0,0.009457787420125824,0.00742398047391435,0,0,0
2026-03-06 18:50:33,0.005101781386125101,0.0013050626260571547,0,0,0,0.003576271186440653,0.003237233267232741,0,0,0
2026-03-06 18:51:03,0.006847689752195048,0.0011864406779661064,0,0,0,0.005203566222583792,0.004169562195969461,0.003152702679797277,0,0
2026-03-06 18:51:33,0.008424014373368587,0.003203444126171631,0,0,0,0.009254394142273588,0.0065425946642259526,0.0031525958067085877,0,0
2026-03-06 18:52:03,0.008661163748538038,0.005288314858130803,0,0,0,0.008949455913759766,0.006389938812522228,0.0035424329225919025,0,0
2026-03-06 18:52:33,0.008762860387464246,0.0032712973321129763,0,0,0,0.010373232990948876,0.006101694915254228,0.0035424329225919025,0,0
2026-03-06 18:53:03,0.008288135593220412,0.0022203389830508513,0,0,0,0.00896625366531636,0.005186440677966118,0,0,0
2026-03-06 18:53:33,0.008355932203389866,0.003966236143598058,0,0,0,0.010101866133324295,0.005796708418786738,0.0025255093392996526,0,0
2026-03-06 18:54:03,0.01116949152542371,0.004288280958676567,0,0,0,0.01245783826844522,0.007576399599993207,0.0025254237288135748,0,0
2026-03-06 18:54:33,0.015932743482829886,0.005474669062187502,0,0,0,0.017831112919081994,0.014373124968219785,0.005864506178070787,0,0
2026-03-06 18:55:03,0.011492109768293256,0.002932253089035378,0,0,0,0.013830742893947338,0.011898708430794233,0.005864605579850135,0,0
2026-03-06 18:55:33,0.0032882470592223907,0.0027797552459405653,0,0,0,0.004864406779661001,0.0032712418854557094,0,0,0
2026-03-06 18:56:03,0.0037796610169491354,0.0027797081306463072,0,0,0,0.005949152542372866,0.00361029187430084,0.001711922438048762,0,0
2026-03-06 18:56:33,0.0038136239597281554,0.0038645377809416923,0,0,0,0.004898554163771064,0.0026950522907944288,0.0017119804732524386,0,0
2026-03-06 18:57:03,0.0034916437845351205,0.0038645377809416923,0,0,0,0.0027966575704672816,0.0023390623410963363,0,0,0
2026-03-06 18:57:33,0.0035254237288135323,0.003254237288135596,0,0,0,0.002932253089035378,0.0017627118644067661,0,0,0
2026-03-06 18:58:03,0.0037629031984677407,0.0032542924456346748,0,0,0,0.0038813559322034364,0.0017627716193769143,0.0029322530890354085,0,0
2026-03-06 18:58:33,0.007728944558382278,0.0015084745762712235,0,0,0,0.0029661519686774475,0.0038305733995491298,0.0029323027899250827,0,0
2026-03-06 18:59:03,0.017271479177613153,0.004983219770161708,0,0,0,0.009203701820400678,0.007694915254237299,0,0,0
2026-03-06 18:59:33,0.014610417125714028,0.00747470296106712,0,0,0,0.01242372881355927,0.006474795755788356,0.004271186440677977,0,0
2026-03-06 19:00:03,0.010121903663891664,0.009494261058271005,0,0,0,0.01134263576405956,0.004781119663626192,0.004272417476221973,0,0
2026-03-06 19:00:33,0.025452757240724374,0.011022180017635465,0,0,0,0.01719460082751141,0.009987452097534485,0.007681481355874713,0,0
2026-03-06 19:01:03,0.02422608754619744,0.0092732296946785,0,0,0,0.019478207801454525,0.01203634637553396,0.010103749915236998,0,0
2026-03-06 19:01:33,0.02039294129612997,0.01169669949653339,0,0,0,0.018223427699610033,0.010340385136967714,0.006272143208285996,0,0
2026-03-06 19:02:03,0.02284823214346247,0.012712510805634184,0,0,0,0.01845825282212954,0.010627298767775767,0.009525908097021871,0,0
2026-03-06 19:02:33,0.01293132668971592,0.0047624697049302375,0,0,0,0.010897566266693795,0.005999593247915442,0.0056774849589018034,0,0
2026-03-06 19:03:03,0.006372989372701194,0.0027796139048490956,0,0,0,0.005271186440677965,0.002779755245940505,0,0,0
2026-03-06 19:03:33,0.006779890843757391,0.002779802362832033,0,0,0,0.004457627118644157,0.00596630394250653,0,0,0
2026-03-06 19:04:03,0.00498313530737816,0.001762741741385434,0,0,0,0.003966101694915163,0.005729007762975032,0,0,0
2026-03-06 19:04:33,0.004983219770161768,0.003356102852687431,0,0,0,0.004068003457802853,0.003000101698362649,0.001627201383121177,0,0
2026-03-06 19:05:03,0.011203769619309151,0.005474854653626462,0,0,0,0.009678294179463795,0.005424004610403863,0.0035763318022339115,0,0
2026-03-06 19:05:33,0.01972948235533398,0.011424503356159731,0,0,0,0.019661683446896564,0.009847624536009077,0.006949388114851352,0,0
2026-03-06 19:06:03,0.01388182650259323,0.007542628563680129,0,0,0,0.016373158867099342,0.007830641197308485,0.007254606166415255,0,0
2026-03-06 19:06:33,0.00510169491525427,0.001694915254237252,0,0,0,0.005271186440677965,0.002830508474576238,0,0,0
2026-03-06 19:07:03,0.004762873317739564,0.0016949727109393175,0,0,0,0.0032373430058137004,0.002508644653874834,0,0,0
2026-03-06 19:07:33,0.0033390396447396673,0.003016949152542387,0,0,0,0.0041865116357904355,0.0032374527518348813,0,0,0
2026-03-06 19:08:03,0.0046782039764734365,0.0030172048478684776,0,0,0,0.003627241601410194,0.0023560120682056904,0.0010847825350011873,0,0
2026-03-06 19:08:33,0.005559604725663947,0.0012034306247669666,0,0,0,0.003949286416488643,0.00323734300581364,0.0010847457627118653,0,0
2026-03-06 19:09:03,0.0063051916134171755,0.0027966575704672816,0,0,0,0.0039662361435981175,0.0035765136619431578,0,0,0
2026-03-06 19:09:33,0.006441005474854697,0.0034578029391325086,0,0,0,0.004101903486618039,0.003372938524381797,0.003407068395626757,0,0
2026-03-06 19:10:03,0.00874591094764315,0.0034746351633078844,0,0,0,0.007373131292586228,0.005576365701113589,0.0034068951489881097,0,0
2026-03-06 19:10:33,0.011423922439363372,0.0055424668214715195,0,0,0,0.007915522560086761,0.005034239609464999,0.003288191325276684,0,0
2026-03-06 19:11:03,0.009458268357176756,0.003932336689379289,0,0,0,0.008118919285399491,0.003796867584243003,0.003288191325276684,0,0
2026-03-06 19:11:33,0.010186613332429349,0.0009661180697978299,0,0,0,0.007169856094377711,0.00513568026576723,0,0,0
2026-03-06 19:12:03,0.01486415484483318,0.005372972423261415,0,0,0,0.01093220338983044,0.007203756123192656,0.005593409946099899,0,0
2026-03-06 19:12:33,0.019594216655084134,0.008508907232571129,0,0,0,0.01610224075392379,0.01093238868455403,0.005593599566072307,0,0
2026-03-06 19:13:03,0.018678282682757282,0.006898188166302267,0,0,0,0.01525423728813569,0.01252521143709436,0.003440736283665815,0,0
2026-03-06 19:13:33,0.014848212620980808,0.005186792324903399,0,0,0,0.012034306247669426,0.011305467981965396,0.005847556738249782,0,0
2026-03-06 19:14:03,0.011729211159700331,0.0040001355978168856,0,0,0,0.010610709019102627,0.011084933642943039,0.005102040816326503,0,0
2026-03-06 19:14:33,0.014339469134546874,0.00528840449514378,0,0,0,0.011135593220339043,0.010627298767775767,0.0026949609315411946,0,0
2026-03-06 19:15:03,0.014305569680328166,0.005881355932203412,0,0,0,0.013322259699316961,0.013779661016949192,0.002932352492499649,0,0
2026-03-06 19:15:33,0.014864910674938173,0.008610607319016266,0,0,0,0.014254478889472722,0.011882161502474753,0.007949152542372901,0,0
2026-03-06 19:16:03,0.014526408570072537,0.008050847457627082,0,0,0,0.014983304801776308,0.010847825350011874,0.006542372881355919,0,0
2026-03-06 19:16:33,0.011457432924865714,0.0031525958067085877,0,0,0,0.01205105171274087,0.009915590358995113,0.004050916117222339,0,0
2026-03-06 19:17:03,0.012966321463075655,0.008864406779661011,0,0,0,0.011423922439363372,0.009322507924131687,0.005915153980441013,0,0
2026-03-06 19:17:33,0.015610963269318767,0.011763708788880398,0,0,0,0.0170514254720499,0.014746262585172455,0.00844096410047794,0,0
2026-03-06 19:18:03,0.014712363130953626,0.006627118644067827,0,0,0,0.015203905217125977,0.01976405180012199,0.014017661915012596,0,0
2026-03-06 19:18:33,0.017695515102206922,0.007542628563680129,0,0,0,0.017949761008847712,0.01833929388633707,0.012288552154310338,0,0
2026-03-06 19:19:03,0.021560052883148554,0.005322484956352235,0,0,0,0.018051765344000624,0.011000000000000015,0.003322090204918753,0,0
2026-03-06 19:19:33,0.011983253953456731,0.003932203389830497,0,0,0,0.0099662706147562,0.005847655852740751,0.004881604149363531,0,0
2026-03-06 19:20:03,0.006423728813559284,0.00844082103086489,0,0,0,0.008288276072475759,0.010288484355401865,0.006525644937116539,0,0
2026-03-06 19:20:33,0.011135970710871615,0.004508703832398228,0,0,0,0.007695176107664676,0.009881690904776405,0.002830556450109351,0,0
2026-03-06 19:21:03,0.012491948879623068,0.003847653270505285,0,0,0,0.010101866133324236,0.0047969353854498825,0.0011864808976575524,0,0
2026-03-06 19:21:33,0.008101969558290137,0.005915354497533861,0,0,0,0.00859220092531391,0.005695011779860651,0.0011864607874709188,0,0
2026-03-06 19:22:03,0.011627315717215547,0.008695062628180168,0,0,0,0.010390358831805118,0.009762877336904025,0.004491601552568637,0,0
2026-03-06 19:22:33,0.010644248207596742,0.006627230970016472,0,0,0,0.010949338124375005,0.012322660474261468,0.010017458514839756,0,0
2026-03-06 19:23:03,0.007898171217437012,0.005406688022236895,0,0,0,0.007796610169491419,0.019779996271123267,0.00671175064829411,0,0
2026-03-06 19:23:33,0.01505212306127635,0.01084856087059702,0,0,0,0.014560555979320312,0.021119717951760174,0.010085600474616475,0,0
2026-03-06 19:24:03,0.02276309767962175,0.008559467109612012,0,0,0,0.03006881589206415,0.011576663615715783,0.01984813044509982,0,0
2026-03-06 19:24:33,0.02391484890086611,0.00899984746021252,0,0,0,0.028202433815802876,0.011796210297956088,0.012627118644067813,0,0
2026-03-06 19:25:03,0.015932473431753164,0.00788148951677147,0,0,0,0.015118900320344466,0.012338983050847484,0.005118904351068691,0,0
2026-03-06 19:25:33,0.012034306247669426,0.004779661016949153,0,0,0,0.01155971388860631,0.00981422469319955,0.003864603284912818,0,0
2026-03-06 19:26:03,0.009322191901557607,0.004712104005288442,0,0,0,0.009491525423728851,0.009576433498872824,0.005678062340039676,0,0
2026-03-06 19:26:33,0.007373381246186221,0.001932301642456409,0,0,0,0.007695436978778233,0.009085515721671232,0.013356837751711986,0,0
2026-03-06 19:27:03,0.004864654134955998,0.002067831658163696,0,0,0,0.004915337548094021,0.006118747775385975,0.00928845045594769,0,0
2026-03-06 19:27:33,0.006338875612277677,0.00206779661016949,0,0,0,0.003813494686530761,0.004016744911275729,0,0,0
2026-03-06 19:28:03,0.00747470296106718,0.002034001728901486,0,0,0,0.0027628055188310906,0.005508754682441528,0.0013729278958608683,0,0
2026-03-06 19:28:33,0.006915254237288157,0.00649174548289771,0,0,0,0.0044577026729266285,0.005474854653626462,0.004000067797759296,0,0
2026-03-06 19:29:03,0.007813824197430395,0.005542560764771656,0,0,0,0.006186650394928554,0.004898305084745788,0.004000067797759296,0,0
2026-03-06 19:29:33,0.007525296181420699,0.0026610620518991855,0,0,0,0.005779954912961694,0.005068054307846153,0,0,0
2026-03-06 19:30:03,0.006288029016457386,0.0015763246211735985,0,0,0,0.005932303937354895,0.0049662700430522936,0.0016101967829963027,0,0
2026-03-06 19:30:33,0.006356147666022577,0.002118715888674192,0,0,0,0.006559544391335307,0.004220553587470589,0.0016102240753923668,0,0
2026-03-06 19:31:03,0.006186650394928554,0.002118787714421317,0,0,0,0.0065935556045223125,0.0041188535010255115,0,0,0
2026-03-06 19:31:33,0.005695011779860651,0.0016780229838299636,0,0,0,0.005593409946099838,0.0033898879642028316,0,0,0
2026-03-06 19:32:03,0.005457812129224765,0.0029830508474576597,0,0,0,0.0026949152542372697,0.002898305084745752,0.0009666988899629959,0,0
2026-03-06 19:32:33,0.005271186440677965,0.002508602132311807,0,0,0,0.003796738872504216,0.004271331231567213,0.002186514797111789,0,0
2026-03-06 19:33:03,0.01049152542372881,0.002830508474576238,0,0,0,0.006051052578053481,0.006406996847350759,0.0012034102272920136,0,0
2026-03-06 19:33:33,0.00825437719283381,0.0016270910662531158,0,0,0,0.003644067796610107,0.0040508474576270714,0,0,0
2026-03-06 19:34:03,0.0011186819892200159,0.0012712079865760317,0,0,0,0.000847500720375564,0.0010000338994541763,0,0,0
2026-03-06 19:34:33,0,0.0012712079865760317,0,0,0,0,0,0,0,0
2026-03-06 19:35:03,0.0043050847457626745,0.0013220338983050747,0,0,0,0.005203478025051309,0.005898405057712826,0.0025762711864406353,0,0
2026-03-06 19:35:33,0.009831008356357073,0.003576271186440713,0,0,0,0.008491813281806242,0.009271500728838335,0.004254309395074454,0,0
2026-03-06 19:36:03,0.01111902098376214,0.005373154567181385,0,0,0,0.011101883082764134,0.008254517102274685,0.012491948879623068,0,0
2026-03-06 19:36:33,0.01835748792270529,0.004305449614374062,0,0,0,0.013441589260288822,0.00996677740863777,0.010813925895793105,0,0
2026-03-06 19:37:03,0.013831446199742279,0.0028984033357063446,0,0,0,0.008407207146126111,0.008136006915605825,0,0,0
2026-03-06 19:37:33,0.005593125540245052,0.0034067796610169577,0,0,0,0.009711699801698283,0.007338983050847455,0.0009661180697977696,0,0
2026-03-06 19:38:03,0.011424309710663244,0.004932203389830455,0,0,0,0.010898674531340056,0.011322225800437404,0.0009661180697977696,0,0
2026-03-06 19:38:33,0.01237288135593227,0.004694994830420872,0,0,0,0.007983321468524297,0.013424411410749725,0.003203444126171631,0,0
2026-03-06 19:39:03,0.013017390420014369,0.00515271704125567,0,0,0,0.0074410563248978765,0.009881690904776405,0.00620381042782561,0,0
2026-03-06 19:39:33,0.021119359978304386,0.007440930201023764,0,0,0,0.010983423166887068,0.013118866421464787,0.008830957506313894,0,0
2026-03-06 19:40:03,0.013610630868842965,0.0037458896911759733,0,0,0,0.006966337841960767,0.009508796908369773,0.007355932203389848,0,0
2026-03-06 19:40:33,0.014593467685892812,0.003661079001339024,0,0,0,0.012881574263970543,0.016864978473846527,0,0,0
2026-03-06 19:41:03,0.018017254529737833,0.010186613332429349,0,0,0,0.015390352215329353,0.019170466294896354,0.002237288135593245,0,0
2026-03-06 19:41:33,0.012304667638385126,0.010169319164081928,0,0,0,0.006050950016101957,0.007271309683215005,0.005084831946304187,0,0
2026-03-06 19:42:03,0.010457449873730788,0.007610298479635276,0,0,0,0.004813722499067747,0.005983152256817939,0.004813640909167934,0,0
2026-03-06 19:42:33,0.012118644067796667,0.005864506178070817,0,0,0,0.008898455906032282,0.006966455921487556,0.0019661350192376084,0,0
2026-03-06 19:43:03,0.013797545596311736,0.0042372163183674256,0,0,0,0.013017390420014248,0.014814312592165622,0.0062884553451870205,0,0
2026-03-06 19:43:33,0.013016949152542385,0.007661536375347451,0,0,0,0.010949338124375005,0.01054308766696047,0.011000372893996422,0,0
2026-03-06 19:44:03,0.012254860416631336,0.010627298767775767,0,0,0,0.0061017983355650006,0.003339096240550573,0.006169282397206887,0,0
2026-03-06 19:44:33,0.006559544391335307,0.009407098545713408,0,0,0,0.004440903774768216,0.0042035323231295555,0.001457725947521841,0,0
2026-03-06 19:45:03,0.011254428041153265,0.009254237288135583,0,0,0,0.008813858096884692,0.01030508474576278,0.0011356124680079354,0,0
2026-03-06 19:45:33,0.011135970710871735,0.005152804379883758,0,0,0,0.010746126987355508,0.011187009508958025,0.004966438402603554,0,0
2026-03-06 19:46:03,0.005288314858130743,0.0030679006068001858,0,0,0,0.00822047831319174,0.008186579433549671,0.005949354215397116,0,0
2026-03-06 19:46:33,0.005763004898553981,0.0066103935726634895,0,0,0,0.0048476219532865746,0.005847754970591705,0.0021187518009390307,0,0
2026-03-06 19:47:03,0.0050340689514898306,0.0035424929658633033,0,0,0,0.0042883536451006,0.003847653270505225,0,0,0
2026-03-06 19:47:33,0.006796725368226758,0.0021695282970897833,0,0,0,0.005949152542372866,0.006390047120241405,0.0022373260563738617,0,0
2026-03-06 19:48:03,0.0067120919353198544,0.004762873317739564,0,0,0,0.005796904927369167,0.005729201979795257,0.002237439826428935,0,0
2026-03-06 19:48:33,0.007305208562856953,0.004813640909167934,0,0,0,0.006999762719907865,0.006406779661016951,0.008050711004898186,0,0
2026-03-06 19:49:03,0.009796776216546094,0.0037287503601633677,0,0,0,0.007271309683215005,0.006949270326615769,0.008050711004898186,0,0
2026-03-06 19:49:33,0.010356634348091228,0.0015085512822685667,0,0,0,0.008102106886790758,0.007627894362138571,0,0,0
2026-03-06 19:50:03,0.011949355073814782,0.002067831658163696,0,0,0,0.009593545543916785,0.01889894572697383,0.004508474576271217,0,0
2026-03-06 19:50:33,0.009813725656367189,0.006847457627118703,0,0,0,0.0073898305084746955,0.014796860963745108,0.005610359673209313,0,0
2026-03-06 19:51:03,0.006017255114666674,0.006102005186704399,0,0,0,0.005000254250216021,0.010661559062325165,0.0020678667073460097,0,0
2026-03-06 19:51:33,0.011220529161511075,0.00552533007915121,0,0,0,0.010576629716261486,0.019220664757029788,0.004830590348988969,0,0
2026-03-06 19:52:03,0.01617246109295376,0.008992074781548565,0,0,0,0.016087516087516136,0.024706619477418642,0.003927513263970259,0,0
2026-03-06 19:52:33,0.009398337087023636,0.006604125038100731,0,0,0,0.010583712935837299,0.019237608169209594,0.007114188758548167,0,0
2026-03-06 19:53:03,0.007288382657039095,0.0036610169491524402,0,0,0,0.007983321468524297,0.00689853893352311,0.007000355950302501,0,0
2026-03-06 19:53:33,0.013780128139936986,0.008797057477498827,0,0,0,0.010373232990948876,0.01352542372881359,0.002237401901791641,0,0
2026-03-06 19:54:03,0.017711564210776118,0.011169491525423831,0,0,0,0.0120171528330988,0.01837319276597914,0.0032542924456346748,0,0
2026-03-06 19:54:33,0.01276292818522348,0.007915254237288115,0,0,0,0.01477966101694915,0.011966507339231889,0.0010169663892608133,0,0
2026-03-06 19:55:03,0.01547483855658565,0.006220338983050802,0,0,0,0.024135593220339095,0.01528839471855445,0.006610169491525433,0,0
2026-03-06 19:55:33,0.017017237580297814,0.00689853893352323,0,0,0,0.024407193342260002,0.01566154784907962,0.006610169491525433,0,0
2026-03-06 19:56:03,0.010949523712668238,0.006406996847350759,0,0,0,0.019610501872913043,0.009966439540323417,0.0015932473431753283,0,0
2026-03-06 19:56:33,0.007661536375347451,0.002034036205844421,0,0,0,0.012187266933351554,0.008288557045273441,0.0015933013543061713,0,0
2026-03-06 19:57:03,0.005695011779860651,0.003254347605003562,0,0,0,0.007017068085899787,0.007610298479635216,0.0015085768526679544,0,0
2026-03-06 19:57:33,0.006423728813559405,0.004813477737665445,0,0,0,0.009474415687869655,0.005610264580755658,0.0032372881355932025,0,0
2026-03-06 19:58:03,0.008390257131718398,0.0015593748940641843,0,0,0,0.006271292733774986,0.005254237288135632,0.003389830508474564,0,0
2026-03-06 19:58:33,0.007305084745762668,0.002796610169491511,0,0,0,0.00496601752512656,0.005695108308756204,0.0016610732567205492,0,0
2026-03-06 19:59:03,0.006271292733775227,0.004067865557043374,0,0,0,0.008559612190243659,0.007169977625601767,0.002796657570467342,0,0
2026-03-06 19:59:33,0.011796810115425651,0.002864503881487576,0,0,0,0.007830508474576328,0.007067916405362831,0.006271292733775166,0,0
2026-03-06 20:00:03,0.02015288394718567,0.00361016949152544,0,0,0,0.011305276360616309,0.00930492703513499,0.003474576271186412,0,0
2026-03-06 20:00:33,0.017424319468456413,0.006338983050847377,0,0,0,0.016373158867099582,0.009101849183884457,0.014932456482313264,0,0
2026-03-06 20:01:03,0.007322282111258045,0.0024237698944050015,0,0,0,0.011372881355932313,0.006102005186704399,0.015729346757517217,0,0
2026-03-06 20:01:33,0.01535593220338969,0.004508550992389793,0,0,0,0.013271411379853918,0.009796610169491455,0.008847307672751343,0,0
2026-03-06 20:02:03,0.018999999999999916,0.007050966965541856,0,0,0,0.01584772623264805,0.013796610169491526,0.00905130769361152,0,0
2026-03-06 20:02:33,0.008813858096884572,0.012576910690374041,0,0,0,0.011017322621105654,0.009932540086104709,0.0030338983050847202,0,0
2026-03-06 20:03:03,0.007881489516771529,0.011627315717215547,0,0,0,0.006949034762122618,0.009017101984779344,0.0035085340429498934,0,0
2026-03-06 20:03:33,0.01647485550602543,0.010220512212071417,0,0,0,0.010051188175870427,0.010288309971355436,0.004033966677401365,0,0
2026-03-06 20:04:03,0.017966710735957188,0.00876271186440671,0,0,0,0.010983237004016953,0.00933898305084749,0.005322124103798371,0,0
2026-03-06 20:04:33,0.01562658892918903,0.004339056594179567,0,0,0,0.011542177251232986,0.009711864406779668,0.006542261995559324,0,0
2026-03-06 20:05:03,0.010610349327954552,0.003915320598654242,0,0,0,0.009373675735231754,0.00855961219024378,0.007051086477507657,0,0
2026-03-06 20:05:33,0.005864704984999058,0.0021356656157835462,0,0,0,0.005050933066662178,0.004084814996864348,0.003271241885455649,0,0
2026-03-06 20:06:03,0.011390216617512649,0.0025424590664090063,0,0,0,0.008118644067796596,0.008339124391938802,0,0,0
2026-03-06 20:06:33,0.013034119222359794,0.003983050847457617,0,0,0,0.008440677966101774,0.01145782131900544,0.004644146510957829,0,0
2026-03-06 20:07:03,0.008864406779660952,0.005881355932203412,0,0,0,0.005898405057712826,0.009000457650388982,0.011186440677966165,0,0
2026-03-06 20:07:33,0.01054237288135593,0.01074594484652283,0,0,0,0.006830624247868466,0.010864590925269771,0.0065425946642259526,0,0
2026-03-06 20:08:03,0.010729359119955177,0.009695736926858255,0,0,0,0.008915858702284838,0.008135869012508845,0.001483407503708496,0,0
2026-03-06 20:08:33,0.012524999152571173,0.008728813559322044,0,0,0,0.006423837692164357,0.00871171675056372,0.0035930985390325103,0,0
2026-03-06 20:09:03,0.013999050911802476,0.008779661016949044,0,0,0,0.006660791159621719,0.009508152266025,0.003172304403296517,0,0
2026-03-06 20:09:33,0.00752580639693524,0.007610556468972966,0,0,0,0.00689853893352311,0.007745893998203252,0.00745012416873619,0,0
2026-03-06 20:10:03,0.01135593220338986,0.010017288721651599,0,0,0,0.007576399599993267,0.00905069405603281,0.006542483770911298,0,0
2026-03-06 20:10:33,0.019949152542372995,0.0194882223351974,0,0,0,0.010084916693503261,0.01218623413162503,0,0,0
2026-03-06 20:11:03,0.015051357673141549,0.015508474576271173,0,0,0,0.008830508474576285,0.009949152542372938,0.012458260589521491,0,0
2026-03-06 20:11:33,0.011033898305084682,0.004983219770161768,0,0,0,0.0081693530618125,0.007068036204616891,0.01677994542280381,0,0
2026-03-06 20:12:03,0.013899011814159926,0.0032203389830509294,0,0,0,0.00881370870692717,0.007898572832977286,0.0068670100171675085,0,0
2026-03-06 20:12:33,0.014491771046966966,0.0028984524636845835,0,0,0,0.012068001152561965,0.004898554163771064,0.0041526831418013735,0,0
2026-03-06 20:13:03,0.01133955963862588,0.0035934030543925315,0,0,0,0.009305242461736751,0.0037288767606232834,0.004339056594179567,0,0
2026-03-06 20:13:33,0.01803420396955869,0.0038135593220339223,0,0,0,0.009356090781199795,0.00957627118644064,0.005864406779661079,0,0
2026-03-06 20:14:03,0.021593586331971504,0.0057458600993236944,0,0,0,0.013067796610169505,0.01108455788884928,0.004559476592426954,0,0
2026-03-06 20:14:33,0.020543417461904898,0.00945810803939183,0,0,0,0.01254279806095113,0.011610956675028854,0.008678113188359133,0,0
2026-03-06 20:15:03,0.026152099116964228,0.010780026441574336,0,0,0,0.013966338412515435,0.01447482160714587,0.009339299637275752,0,0
2026-03-06 20:15:33,0.017440382366400508,0.00757614277724099,0,0,0,0.014508474576271094,0.010661016949152625,0.006745534049693165,0,0
2026-03-06 20:16:03,0.010949338124375005,0.0032541821325062317,0,0,0,0.010305259411176531,0.005915454761178408,0.004542449872031742,0,0
2026-03-06 20:16:33,0.007050966965541976,0.004118783687582665,0,0,0,0.0061356972152071905,0.005152455043134897,0.001983050847457702,0,0
2026-03-06 20:17:03,0.006712205705374862,0.005440770182545433,0,0,0,0.005678158581646729,0.004644225227973845,0.007983456785938208,0,0
2026-03-06 20:17:33,0.018322033898304897,0.004898388108273047,0,0,0,0.009678130137798911,0.008593511644462608,0.007983186155697496,0,0
2026-03-06 20:18:03,0.020678667073460097,0.006830508474576369,0,0,0,0.011981832356031723,0.013017169782538699,0.004695074409302027,0,0
2026-03-06 20:18:33,0.012695130425939583,0.00933898305084749,0,0,0,0.006627230970016532,0.008830658146748023,0.006406888252343262,0,0
2026-03-06 20:19:03,0.01169491525423725,0.006864639479304282,0,0,0,0.009322349910166398,0.006423837692164357,0.002830652406054572,0,0
2026-03-06 20:19:33,0.015644598121970266,0.009237444702452493,0,0,0,0.011661214596857615,0.01249194887962319,0.003847522839370104,0,0
2026-03-06 20:20:03,0.013474804657706093,0.007288259123035979,0,0,0,0.009593545543916785,0.010661378351808377,0.007915388396413477,0,0
2026-03-06 20:20:33,0.007203511923930867,0.004627275500864491,0,0,0,0.005712154855331683,0.0042883536451006,0.005186704408698823,0,0
2026-03-06 20:21:03,0.0075256788365707745,0.006457846028678942,0,0,0,0.005610169491525476,0.003932203389830497,0,0,0
2026-03-06 20:21:33,0.0075256788365707745,0.0029323027899251126,0,0,0,0.006525423728813405,0.0035424929658633033,0.0015085001440702155,0,0
2026-03-06 20:22:03,0.004627197071136734,0.0011016949152543192,0,0,0,0.0034068374040236854,0.003237288135593263,0.0015085001440702155,0,0
2026-03-06 20:22:33,0.007508601840709128,0.0016780229838299033,0,0,0,0.006576494118444781,0.00401708532492618,0,0,0
2026-03-06 20:23:03,0.016796610169491518,0.0069831692062577175,0,0,0,0.010373232990948757,0.006881472567331751,0.001644095662638372,0,0
2026-03-06 20:23:33,0.020847810979847184,0.0067629411166480365,0,0,0,0.012711864406779662,0.011101694915254257,0.007423854641604136,0,0
2026-03-06 20:24:03,0.01837256995644147,0.006661129849658481,0,0,0,0.011847457627118611,0.012016949152542186,0.003932270038475217,0,0
2026-03-06 20:24:33,0.015559322033898412,0.005203478025051309,0,0,0,0.009254237288135462,0.008559322033898227,0,0,0
2026-03-06 20:25:03,0.019237288135593306,0.007118764724825754,0,0,0,0.022915254237288202,0.010728631718106398,0.010728995406701735,0,0
2026-03-06 20:25:33,0.029695418566416304,0.02155932203389828,0,0,0,0.02388176070780871,0.016084745762711832,0.020763415709006985,0,0
2026-03-06 20:26:03,0.02261709345238117,0.018237597247410982,0,0,0,0.012084950592382819,0.015779928473363913,0.011288518254856163,0,0
2026-03-06 20:26:33,0.009302732489218056,0.0037966745199070604,0,0,0,0.009101849183884578,0.009898305084745816,0.0021695282970897833,0,0
2026-03-06 20:27:03,0.0062075148942601546,0.0032373430058137004,0,0,0,0.005254326344514353,0.014067796610169462,0.001898305084745674,0,0
2026-03-06 20:27:33,0.010441929826649007,0.01342372881355935,0,0,0,0.004050847457627192,0.011406972999542396,0.005610169491525476,0,0
2026-03-06 20:28:03,0.011390023559721301,0.017729114052780548,0,0,0,0.004423803793284559,0.003915320598654363,0.004627040219657349,0,0
2026-03-06 20:28:33,0.02064441770199501,0.013085189328451785,0,0,0,0.007000118646078692,0.006576271186440766,0.0065085848912693495,0,0
2026-03-06 20:29:03,0.02628902674666941,0.017696714920161442,0,0,0,0.01856026577622589,0.0073226544622423595,0.018629013119978367,0,0
2026-03-06 20:29:33,0.025033474008914928,0.0328321779073513,0,0,0,0.03042476016136143,0.011475354261305965,0.01898401613641367,0,0
2026-03-06 20:30:03,0.032066166127146245,0.06279235306080941,0,0,0,0.026439781702315215,0.019626785986678212,0.014286440591794134,0,0
2026-03-06 20:30:33,0.025423297910204912,0.04762550422019584,0,0,0,0.015389569668310728,0.01740618962069084,0.009271186440678036,0,0
2026-03-06 20:31:03,0.009949321174935225,0.005508661310552827,0,0,0,0.008661310552900025,0.00730533238414857,0.0038305084745762557,0,0
2026-03-06 20:31:33,0.012203596671130001,0.004508627411098772,0,0,0,0.011847256826155457,0.006865686822966772,0.0032711864406779296,0,0
2026-03-06 20:32:03,0.01440726804298441,0.016457906066204574,0,0,0,0.009440837980304788,0.016338983050847435,0.007254606166415315,0,0
2026-03-06 20:32:33,0.019763716799159226,0.016237288135593192,0,0,0,0.00794942201430547,0.018475202549238772,0.00596630394250659,0,0
2026-03-06 20:33:03,0.02764734799043955,0.008475438180153914,0,0,0,0.019188392039868548,0.01584960672633581,0.006085467767362139,0,0
2026-03-06 20:33:33,0.02069491525423735,0.006610169491525433,0,0,0,0.011779661016949277,0.01745851483973763,0.009898305084745696,0,0
2026-03-06 20:34:03,0.008321610765554288,0.004033488119852211,0,0,0,0.0046097788323022,0.009931530065758228,0,0,0
2026-03-06 20:34:33,0.013203389830508413,0.015152799199986414,0,0,0,0.0119322033898304,0.010034068374040217,0.014474330943543317,0,0
2026-03-06 20:35:03,0.026592769614074384,0.01930508474576276,0,0,0,0.01732262110580029,0.016746046543161742,0.01986474347022826,0,0
2026-03-06 20:35:33,0.02472923269885936,0.005762711864406837,0,0,0,0.013576271186440711,0.014000711900605244,0.009830675096188042,0,0
2026-03-06 20:36:03,0.0208997220150517,0.00950928044749555,0,0,0,0.014373368588765702,0.012203803518763568,0.008068070104071429,0,0
2026-03-06 20:36:33,0.030373396159256966,0.020543069256584903,0,0,0,0.017017526017831193,0.01720426462362494,0.011407553054444401,0,0
2026-03-06 20:37:03,0.032390928506051075,0.020882063798772825,0,0,0,0.01799999999999996,0.015492050577985719,0.009780158313134535,0,0
2026-03-06 20:37:33,0.030864406779660982,0.017643768749682275,0,0,0,0.016983338700655867,0.015186440677966115,0.012287927323265732,0,0
2026-03-06 20:38:03,0.022746148239800656,0.00779713878907046,0,0,0,0.012542372881356087,0.011339367436184465,0.008118919285399491,0,0
2026-03-06 20:38:33,0.010508474576271264,0.0021017661615647175,0,0,0,0.008220338983050838,0.0071358351130545485,0.002389911522424459,0,0
2026-03-06 20:39:03,0.009067796610169434,0.002067761563363331,0,0,0,0.007711864406779632,0.005610264580755418,0.00535602298344044,0,0
2026-03-06 20:39:33,0.010813925895793166,0.0037795969559837796,0,0,0,0.006593220338982979,0.0053559322033898725,0.003915254237288164,0,0
2026-03-06 20:40:03,0.014485168740397918,0.004254385224452627,0,0,0,0.007546469029088321,0.012408623571320032,0,0,0
2026-03-06 20:40:33,0.013455110240740066,0.005773321178973056,0,0,0,0.009622526841785524,0.0105510162738875,0.007091833230304224,0,0
2026-03-06 20:41:03,0.005762809539144789,0.011948747500084712,0,0,0,0.006355716755364224,0.003660830805213192,0.006999644085893882,0,0
2026-03-06 20:41:33,0.004813477737665325,0.008711864406779589,0,0,0,0.00349146624633486,0.0037287503601633677,0.006898188166302327,0,0
2026-03-06 20:42:03,0.008864256538024714,0.001135573973322489,0,0,0,0.003542312842155272,0.005610074405518603,0.005915053726992368,0,0
2026-03-06 20:42:33,0.019676632092739496,0.003965832824893257,0,0,0,0.006406562489407141,0.007965561656836805,0.002152505889730724,0,0
2026-03-06 20:43:03,0.025779661016949167,0.005440493542591741,0,0,0,0.012016745478890242,0.007949017813257544,0.009406301374506376,0,0
2026-03-06 20:43:33,0.01891525423728813,0.0026101252521143095,0,0,0,0.010253889698654109,0.008254237288135746,0.007254237288135547,0,0
2026-03-06 20:44:03,0.008101694915254384,0.002033829361716629,0,0,0,0.0032372332672325602,0.004999830514219645,0,0,0
2026-03-06 20:44:33,0.00533880207450591,0.0034745173810614297,0,0,0,0.0026778753262601475,0.0014237046829712883,0.0004576116063862415,0,0
2026-03-06 20:45:03,0.007677705840480033,0.004610013219890826,0,0,0,0.006338768177350081,0.00401674491127585,0,0,0
2026-03-06 20:45:33,0.01830477449534751,0.005321853496491644,0,0,0,0.012813124978814282,0.0063219267470043675,0.011694518829870134,0,0
2026-03-06 20:46:03,0.028016474297045672,0.004881190468119669,0,0,0,0.01689801867764953,0.012559109167641221,0.013779894574484355,0,0
2026-03-06 20:46:33,0.01715196095047626,0.008948849191552805,0,0,0,0.007660757262465647,0.010355405657339528,0.003982915833361571,0,0
2026-03-06 20:47:03,0.0062200227107097,0.009423409375953432,0,0,0,0.006525202535507116,0.004694756109962392,0.006542151113521502,0,0
2026-03-06 20:47:33,0.008677819020016618,0.004186298769533234,0,0,0,0.008135455331265399,0.005220162028405933,0.005559227809698191,0,0
2026-03-06 20:48:03,0.013897833971729657,0.0021525058897306037,0,0,0,0.006779431205721936,0.0041524016135044625,0.0018305084745763405,0,0
2026-03-06 20:48:33,0.018220030168980234,0.004745682276571603,0,0,0,0.008236869311729983,0.011440484059592162,0.004982966390400111,0,0
2026-03-06 20:49:03,0.0230323367907262,0.003576210572702253,0,0,0,0.012152130436256379,0.03828813559322034,0.007626860106436998,0,0
2026-03-06 20:49:33,0.018186132438433374,0.028864406779660946,0,0,0,0.008542372881355774,0.032474576271186384,0.007237042812108057,0,0
2026-03-06 20:50:03,0.014898305084745605,0.0332355981899224,0,0,0,0.01052524533482475,0.006101488085149647,0.0036778414291040768,0,0
2026-03-06 20:50:33,0.022728043117182364,0.011610169491525463,0,0,0,0.012236873326328062,0.010050677107167736,0.014490788603969356,0,0
2026-03-06 20:51:03,0.014422750999932192,0.010219819331220592,0,0,0,0.00740640306425093,0.006254025287278393,0.015253720212874237,0,0
2026-03-06 20:51:33,0.004525347028016646,0.0029830002881307423,0,0,0,0.003254126978746365,0.004423728813559249,0.0007626601586333419,0,0
2026-03-06 20:52:03,0.002220301350824566,0,0,0,0,0.0009491203688010132,0.0007288259123034654,0.0009491364553142725,0,0
2026-03-06 20:52:33,0.0026100810142028466,0.002745623103909834,0,0,0,0.0015592691773160018,0.002491440968102871,0.0009491203688010132,0,0
2026-03-06 20:53:03,0.005440770182545433,0.002745669638317208,0,0,0,0.0037456992254369186,0.004254165183641036,0,0,0
2026-03-06 20:53:33,0.0074575007203267355,0.024152542372881548,0,0,0,0.003610047117047016,0.001762741741385434,0.002711772482288678,0,0
2026-03-06 20:54:03,0.01164347575547002,0.028219860680327558,0,0,0,0.008135317446866274,0.008491237585166444,0.0010168974458926202,0,0
2026-03-06 20:54:33,0.01686412094710267,0.00850818616318083,0,0,0,0.015134823653034602,0.013745529736784001,0.0025253381241314007,0,0
2026-03-06 20:55:03,0.011609579173940347,0.004440602701649132,0,0,0,0.008914800942324903,0.006559099691535888,0.0023558523439883884,0,0
2026-03-06 20:55:33,0.004694756109962392,0.00427104165960468,0,0,0,0.0031185383546320036,0.0033559322033899575,0.0008474289007153024,0,0
2026-03-06 20:56:03,0.008008669003233928,0.009413995699361634,0,0,0,0.003911144221326649,0.0024719367455090465,0.0018116862227188725,0,0
2026-03-06 20:56:33,0.01957331527260399,0.007348210355219897,0,0,0,0.007872815928484173,0.007280361647731958,0.0018115942028985393,0,0
2026-03-06 20:57:03,0.017016660734563663,0.007186197078065263,0,0,0,0.008253957492966493,0.006915137031575758,0.011219768486348135,0,0
2026-03-06 20:57:33,0.007135351344022106,0.006999762719907984,0,0,0,0.005965899461035284,0.004915170929306389,0.01121995864546963,0,0
2026-03-06 20:58:03,0.00644035049065294,0.0041524016135044625,0,0,0,0.006728471433655769,0.004067658723433017,0,0,0
2026-03-06 20:58:33,0.009592895156096445,0.004728733411298052,0,0,0,0.005762516524863381,0.0047796610169490925,0.012169491525423667,0,0
2026-03-06 20:59:03,0.016796040812176092,0.004101555879461788,0,0,0,0.00815240419653919,0.009847123826311024,0.012813342146743279,0,0
2026-03-06 20:59:33,0.012508262571820809,0.0032371784007322207,0,0,0,0.00569472221280632,0.008050438113316417,0.002982949730517642,0,0
2026-03-06 21:00:03,0.011083994305470753,0.0037796610169491354,0,0,0,0.005542185010677572,0.005643876478763406,0.00462696179790509,0,0
2026-03-06 21:00:33,0.01691439418334645,0.004321814145043395,0,0,0,0.011609775939798691,0.008101420290837503,0.011253665067877928,0,0
2026-03-06 21:01:03,0.011338983050847646,0.0022710709624934383,0,0,0,0.005949051710987934,0.006236971001474657,0.00896579776956719,0,0
2026-03-06 21:01:33,0.004203389830508795,0,0,0,0,0.0029660011525034975,0.002542286702145545,0.0015423205993017367,0,0
2026-03-06 21:02:03,0.004796528872391774,0.0016101149113589175,0,0,0,0.003304972712789522,0.0026949152542371495,0.0035084151116082903,0,0
2026-03-06 21:02:33,0.004101555879461548,0.001186400461001447,0,0,0,0.004762631141844913,0.002067691473314914,0.002898354209393369,0,0
2026-03-06 21:03:03,0.008389830508474654,0.0027965153723603646,0,0,0,0.005389647808548826,0.004033693202040566,0.0026101252521143095,0,0
2026-03-06 21:03:33,0.01427070268804469,0.0038813559322033765,0,0,0,0.007050608453950659,0.006830276939764852,0.0041016253961796804,0,0
2026-03-06 21:04:03,0.011372495847598254,0.003626995695061161,0,0,0,0.007881088776651697,0.008287995118726875,0.010847089929154952,0,0
2026-03-06 21:04:33,0.008610023558922415,0.0029151554184603406,0,0,0,0.005237021846346994,0.0051863527736817575,0.010694733987559537,0,0
2026-03-06 21:05:03,0.017050558465110766,0.004118504457475933,0,0,0,0.009101540651853222,0.009457306531982084,0.0038475228393702247,0,0
2026-03-06 21:05:33,0.019948476322836386,0.004118644067796526,0,0,0,0.009558835991390149,0.010270316074909056,0.002762618216331714,0,0
2026-03-06 21:06:03,0.008101420290837744,0.0029491025575838817,0,0,0,0.006067590929121115,0.005915053726992127,0.002457502160907005,0,0
2026-03-06 21:06:33,0.0045421419249868766,0.0013898069524246682,0,0,0,0.004711624832635486,0.002864358231216368,0.0034575099149181487,0,0
2026-03-06 21:07:03,0.014846954340530428,0.0031861166661017928,0,0,0,0.010728449883054736,0.004779499000034078,0.003949018677333041,0,0
2026-03-06 21:07:33,0.017270893713665962,0.0047118644067795186,0,0,0,0.009881355932203363,0.004999830514219886,0.0017626222395471282,0,0
2026-03-06 21:08:03,0.011372495847598738,0.0033728241894204858,0,0,0,0.00493211979457994,0.0046438316695758975,0.011525033049727124,0,0
2026-03-06 21:08:33,0.012898086473110552,0.004287990237619066,0,0,0,0.008626826209281046,0.003592976747339219,0.01779540370144392,0,0
2026-03-06 21:09:03,0.014033898305084795,0.0024406779661015465,0,0,0,0.007322158002678048,0.005694915254237504,0.008847457627118619,0,0
2026-03-06 21:09:33,0.011067609023576211,0.0012372461950443628,0,0,0,0.007423477170265454,0.007203389830508426,0.003660830805213312,0,0
2026-03-06 21:10:03,0.00982967545123268,0.006135385241178417,0,0,0,0.002152396447698382,0.004491373173790728,0.0021523964476985024,0,0
2026-03-06 21:10:33,0.007169370010677816,0.004898305084745788,0,0,0,0.005271007762448851,0.004305011779461448,0.001932105147195858,0,0
2026-03-06 21:11:03,0.0118979017660418,0.006965747504364208,0,0,0,0.010830141351140566,0.005728522278528106,0.0008643774787294469,0,0
2026-03-06 21:11:33,0.013304633741229052,0.009423569092049243,0,0,0,0.010592681728047726,0.007745368879548389,0.014338740021355632,0,0
2026-03-06 21:12:03,0.010819900463710029,0.005282557369252337,0,0,0,0.008272043211659148,0.010378095593980438,0.01516798586812516,0,0
2026-03-06 21:12:33,0.008679700371987085,0.0028223434631464432,0,0,0,0.008187392774031346,0.005741269194183887,0.001868460388639751,0,0
2026-03-06 21:13:03,0.00896640564086912,0.005949354215397116,0,0,0,0.00454252686531748,0.005237554451921241,0.0026611973693132346,0,0.5308393855158932
2026-03-06 21:13:33,0.008712307405461464,0,0,0,0,0.006118851486490898,0.006745991389538803,0.0015933013543061713,0,0
2026-03-06 21:14:03,0.008169906944420892,0.0010509365200440312,0,0,0,0.005237554451921241,0.004864571680395808,0.0011526400542418483,0,0
2026-03-06 21:14:33,0.0067629411166480365,0.002084781097984791,0,0,0,0.006085055172297046,0.005254504466328835,0.008610607319016146,0,0
2026-03-06 21:15:03,0.011000559350475463,0.006864872194725086,0,0,0,0.006932438387742059,0.009813891996338989,0.010118987084307965,0,0
2026-03-06 21:15:33,0.020102035627722625,0.008542662463134185,0,0,0,0.0062206552875568285,0.012559747788060606,0.004101694915254313,0,0
2026-03-06 21:16:03,0.02249266911876872,0.007458006339305349,0,0,0,0.047543984541848744,0.012492160618336436,0.01708503533958195,0,0
2026-03-06 21:16:33,0.06108785192467436,0.013458083324858656,0,0,0,0.05374758466388677,0.01603417007067913,0.03923928335339081,0,0
2026-03-06 21:17:03,0.05491804668033983,0.008712012068001323,0,0,0,0.014966355361955213,0.010932944606414169,0.022849394016442055,0,0
2026-03-06 21:17:33,0.007271556180822788,0.0049493203159429395,0,0,0,0.008407064646259111,0.006152959522679496,0.0038814875080511067,0,0
2026-03-06 21:18:03,0.005983253669616065,0,0,0,0,0.005745957490084627,0.00605115514348186,0.0025086446538747737,0,0
2026-03-06 21:18:33,0.004966354221401196,0.0036779661016948942,0,0,0,0.005559510491881131,0.009695243906573149,0.0015424251669548302,0,0
2026-03-06 21:19:03,0.004389979321332691,0.007390081019695461,0,0,0,0.0063222482118036275,0.009712193633682384,0.0020509169802366556,0,0
2026-03-06 21:19:33,0.004644225227973845,0.0069493881148512925,0,0,0,0.005135941419757226,0.0054070545959962095,0.0028137023916470993,0,0
2026-03-06 21:20:03,0.009322981998169498,0.0032375076276358146,0,0,0,0.006475015255271629,0.00918721925586917,0.001491601267861094,0,0
2026-03-06 21:20:33,0.008491813281806242,0.004440903774768216,0,0,0,0.00742398047391441,0.007949287276055426,0.0038308331214509553,0,0
2026-03-06 21:21:03,0.012118644067796667,0.014694666192098515,0,0,0,0.011270995406857377,0.009203701820400558,0.007796742317666416,0,0
2026-03-06 21:21:33,0.017627716193769145,0.014848212620980808,0,0,0,0.015237546399091285,0.01249173714808741,0.006525644937116478,0,0
2026-03-06 21:22:03,0.015322293598196519,0.004593298191494785,0,0,0,0.01193260788501318,0.02179771852806077,0.005797003186656702,0,0
2026-03-06 21:22:33,0.012593860704781513,0.0024747021034965603,0,0,0,0.010813925895793166,0.018119565401630636,0.005288494135195566,0,0
2026-03-06 21:23:03,0.007237533475710913,0.016628245982778643,0,0,0,0.008491813281806003,0.004881604149363712,0.002050986507559752,0,0
2026-03-06 21:23:33,0.006305405359594794,0.01662796413376966,0,0,0,0.005084918132818013,0.0051356802657671705,0.002118715888674192,0,0
2026-03-06 21:24:03,0.004813804091733339,0.0008644360825791032,0,0,0,0.0033221465134413396,0.0042883536451006,0.002118715888674192,0,0
2026-03-06 21:24:33,0.004457853789175809,0.0030509508796907115,0,0,0,0.0032204481507847335,0.0036613272311211797,0.001542346739885783,0,0
2026-03-06 21:25:03,0.007644326926336374,0.004525577138208005,0,0,0,0.004678203976473316,0.007118885385945074,0.0015424513110836326,0,0
2026-03-06 21:25:33,0.014034611929420189,0.0056443547977015505,0,0,0,0.008745910947643272,0.008746355685131286,0.0026781476710285657,0,0
2026-03-06 21:26:03,0.012898960964117228,0.008678407376646277,0,0,0,0.00781395664186312,0.0047120241364115014,0.0026780568832842,0,0
2026-03-06 21:26:33,0.007389955761962187,0.009915758428394799,0,0,0,0.006017153123834773,0.003847653270505345,0.001559427757814068,0,0
2026-03-06 21:27:03,0.016882214349881873,0.007373006322141092,0,0,0,0.009203857823279257,0.008661163748538038,0.0015593748940641843,0,0
2026-03-06 21:27:33,0.016220888843689506,0.008254657016458375,0,0,0,0.011780060341028393,0.009966439540323295,0.002474576271186454,0,0
2026-03-06 21:28:03,0.010678509076732637,0.0065597667638484045,0,0,0,0.006457846028678942,0.008102106886791,0.0024746182138680453,0,0
2026-03-06 21:28:33,0.018204315473667878,0.005102040816326564,0,0,0,0.007424106310490163,0.012000813614482311,0.013339887449996594,0,0
2026-03-06 21:29:03,0.01627173802501793,0.008746059188446915,0,0,0,0.008830957506313894,0.011780459692182405,0.013339209139137937,0,0
2026-03-06 21:29:33,0.018526051730567438,0.012898960964116746,0,0,0,0.013746228685718278,0.010542551568670655,0.014458117224312833,0,0
2026-03-06 21:30:03,0.016322587206345874,0.008119056901198352,0,0,0,0.010288833141229903,0.007881623105868053,0.016899737265869987,0,0
2026-03-06 21:30:33,0.0038645377809413913,0.0047120241364115014,0,0,0,0.000593240448828716,0.0014746012644282667,0.008407064646259111,0,0
2026-03-06 21:31:03,0.004152683141801494,0.004712183876873107,0,0,0,0.0017119804732524085,0.0018475828869752976,0.00596630394250659,0,0
2026-03-06 21:31:33,0.004559476592426954,0.0027289060646123824,0,0,0,0.0033729956947692813,0.004050984779145128,0.004254381504457859,0,0
2026-03-06 21:32:03,0.006068105157889453,0.007542628563680249,0,0,0,0.004152612756148487,0.004050984779145128,0.005203566222583852,0,0
2026-03-06 21:32:33,0.012051664519628667,0.0071358351130545485,0,0,0,0.006627343299772963,0.00523746567680256,0.0015932743482828923,0,0
2026-03-06 21:33:03,0.019611831511145195,0.004525883988202121,0,0,0,0.010051358543654581,0.00839039934910825,0.002695052290794308,0,0
2026-03-06 21:33:33,0.0175768670124412,0.0022034645242213235,0,0,0,0.008796908369775338,0.008678554478269722,0.005542654711256473,0,0
2026-03-06 21:34:03,0.007101694915253944,0.0029153036492143435,0,0,0,0.004000000000000071,0.00523746567680256,0.00567796610169505,0,0
2026-03-06 21:34:33,0.005729007762974912,0.00376290319846762,0,0,0,0.0033729956947692813,0.004474803803583161,0.0021865518585691625,0,0
2026-03-06 21:35:03,0.010440854929744808,0.008491813281806242,0,0,0,0.00864436082579079,0.007305580039324897,0.0008136006915606186,0,0
2026-03-06 21:35:33,0.012169697791488293,0.009356566546884649,0,0,0,0.007203511923930867,0.0067120919353198544,0.0008135731114086988,0,0
2026-03-06 21:36:03,0.014051561943827782,0.010288484355401865,0,0,0,0.00596630394250659,0.008050983914981514,0.001559480625148299,0,0
2026-03-06 21:36:33,0.01355978168751454,0.00952558517940978,0,0,0,0.00840692215122282,0.007186562484109772,0.003017000288140431,0,0
2026-03-06 21:37:03,0.019051816194043683,0.006424273243495054,0,0,0,0.008034443013085457,0.009644558197874511,0.001457701239046028,0,0
2026-03-06 21:37:33,0.019220664757030027,0.0025594087935183604,0,0,0,0.0065255343310904445,0.00762737719922714,0,0,0
2026-03-06 21:38:03,0.008051120376961833,0.003373052867095145,0,0,0,0.003034001152581478,0.005390013220787108,0.0024916521179041535,0,0
2026-03-06 21:38:33,0.005457997152349358,0.007390081019695701,0,0,0,0.004644146510957829,0.0058988049834731585,0.0024916098850807037,0,0
2026-03-06 21:39:03,0.006610393572663248,0.007440930201023643,0,0,0,0.0056274047832941985,0.00438990491364261,0.003983185870707472,0,0
2026-03-06 21:39:33,0.008322033898304838,0.0049493203159429395,0,0,0,0.004169632868910728,0.007237533475711154,0.0030340525789447266,0,0
2026-03-06 21:40:03,0.012797043967592524,0.0045426038612132935,0,0,0,0.004644146510957829,0.008712159734228207,0.0043731778425657635,0,0
2026-03-06 21:40:33,0.015186440677966356,0.00928845045594769,0,0,0,0.006424055460447224,0.015203647519449337,0.0013390057458602304,0,0
2026-03-06 21:41:03,0.02344266463259567,0.01945894636924531,0,0,0,0.013712561655677365,0.018407403640801356,0.0016949727109392574,0,0
2026-03-06 21:41:33,0.023034679141665487,0.01903454354384878,0,0,0,0.012102105156106963,0.014712113764640235,0.00474592359063021,0,0
2026-03-06 21:42:03,0.013593681141733972,0.009898640631885879,0,0,0,0.006559544391335307,0.010661378351808618,0.007779792877845442,0,0
2026-03-06 21:42:33,0.021729550154242695,0.01133955963862588,0,0,0,0.009780158313134535,0.014882364906095331,0.009204013831446067,0,0
2026-03-06 21:43:03,0.02401817041544488,0.013526340768865717,0,0,0,0.01040730884621235,0.014949912707425645,0.0073225303410401075,0,0
2026-03-06 21:43:33,0.017136174107596793,0.01574629648462639,0,0,0,0.007966371741414943,0.00986490838517202,0.002847554154378222,0,0
2026-03-06 21:44:03,0.012888731228567658,0.010675495346362475,0,0,0,0.004746621621621721,0.009476191280552812,0.0028378378378377056,0,0
2026-03-06 21:44:33,0.013766659346970451,0.0025674374609394963,0,0,0,0.004830754678737946,0.009763348592084642,0.007297050775311682,0,0
2026-03-06 21:45:03,0.021780030170002827,0.004406630283719042,0,0,0,0.008915103133845125,0.010965915831934906,0.008084471712823359,0,0
2026-03-06 21:45:33,0.015033388698688185,0.007694654418494418,0,0,0,0.006152438094269581,0.006643842581607333,0.0036101083032489935,0,0
2026-03-06 21:46:03,0.004592908955325317,0.004660858953933862,0,0,0,0.0012541947730585075,0.003660954899069646,0.0033895432590458916,0,0
2026-03-06 21:46:33,0.0070677966101695185,0.0031524355106605337,0,0,0,0.0036608308052134327,0.0044914492974695444,0.007101454187993575,0,0
2026-03-06 21:47:03,0.005457349626290234,0.004338909510008309,0,0,0,0.004457476017762198,0.005728522278528106,0.003711738585132607,0,0
2026-03-06 21:47:33,0.007084625684310544,0.006610169491525433,0,0,0,0.004610091354383678,0.004898222064032838,0,0,0
2026-03-06 21:48:03,0.010206863333333075,0.007169248500050877,0,0,0,0.009813226670282253,0.00501677909223427,0.0014406535482450798,0,0
2026-03-06 21:48:33,0.00740640306425117,0.004864406779661121,0,0,0,0.01052524533482475,0.00813545533126564,0.01576217755330339,0.6485941392810535,0
2026-03-06 21:49:03,0.006618245685880522,0.0037117385851326077,0,0,0,0.00723692015660232,0.009338666485881627,0.014321548422087368,0,0
2026-03-06 21:49:33,0.007236920156602079,0.007609782553429453,0,0,0,0.0044404521803976145,0.006050539803060849,0,0,0
2026-03-06 21:50:03,0.003525363976881721,0.0038981068759216305,0,0,0,0.00203386383281647,0.004287917563513721,0.002830460500669507,0,0
2026-03-06 21:50:33,0.004355932203389915,0.004017017237580209,0,0,0,0.004864406779661121,0.005610074405518603,0.0037964814752042934,0,0
2026-03-06 21:51:03,0.009457306531982327,0.011423147975526538,0,0,0,0.009389512219924541,0.010999440706404774,0.007169248500050877,0,0
2026-03-06 21:51:33,0.011169112911426594,0.013576041084049455,0,0,0,0.008389546117080853,0.009067642921306601,0.00701683022321634,0,0
2026-03-06 21:52:03,0.00832175180502331,0.007542628563680249,0,0,0,0.007050608453950901,0.007491271482322755,0.002423564504101428,0,0
2026-03-06 21:52:33,0.008779065826045703,0.005864307384620662,0,0,0,0.005321763300171299,0.009491364553143205,0.0024066572886126147,0,0
2026-03-06 21:53:03,0.008610023558922895,0.006474466534465603,0,0,0,0.005728716462432736,0.006169386959543132,0.0007965966678530372,0,0
2026-03-06 21:53:33,0.01198244157076796,0.01079624419511204,0,0,0,0.010372705547363515,0.009491364553142964,0.00154237288135583,0,0
2026-03-06 21:54:03,0.0150169491525423,0.016440677966101675,0,0,0,0.012745114655186945,0.01459272567031609,0.01638927493983253,0,0
2026-03-06 21:54:33,0.01079642717920036,0.009050387268443838,0,0,0,0.009372563641910638,0.008847007779265555,0.020728110911494506,0,0
2026-03-06 21:55:03,0.01542320599301713,0.009084283849973753,0,0,0,0.01396539159025833,0.012507838584478747,0.007372631436222538,0,0
2026-03-06 21:55:33,0.012440256262499725,0.00766075726246589,0,0,0,0.011440677966101405,0.013101250805057389,0.0014915001440654917,0,0
2026-03-06 21:56:03,0.004745601844005307,0.004050710145418632,0,0,0,0.0034914070709465583,0.004372733127690753,0.008830358807477854,0,0
2026-03-06 21:56:33,0.0069996440858936405,0.007491398450873597,0,0,0,0.0037626480907104695,0.004779661016949334,0.008830209145452711,0,0
2026-03-06 21:57:03,0.005643876478763404,0.005084659582040935,0,0,0,0.003796545821257571,0.006033693773092344,0.0009321875900407216,0,0
2026-03-06 21:57:33,0.01284745762711881,0.0016440120673874477,0,0,0,0.006050847457627107,0.005016949152542242,0.0009321559920680747,0,0
2026-03-06 21:58:03,0.013287685163214666,0.005677677406233716,0,0,0,0.004152471991999731,0.0048640770117281225,0.0019151893156164122,0,0
2026-03-06 21:58:33,0.006457408223450057,0.007101333830483384,0,0,0,0.0017796006915018097,0.003660830805213192,0.001915156856431021,0,0
2026-03-06 21:59:03,0.004372733127690752,0.001423704682971529,0,0,0,0.0030507440425749433,0.001949053437960695,0.002237212297888292,0,0
2026-03-06 21:59:33,0.005101521982305476,0.0031694378061388386,0,0,0,0.003626995695061161,0.0038644067796611632,0.0022371743809637646,0,0
2026-03-06 22:00:03,0.005848151475598779,0.006949977115928949,0,0,0,0.00496669096333474,0.0033224280846879785,0.0017967928941925373,0,0
2026-03-06 22:00:33,0.012103130879935364,0.007187537081927623,0,0,0,0.008983964470963168,0.007966776845495363,0.0031698676114114825,0,0
2026-03-06 22:01:03,0.013694683140963589,0.006457627118644072,0,0,0,0.007999864409077954,0.011593416837573476,0.003610108303249234,0,0
2026-03-06 22:01:33,0.010084403918511219,0.003050847457627234,0,0,0,0.00698293249266972,0.00827118644067796,0.002237212297888292,0,0
2026-03-06 22:02:03,0.01025423728813542,0.00572881355932193,0,0,0,0.006830508474576128,0.0059323039373550155,0.002660971847934721,0,0
2026-03-06 22:02:33,0.005694722212806079,0.0044405274397478125,0,0,0,0.004389681705705138,0.004135523126726662,0,0,0
2026-03-06 22:03:03,0.00498288193620574,0.005728910659502841,0,0,0,0.005881156570963838,0.004660779960340855,0.009304769329853095,0,0
2026-03-06 22:03:33,0.01166081930814712,0.009762546397518815,0,0,0,0.00820325079235912,0.016253961797257487,0.009304927035134868,0,0
2026-03-06 22:04:03,0.0150169491525423,0.01893124078436673,0,0,0,0.009050540659638517,0.017067218060404815,0,0,0
2026-03-06 22:04:33,0.007999593241021785,0.016050303379546504,0,0,0,0.005626832533938844,0.0028983050847458725,0.003525363976881721,0,0
2026-03-06 22:05:03,0.003423612758889498,0.00559303074472073,0,0,0,0.0015423205993018575,0.003016846886546173,0.0050168641209472125,0,0
2026-03-06 22:05:33,0.0027117724822886785,0.003372709862210363,0,0,0,0.0019661016949154893,0.003474635163307824,0.010915069236114735,0,0
2026-03-06 22:06:03,0.0068473415704817945,0.008169629993728696,0,0,0,0.004864406779660639,0.005305084745762753,0.009423728813559278,0,0
2026-03-06 22:06:33,0.0067456483788409715,0.006982814141893358,0,0,0,0.003982915833361812,0.005135419138334248,0.0009660525735979892,0,0
2026-03-06 22:07:03,0.026862585587417935,0.014422995440909768,0,0,0,0.014150623644251759,0.016965239055641318,0.002813416266969422,0,0
2026-03-06 22:07:33,0.04460941339977297,0.04060948119523399,0,0,0,0.019694915254237392,0.029491525423728966,0.001847426314808133,0,0
2026-03-06 22:08:03,0.025237288135593294,0.028372400467788553,0,0,0,0.010203562772250444,0.014389342734144429,0.010406603277910617,0,0
2026-03-06 22:08:33,0.008897852651560186,0.013508016677400717,0,0,0,0.005542091080114539,0.006542372881355859,0.010406250529634158,0,0
2026-03-06 22:09:03,0.010915069236114735,0.031354337915021416,0,0,0,0.008898003457510012,0.010965729975255172,0.0027457161743022346,0,0
2026-03-06 22:09:33,0.01598305084745783,0.017846550175415005,0,0,0,0.01113540448466945,0.009796776216546094,0.006237288135593135,0,0
2026-03-06 22:10:03,0.013965628283786715,0.002491483195199935,0,0,0,0.01198305084745752,0.006033796037355207,0.006067693767902067,0,0
2026-03-06 22:10:33,0.010270838276668495,0.004745601844005308,0,0,0,0.010254063490449623,0.006152438094269581,0.0025761401962612245,0,0
2026-03-06 22:11:03,0.014507736894734554,0.007745500152537334,0,0,0,0.007745631429975655,0.011541981627741631,0.002372720493525872,0,0
2026-03-06 22:11:33,0.018390453913692123,0.011219958645469506,0,0,0,0.01054237288135569,0.008914800942325144,0.0023727607070827004,0,0
2026-03-06 22:12:03,0.018152234707886274,0.018508160878629155,0,0,0,0.010118644067796752,0.0058983050847457455,0.001915156856431021,0,0
2026-03-06 22:12:33,0.012881137607837002,0.017084456195657627,0,0,0,0.006626894003592949,0.006576048269550032,0.005254148234775721,0,0
2026-03-06 22:13:03,0.011372881355932072,0.008661163748538038,0,0,0,0.0070847457627119725,0.01108455788884928,0.0070677966101695185,0,0
2026-03-06 22:13:33,0.011423728813559434,0.004355932203389915,0,0,0,0.008644067796610496,0.006525313130286014,0.0010847273775021976,0,0
2026-03-06 22:14:03,0.007796213751843261,0.00318622466273477,0,0,0,0.0036269342236835184,0.0017457035354732791,0.0010847089929156158,0,0
2026-03-06 22:14:33,0.006745534049693165,0.008982594105384491,0,0,0,0.004491449297469303,0.003321977593600074,0.0013389603566040156,0,0
2026-03-06 22:15:03,0.025491525423728654,0.011474187315684085,0,0,0,0.016270634893732552,0.010135421433535248,0.004728733411298052,0,0
2026-03-06 22:15:33,0.034236707852409454,0.015405996305272715,0,0,0,0.02088418768646595,0.01633815229734079,0.015524634340626692,0,0
2026-03-06 22:16:03,0.02067761563363331,0.015185925900816936,0,0,0,0.012287719060370737,0.012643639198670906,0.012135387535804376,0,0
2026-03-06 22:16:33,0.014050371173858643,0.006677739737635865,0,0,0,0.007643808684451262,0.008762414833395408,0.004067658723433258,0,0
2026-03-06 22:17:03,0.02037253605871084,0.007881355932203448,0,0,0,0.012270770482356835,0.009931866716382711,0.009270872173824808,0,0
2026-03-06 22:17:33,0.030947578936664125,0.016219789159689635,0,0,0,0.015592427503686522,0.012084131315356742,0.013745063810314607,0,0
2026-03-06 22:18:03,0.021640766662712727,0.01491297937602731,0,0,0,0.01046389353376199,0.009439238082326221,0.009490399444133785,0,0
2026-03-06 22:18:33,0.02113272776572692,0.020251491323210292,0,0,0,0.012136257067990755,0.01279465844193251,0.005694143167028174,0,0
2026-03-06 22:19:03,0.02420256940442692,0.01669434934409026,0,0,0,0.012914597562835795,0.013693986848349141,0.004711704687976778,0,0
2026-03-06 22:19:33,0.014490788603969115,0.005220338983050965,0,0,0,0.01081337604447343,0.009694586624182277,0.009931698388217523,0,0
2026-03-06 22:20:03,0.007711602996508806,0.0034236707852408972,0,0,0,0.007779265461077822,0.00883020914545295,0.007660757262465649,0,0
2026-03-06 22:20:33,0.013693986848349141,0.0060166432215309346,0,0,0,0.008406352219378833,0.010592502203240458,0.003406606443740037,0,0
2026-03-06 22:21:03,0.02359282046067009,0.018406155723534767,0,0,0,0.01252521143709436,0.013151873633544234,0.011711268918529368,0,0
2026-03-06 22:21:33,0.019829836276736654,0.018593220338983193,0,0,0,0.014220097964441257,0.013626656723500932,0.012559109167641462,0,0
2026-03-06 22:22:03,0.013016949152542385,0.009576108879510478,0,0,0,0.009203233843494286,0.00937272249622883,0.004474576271186611,0,0
2026-03-06 22:22:33,0.012950250021188407,0.0033731100413587037,0,0,0,0.01576404780066119,0.005305264585240458,0.014271670226109336,0,0
2026-03-06 22:23:03,0.02484829994237058,0.019983050847457662,0,0,0,0.021881726808928914,0.023644869317604157,0.02579661016949138,0,0
2026-03-06 22:23:33,0.05184921522763479,0.04890079156567292,0,0,0,0.02822560138330862,0.0384178492107894,0.022866344605475104,0,0
2026-03-06 22:24:03,0.0596918800738944,0.05588504422679367,0,0,0,0.034268863127923384,0.031658870585045,0.040082028337062044,0,0
2026-03-06 22:24:33,0.0408235892221656,0.03823080833756991,0,0,0,0.0190130820849999,0.026011217867249532,0.03450262667344496,0,0
2026-03-06 22:25:03,0.017457331231674058,0.015101694915254087,0,0,0,0.010880802671051036,0.01401623646255272,0.011237097676310516,0,0
2026-03-06 22:25:33,0.01101638899716925,0.014067081334847352,0,0,0,0.009880853515923374,0.0076099115284229725,0.0049998305142198865,0,0
2026-03-06 22:26:03,0.010847273775021014,0.010219992542625822,0,0,0,0.012016541812141535,0.014186200233894638,0.006067796610169561,0,0
2026-03-06 22:26:33,0.012711218073657271,0.011643673095827218,0,0,0,0.008406779661016625,0.011372303103231908,0.006728471433655769,0,0
2026-03-06 22:27:03,0.009999661028439773,0.02498178058742758,0,0,0,0.005372699230534681,0.002152542372881036,0.009796112062098346,0,0
2026-03-06 22:27:33,0.014643571404359245,0.020032879684083897,0,0,0,0.0068302769397646105,0.00811836886885165,0.008829909836621259,0,0
2026-03-06 22:28:03,0.02738936628192766,0.014728314294430694,0,0,0,0.012474153418528498,0.015033388698688185,0.01294849414436571,0,0
2026-03-06 22:28:33,0.043542372881355734,0.023406779661016952,0,0,0,0.02266063287062961,0.02150847457627128,0.017575973288588433,0,0
2026-03-06 22:29:03,0.030846934797715178,0.021964984831279875,0,0,0,0.01928748178027824,0.021676863888276804,0.010643887391739125,0,0
2026-03-06 22:29:33,0.017389241042676695,0.006605946254807365,0,0,0,0.01004948481561804,0.014236564242496202,0.01093220338983044,0,0
2026-03-06 22:30:03,0.017542075558041333,0.015525423728813506,0,0,0,0.010406250529634158,0.01571133181926072,0.013864171793698376,0,0
2026-03-06 22:30:33,0.0363214182810461,0.03098305084745768,0,0,0,0.01830477449534775,0.03140571506050657,0.013660553879529464,0,0
2026-03-06 22:31:03,0.03628629052760062,0.030981475518194038,0,0,0,0.020881002016914955,0.02262750216105323,0.01676214365614732,0,0
2026-03-06 22:31:33,0.018694915254236954,0.02462628385478463,0,0,0,0.012084336124199074,0.0050846595820406935,0.019322688904708642,0,0
