Time,"__name__=""jvm_memory_bytes_used"",area=""heap"",instance=""rskj-miner1:8080"",job=""rskj-jvm"",name=""rskj-miner1""","__name__=""jvm_memory_bytes_used"",area=""heap"",instance=""rskj-miner2:8080"",job=""rskj-jvm"",name=""rskj-miner2""","__name__=""jvm_memory_bytes_used"",area=""heap"",instance=""rskj-miner3:8080"",job=""rskj-jvm"",name=""rskj-miner3""","__name__=""jvm_memory_bytes_used"",area=""heap"",instance=""rskj-miner4:8080"",job=""rskj-jvm"",name=""rskj-miner4""","__name__=""jvm_memory_bytes_used"",area=""heap"",instance=""rskj-node1:8080"",job=""rskj-jvm"",name=""rskj-node1""","__name__=""jvm_memory_bytes_used"",area=""heap"",instance=""rskj-node2:8080"",job=""rskj-jvm"",name=""rskj-node2""","__name__=""jvm_memory_bytes_max"",area=""heap"",instance=""rskj-miner1:8080"",job=""rskj-jvm"",name=""rskj-miner1""","__name__=""jvm_memory_bytes_max"",area=""heap"",instance=""rskj-miner2:8080"",job=""rskj-jvm"",name=""rskj-miner2""","__name__=""jvm_memory_bytes_max"",area=""heap"",instance=""rskj-miner3:8080"",job=""rskj-jvm"",name=""rskj-miner3""","__name__=""jvm_memory_bytes_max"",area=""heap"",instance=""rskj-miner4:8080"",job=""rskj-jvm"",name=""rskj-miner4""","__name__=""jvm_memory_bytes_max"",area=""heap"",instance=""rskj-node1:8080"",job=""rskj-jvm"",name=""rskj-node1""","__name__=""jvm_memory_bytes_max"",area=""heap"",instance=""rskj-node2:8080"",job=""rskj-jvm"",name=""rskj-node2"""
2026-02-20 14:31:51,112368416,445970568,1882494656,482809152,647021352,1156599040,3113877504,3113877504,3221225472,3113877504,3113877504,3221225472
2026-02-20 14:32:21,659679784,404055472,1578909680,392651440,48323712,299362504,3113877504,3113877504,3221225472,3113877504,3113877504,3221225472
2026-02-20 14:32:51,553833264,465024416,505415928,410361256,664313920,901245128,3113877504,3113877504,3221225472,3113877504,3113877504,3221225472
2026-02-20 14:33:21,122509392,515771048,243775024,360838696,195161560,130101072,3113877504,3113877504,3221225472,3113877504,3113877504,3221225472
2026-02-20 14:33:51,316424864,502182568,1866970672,296302736,484495704,1260466000,3113877504,3113877504,3221225472,3113877504,3113877504,3221225472
2026-02-20 14:34:21,75584144,93449528,1181494272,700969120,501334752,178633024,3113877504,3113877504,3221225472,3113877504,3113877504,3221225472
2026-02-20 14:34:51,589663720,116549648,118352896,700783216,307123208,845527360,3113877504,3113877504,3221225472,3113877504,3113877504,3221225472
2026-02-20 14:35:21,53110224,501017984,694246176,848321224,818555992,979883520,3113877504,3113877504,3221225472,3113877504,3113877504,3221225472
2026-02-20 14:35:51,244340520,582720344,214697504,142203696,621533760,1535652600,3113877504,3113877504,3221225472,3113877504,3113877504,3221225472
2026-02-20 14:36:21,195066008,699733440,1282084976,751723104,99702480,1650514768,3113877504,3113877504,3221225472,3113877504,3113877504,3221225472
2026-02-20 14:36:51,424353472,838008768,1780835040,69769056,775201144,1785831424,3113877504,3113877504,3221225472,3113877504,3113877504,3221225472
2026-02-20 14:37:21,762179872,243908232,1564377888,476295992,787319512,766276544,3113877504,3113877504,3221225472,3113877504,3113877504,3221225472
2026-02-20 14:37:51,547449880,343162248,877232320,293368976,371329240,233583528,3113877504,3113877504,3221225472,3113877504,3113877504,3221225472
2026-02-20 14:38:21,504841336,479176640,903702944,142525512,57615264,1380725672,3113877504,3113877504,3221225472,3113877504,3113877504,3221225472
2026-02-20 14:38:51,478733744,417122224,676363296,748721152,699705600,293303968,3113877504,3113877504,3221225472,3113877504,3113877504,3221225472
2026-02-20 14:39:21,165748680,789989280,1831894048,161218096,301034488,704345760,3113877504,3113877504,3221225472,3113877504,3113877504,3221225472
2026-02-20 14:39:51,73253960,235568344,1864037872,169937656,387012696,917449104,3113877504,3113877504,3221225472,3113877504,3113877504,3221225472
2026-02-20 14:40:21,897524216,217254360,1088360672,88215192,647155736,1176783816,3113877504,3113877504,3221225472,3113877504,3113877504,3221225472
2026-02-20 14:40:51,376845488,337104944,1547212704,858378408,829419384,276754680,3113877504,3113877504,3221225472,3113877504,3113877504,3221225472
2026-02-20 14:41:21,458915720,837460224,657762304,872128856,564734160,1841808928,3113877504,3113877504,3221225472,3113877504,3113877504,3221225472
2026-02-20 14:41:51,98604672,547707112,532270328,787197016,69624168,518464800,3113877504,3113877504,3221225472,3113877504,3113877504,3221225472
2026-02-20 14:42:21,779137080,577288704,472136240,452625200,356799856,543991808,3113877504,3113877504,3221225472,3113877504,3113877504,3221225472
2026-02-20 14:42:51,804161120,804662824,1474574896,547345376,512729664,1546430464,3113877504,3113877504,3221225472,3113877504,3113877504,3221225472
2026-02-20 14:43:21,188339768,451511936,1914976816,129066808,104218592,34273352,3113877504,3113877504,3221225472,3113877504,3113877504,3221225472
2026-02-20 14:43:51,158953168,671968584,981432560,213623784,263990720,1024129096,3113877504,3113877504,3221225472,3113877504,3113877504,3221225472
2026-02-20 14:44:21,566275528,300575528,1407154416,656000096,712695208,1456142408,3113877504,3113877504,3221225472,3113877504,3113877504,3221225472
2026-02-20 14:44:51,825524160,566681424,522600944,783839888,51565624,570478000,3113877504,3113877504,3221225472,3113877504,3113877504,3221225472
2026-02-20 14:45:21,239261144,570930888,905674752,350300632,379657240,654162656,3113877504,3113877504,3221225472,3113877504,3113877504,3221225472
2026-02-20 14:45:51,604172232,815587040,1117487104,581092776,609393064,865975008,3113877504,3113877504,3221225472,3113877504,3113877504,3221225472
2026-02-20 14:46:21,594873168,128447968,1862762816,454681984,153497000,158467584,3113877504,3113877504,3221225472,3113877504,3113877504,3221225472
2026-02-20 14:46:51,484445400,653319688,820773536,489354456,137101552,756246528,3113877504,3113877504,3221225472,3113877504,3113877504,3221225472
2026-02-20 14:47:21,734543296,669035328,1305689976,602442640,57392120,1548752824,3113877504,3113877504,3221225472,3113877504,3113877504,3221225472
2026-02-20 14:47:51,771152312,522364464,546661536,456160456,490858464,633078416,3113877504,3113877504,3221225472,3113877504,3113877504,3221225472
2026-02-20 14:48:21,401982968,725386904,91149656,733987856,856899112,521652736,3113877504,3113877504,3221225472,3113877504,3113877504,3221225472
2026-02-20 14:48:51,459131992,823695024,1825494360,619069072,173071312,1507314176,3113877504,3113877504,3221225472,3113877504,3113877504,3221225472
2026-02-20 14:49:21,637044776,326569656,1086164320,846236352,653002104,1958201856,3113877504,3113877504,3221225472,3113877504,3113877504,3221225472
2026-02-20 14:49:51,734267456,838948704,1457360224,444493288,185937136,471439360,3113877504,3113877504,3221225472,3113877504,3113877504,3221225472
2026-02-20 14:50:21,700406528,379494728,550516992,524751584,605641696,1624872960,3113877504,3113877504,3221225472,3113877504,3113877504,3221225472
2026-02-20 14:50:51,409646064,652422048,539526656,571479808,842790408,764895088,3113877504,3113877504,3221225472,3113877504,3113877504,3221225472
2026-02-20 14:51:21,821000264,317685480,1233867776,466486040,494583536,1901728688,3113877504,3113877504,3221225472,3113877504,3113877504,3221225472
2026-02-20 14:51:51,602166416,653187552,1758244352,328338160,773273880,872234328,3113877504,3113877504,3221225472,3113877504,3113877504,3221225472
2026-02-20 14:52:21,752102208,387276472,698648376,272149104,464609744,975679320,3113877504,3113877504,3221225472,3113877504,3113877504,3221225472
2026-02-20 14:52:51,241298352,694537648,725981024,363913816,727533680,156172008,3113877504,3113877504,3221225472,3113877504,3113877504,3221225472
2026-02-20 14:53:21,699310424,358197496,98836192,762809840,351842192,1466892008,3113877504,3113877504,3221225472,3113877504,3113877504,3221225472
2026-02-20 14:53:51,441730048,642224248,310648544,133760392,581934120,1687092968,3113877504,3113877504,3221225472,3113877504,3113877504,3221225472
2026-02-20 14:54:21,80197104,304382160,734273248,564031400,188612224,167163648,3113877504,3113877504,3221225472,3113877504,3113877504,3221225472
2026-02-20 14:54:51,607010704,816542432,1180966624,164181552,649696816,611759872,3113877504,3113877504,3221225472,3113877504,3113877504,3221225472
2026-02-20 14:55:21,416927736,882977488,490749656,629021192,472561064,1040086088,3113877504,3113877504,3221225472,3113877504,3113877504,3221225472
2026-02-20 14:55:51,647905960,641879712,1889550040,248995560,488639704,1889432648,3113877504,3113877504,3221225472,3113877504,3113877504,3221225472
2026-02-20 14:56:21,467366120,282828072,137081216,537884616,645110280,935436064,3113877504,3113877504,3221225472,3113877504,3113877504,3221225472
2026-02-20 14:56:51,233208088,870564840,1623961984,200622384,752705856,1872863008,3113877504,3113877504,3221225472,3113877504,3113877504,3221225472
2026-02-20 14:57:21,668074096,208008888,680918608,646050984,339556392,354515080,3113877504,3113877504,3221225472,3113877504,3113877504,3221225472
2026-02-20 14:57:51,151967232,312304768,1339398608,145960176,149645000,1841395848,3113877504,3113877504,3221225472,3113877504,3113877504,3221225472
2026-02-20 14:58:21,333115104,308454176,850918784,753109816,178528896,1599931560,3113877504,3113877504,3221225472,3113877504,3113877504,3221225472
2026-02-20 14:58:51,45824448,589529448,1062731136,126677064,409619856,1811743912,3113877504,3113877504,3221225472,3113877504,3113877504,3221225472
2026-02-20 14:59:21,204431080,852013312,691267824,830371816,567340576,866332624,3113877504,3113877504,3221225472,3113877504,3113877504,3221225472
2026-02-20 14:59:51,146856704,551029552,1895033072,461971720,644188456,1789079504,3113877504,3113877504,3221225472,3113877504,3113877504,3221225472
2026-02-20 15:00:21,184052528,810356472,836799856,492210160,494230480,1362527520,3113877504,3113877504,3221225472,3113877504,3113877504,3221225472
2026-02-20 15:00:51,575476704,394986296,644217616,459353464,68341648,697021440,3113877504,3113877504,3221225472,3113877504,3113877504,3221225472
2026-02-20 15:01:21,857559632,365724184,656825488,646074952,636185384,129215104,3113877504,3113877504,3221225472,3113877504,3113877504,3221225472
2026-02-20 15:01:51,658867112,895367456,99018688,242867824,116637752,1305717376,3113877504,3113877504,3221225472,3113877504,3113877504,3221225472
2026-02-20 15:02:21,369300240,65935736,839313344,131394776,699081920,1840491136,3113877504,3113877504,3221225472,3113877504,3113877504,3221225472
2026-02-20 15:02:51,705112056,402592120,1191634880,494911480,217356424,267742992,3113877504,3113877504,3221225472,3113877504,3113877504,3221225472
2026-02-20 15:03:21,286526936,116261776,528011504,869186304,539027808,1414885136,3113877504,3113877504,3221225472,3113877504,3113877504,3221225472
2026-02-20 15:03:51,473772144,224862280,1526255856,137886488,506394392,295778024,3113877504,3113877504,3221225472,3113877504,3113877504,3221225472
2026-02-20 15:04:21,786739016,405767024,1412821504,215229024,114674552,1539389160,3113877504,3113877504,3221225472,3113877504,3113877504,3221225472
2026-02-20 15:04:51,545206368,823288544,685527344,544171728,768215584,247296528,3113877504,3113877504,3221225472,3113877504,3113877504,3221225472
2026-02-20 15:05:21,575283832,286758488,1763463472,769005808,183640240,1306358288,3113877504,3113877504,3221225472,3113877504,3113877504,3221225472
2026-02-20 15:05:51,457404688,818439768,826803200,142901744,846162488,871098032,3113877504,3113877504,3221225472,3113877504,3113877504,3221225472
2026-02-20 15:06:21,609114480,601101200,1564565552,887821392,344913744,103811808,3113877504,3113877504,3221225472,3113877504,3113877504,3221225472
2026-02-20 15:06:51,181800360,60237496,154619496,691928376,711512856,929386112,3113877504,3113877504,3221225472,3113877504,3113877504,3221225472
2026-02-20 15:07:21,463364296,516355648,496036608,235153024,790443296,789661360,3113877504,3113877504,3221225472,3113877504,3113877504,3221225472
2026-02-20 15:07:51,643573536,753934328,1780757280,661225112,402364176,1790360480,3113877504,3113877504,3221225472,3113877504,3113877504,3221225472
2026-02-20 15:08:21,174089592,204381864,1751749904,91706928,723294544,1844847928,3113877504,3113877504,3221225472,3113877504,3113877504,3221225472
2026-02-20 15:08:51,611347584,369186400,552067968,156298288,602669352,1304419328,3113877504,3113877504,3221225472,3113877504,3113877504,3221225472
2026-02-20 15:09:21,516325656,167233800,65111392,193600440,496588928,1120765168,3113877504,3113877504,3221225472,3113877504,3113877504,3221225472
2026-02-20 15:09:51,700368160,732769840,1424065888,108305832,674995872,211262976,3113877504,3113877504,3221225472,3113877504,3113877504,3221225472
2026-02-20 15:10:21,466967192,646033928,1034380448,477355416,520573024,1733795328,3113877504,3113877504,3221225472,3113877504,3113877504,3221225472
2026-02-20 15:10:51,777606376,886455008,1832279144,239960472,75094168,1045901616,3113877504,3113877504,3221225472,3113877504,3113877504,3221225472
2026-02-20 15:11:21,241969056,569335864,574932696,132944632,159245448,680486656,3113877504,3113877504,3221225472,3113877504,3113877504,3221225472
2026-02-20 15:11:51,124276896,476676840,1914670368,553207664,256032096,550724832,3113877504,3113877504,3221225472,3113877504,3113877504,3221225472
2026-02-20 15:12:21,373261856,695169184,758987968,482821896,645003728,1754490080,3113877504,3113877504,3221225472,3113877504,3113877504,3221225472
2026-02-20 15:12:51,708666160,342649560,1598974016,488110672,575653528,369217792,3113877504,3113877504,3221225472,3113877504,3113877504,3221225472
2026-02-20 15:13:21,233306200,173779184,1630607712,668171360,899033704,1289609376,3113877504,3113877504,3221225472,3113877504,3113877504,3221225472
2026-02-20 15:13:51,135745776,531824088,1921691664,363688096,680407664,1450736352,3113877504,3113877504,3221225472,3113877504,3113877504,3221225472
2026-02-20 15:14:21,591606960,240058840,946311456,470703720,686712624,151279696,3113877504,3113877504,3221225472,3113877504,3113877504,3221225472
2026-02-20 15:14:51,287514768,521563816,1158123808,701224560,56595568,365189200,3113877504,3113877504,3221225472,3113877504,3113877504,3221225472
2026-02-20 15:15:21,147852968,534807744,1523713744,286844088,374640744,417367216,3113877504,3113877504,3221225472,3113877504,3113877504,3221225472
2026-02-20 15:15:51,363167896,684387888,377500480,73901304,814899024,460166656,3113877504,3113877504,3221225472,3113877504,3113877504,3221225472
2026-02-20 15:16:21,737527000,759267080,66734032,842387120,267882296,1714263552,3113877504,3113877504,3221225472,3113877504,3113877504,3221225472
2026-02-20 15:16:51,342007360,94283640,1041909712,48142520,415165656,768475232,3113877504,3113877504,3221225472,3113877504,3113877504,3221225472
2026-02-20 15:17:21,589421264,515494696,313466880,353658936,818446776,1961754720,3113877504,3113877504,3221225472,3113877504,3113877504,3221225472
2026-02-20 15:17:51,501117248,551283504,914890240,101177416,800863064,631725904,3113877504,3113877504,3221225472,3113877504,3113877504,3221225472
2026-02-20 15:18:21,864507464,191741280,1351097856,546007312,425884432,1076322128,3113877504,3113877504,3221225472,3113877504,3113877504,3221225472
2026-02-20 15:18:51,845806632,333049168,1244575936,538406744,548050888,965691728,3113877504,3113877504,3221225472,3113877504,3113877504,3221225472
2026-02-20 15:19:21,245589152,840431768,1716435136,135758168,144441768,1401899344,3113877504,3113877504,3221225472,3113877504,3113877504,3221225472
2026-02-20 15:19:51,685596504,262051616,1928247488,367379792,376578280,1613711696,3113877504,3113877504,3221225472,3113877504,3113877504,3221225472
2026-02-20 15:20:21,524935744,705826256,1220723808,698138008,782033256,889157960,3113877504,3113877504,3221225472,3113877504,3113877504,3221225472
2026-02-20 15:20:51,766494392,361124136,1667417184,302872168,386939928,1333754184,3113877504,3113877504,3221225472,3113877504,3113877504,3221225472
2026-02-20 15:21:21,632634456,48348272,1714906592,467696128,901266840,732850912,3113877504,3113877504,3221225472,3113877504,3113877504,3221225472
2026-02-20 15:21:51,426524528,421973352,1568185440,428132616,353286856,798940856,3113877504,3113877504,3221225472,3113877504,3113877504,3221225472
2026-02-20 15:22:21,363863720,136796080,800364432,698052240,882566392,215142232,3113877504,3113877504,3221225472,3113877504,3113877504,3221225472
2026-02-20 15:22:51,751230120,472045672,837684224,798487096,306578328,1324535640,3113877504,3113877504,3221225472,3113877504,3113877504,3221225472
2026-02-20 15:23:21,523476136,184986760,1770531104,882759944,830205528,1592389728,3113877504,3113877504,3221225472,3113877504,3113877504,3221225472
2026-02-20 15:23:51,510478992,897912992,1675490096,400829904,53684344,1194690704,3113877504,3113877504,3221225472,3113877504,3113877504,3221225472
2026-02-20 15:24:21,125036832,124383256,972498944,791393960,615089816,636976248,3113877504,3113877504,3221225472,3113877504,3113877504,3221225472
2026-02-20 15:24:51,890460984,225365872,530616328,516148552,154242600,747155640,3113877504,3113877504,3221225472,3113877504,3113877504,3221225472
2026-02-20 15:25:21,91506360,105361728,1820851560,174267672,287905496,647845920,3113877504,3113877504,3221225472,3113877504,3113877504,3221225472
2026-02-20 15:25:51,123516992,620543728,336698280,634742944,749242272,1090344992,3113877504,3113877504,3221225472,3113877504,3113877504,3221225472
2026-02-20 15:26:21,357348544,168825928,474522592,837911328,416468240,1566398496,3113877504,3113877504,3221225472,3113877504,3113877504,3221225472
2026-02-20 15:26:51,139922672,142532632,538467392,243333424,69761072,1615531176,3113877504,3113877504,3221225472,3113877504,3113877504,3221225472
2026-02-20 15:27:21,164682552,401174952,1587043392,376659416,522424040,104958576,3113877504,3113877504,3221225472,3113877504,3113877504,3221225472
2026-02-20 15:27:51,526978824,628039280,1806179120,124998864,428935352,1284070232,3113877504,3113877504,3221225472,3113877504,3113877504,3221225472
2026-02-20 15:28:21,903179248,866318376,1731934464,617551704,446836032,1230264160,3113877504,3113877504,3221225472,3113877504,3113877504,3221225472
2026-02-20 15:28:51,234091856,763629824,876555192,860753040,857070768,1389668296,3113877504,3113877504,3221225472,3113877504,3113877504,3221225472
2026-02-20 15:29:21,316609032,464614920,1737374704,164487960,501002216,536901536,3113877504,3113877504,3221225472,3113877504,3113877504,3221225472
2026-02-20 15:29:51,290041080,199365920,215679488,251371072,744092344,1614837664,3113877504,3113877504,3221225472,3113877504,3113877504,3221225472
2026-02-20 15:30:21,405751968,764349608,906422272,180086536,111498568,1597727216,3113877504,3113877504,3221225472,3113877504,3113877504,3221225472
2026-02-20 15:30:51,491451056,281976384,1308202736,824906224,159340240,304392248,3113877504,3113877504,3221225472,3113877504,3113877504,3221225472
2026-02-20 15:31:21,845256648,414316672,802764400,565041952,261719504,87957728,3113877504,3113877504,3221225472,3113877504,3113877504,3221225472
2026-02-20 15:31:51,828187976,730867512,1954100848,90979608,439419672,1100882144,3113877504,3113877504,3221225472,3113877504,3113877504,3221225472
2026-02-20 15:32:21,226874688,538660336,1172310976,588997992,593380632,990613968,3113877504,3113877504,3221225472,3113877504,3113877504,3221225472
2026-02-20 15:32:51,604937560,303644160,640104624,241244560,679205304,1904972240,3113877504,3113877504,3221225472,3113877504,3113877504,3221225472
2026-02-20 15:33:21,773040192,634456312,665473184,437266080,387498088,1319980600,3113877504,3113877504,3221225472,3113877504,3113877504,3221225472
2026-02-20 15:33:51,312621688,343712488,1160401056,87983536,905234504,1814908472,3113877504,3113877504,3221225472,3113877504,3113877504,3221225472
2026-02-20 15:34:21,748566472,460641392,151843960,139377128,800433912,607383936,3113877504,3113877504,3221225472,3113877504,3113877504,3221225472
2026-02-20 15:34:51,564618368,906930744,558691448,549909072,186867960,819196288,3113877504,3113877504,3221225472,3113877504,3113877504,3221225472
2026-02-20 15:35:21,494048760,682678352,157905216,257230704,696220728,203145016,3113877504,3113877504,3221225472,3113877504,3113877504,3221225472
2026-02-20 15:35:51,874854368,509992808,759787840,862671192,273325616,612089656,3113877504,3113877504,3221225472,3113877504,3113877504,3221225472
2026-02-20 15:36:21,762359192,643883808,410189216,81545536,415060016,1585168184,3113877504,3113877504,3221225472,3113877504,3113877504,3221225472
2026-02-20 15:36:51,600920920,500179552,535909272,185701280,624712488,1820154080,3113877504,3113877504,3221225472,3113877504,3113877504,3221225472
2026-02-20 15:37:21,334474984,197787080,749925672,474196504,111230128,882726264,3113877504,3113877504,3221225472,3113877504,3113877504,3221225472
2026-02-20 15:37:51,680592000,422759800,1553147016,653587368,299572912,427646144,3113877504,3113877504,3221225472,3113877504,3113877504,3221225472
2026-02-20 15:38:21,468032952,887873952,1335025344,244757160,778023648,905796800,3113877504,3113877504,3221225472,3113877504,3113877504,3221225472
2026-02-20 15:38:51,831746040,245864080,208902672,411172552,124054144,450733608,3113877504,3113877504,3221225472,3113877504,3113877504,3221225472
2026-02-20 15:39:21,669626152,596823560,1156847720,712918976,528285336,1486723640,3113877504,3113877504,3221225472,3113877504,3113877504,3221225472
2026-02-20 15:39:51,74326536,843897640,708055960,77237640,717085840,1037972640,3113877504,3113877504,3221225472,3113877504,3113877504,3221225472
2026-02-20 15:40:21,654238680,463799832,1144263576,548983304,331139272,1455305888,3113877504,3113877504,3221225472,3113877504,3113877504,3221225472
2026-02-20 15:40:51,875941576,748064784,1360270232,779546152,560340136,1669215392,3113877504,3113877504,3221225472,3113877504,3113877504,3221225472
2026-02-20 15:41:21,249967216,257708816,578589984,452106928,339130896,1837079328,3113877504,3113877504,3221225472,3113877504,3113877504,3221225472
2026-02-20 15:41:51,560759336,450021376,1845279184,405720832,422836064,427977336,3113877504,3113877504,3221225472,3113877504,3113877504,3221225472
2026-02-20 15:42:21,318638992,51477840,1604123456,796560360,896297224,845310584,3113877504,3113877504,3221225472,3113877504,3113877504,3221225472
2026-02-20 15:42:51,824713312,257899816,467550600,123877960,242753440,402814160,3113877504,3113877504,3221225472,3113877504,3113877504,3221225472
2026-02-20 15:43:21,298135400,715225760,226282088,416563824,703524712,836924624,3113877504,3113877504,3221225472,3113877504,3113877504,3221225472
2026-02-20 15:43:51,827616864,809855512,914304264,593866056,843358656,962814760,3113877504,3113877504,3221225472,3113877504,3113877504,3221225472
2026-02-20 15:44:21,721038832,287445296,1130389136,855743376,352335336,1279502168,3113877504,3113877504,3221225472,3113877504,3113877504,3221225472
2026-02-20 15:44:51,244270376,500330008,1918908664,161327984,575825936,824469856,3113877504,3113877504,3221225472,3113877504,3113877504,3221225472
2026-02-20 15:45:21,100638648,80830048,973142144,583422056,118385368,562336312,3113877504,3113877504,3221225472,3113877504,3113877504,3221225472
2026-02-20 15:45:51,495032680,342887192,1187051648,814318240,349007408,776245816,3113877504,3113877504,3221225472,3113877504,3113877504,3221225472
2026-02-20 15:46:21,891841232,777593448,289727512,350983832,80428920,1963454296,3113877504,3113877504,3221225472,3113877504,3113877504,3221225472
2026-02-20 15:46:51,472472248,295762560,514122776,593534712,322376808,260681264,3113877504,3113877504,3221225472,3113877504,3113877504,3221225472
2026-02-20 15:47:21,558008160,134072720,1672065672,420759688,478602408,1076419792,3113877504,3113877504,3221225472,3113877504,3113877504,3221225472
2026-02-20 15:47:51,119850008,306250064,497539824,549228536,672830272,608779064,3113877504,3113877504,3221225472,3113877504,3113877504,3221225472
2026-02-20 15:48:21,299216592,318927336,1105801144,502343408,883527600,191536704,3113877504,3113877504,3221225472,3113877504,3113877504,3221225472
2026-02-20 15:48:51,827748848,571394296,629778872,684520696,220259816,1644891544,3113877504,3113877504,3221225472,3113877504,3113877504,3221225472
2026-02-20 15:49:21,189156944,165262648,344637808,260895600,589295920,1357641520,3113877504,3113877504,3221225472,3113877504,3113877504,3221225472
2026-02-20 15:49:51,809588272,449988752,558547312,491530296,820393096,1569453872,3113877504,3113877504,3221225472,3113877504,3113877504,3221225472
2026-02-20 15:50:21,809933592,76556592,994754928,76541024,395874200,72201120,3113877504,3113877504,3221225472,3113877504,3113877504,3221225472
2026-02-20 15:50:51,446814288,357388624,1210761584,316955688,640827120,288207776,3113877504,3113877504,3221225472,3113877504,3113877504,3221225472
2026-02-20 15:51:21,589383096,752159312,1592706976,705009200,394010248,231662736,3113877504,3113877504,3221225472,3113877504,3113877504,3221225472
2026-02-20 15:51:51,486269344,700760576,1479484920,597969952,402993208,881821200,3113877504,3113877504,3221225472,3113877504,3113877504,3221225472
2026-02-20 15:52:21,821092792,279060280,1674742496,171477808,424765896,254876384,3113877504,3113877504,3221225472,3113877504,3113877504,3221225472
2026-02-20 15:52:51,782698208,823009008,489975960,832587088,458359096,928139856,3113877504,3113877504,3221225472,3113877504,3113877504,3221225472
2026-02-20 15:53:21,295881864,690345536,1758895720,491663488,604495720,1064532928,3113877504,3113877504,3221225472,3113877504,3113877504,3221225472
2026-02-20 15:53:51,434477776,817005856,523684792,559034968,657395872,1760860960,3113877504,3113877504,3221225472,3113877504,3113877504,3221225472
2026-02-20 15:54:21,475522536,368893576,204989520,907361856,133707920,1431641456,3113877504,3113877504,3221225472,3113877504,3113877504,3221225472
2026-02-20 15:54:51,199642952,658716024,420996176,307796584,364656912,1645550960,3113877504,3113877504,3221225472,3113877504,3113877504,3221225472
2026-02-20 15:55:21,186260528,303555496,859300944,757423856,819102032,156589936,3113877504,3113877504,3221225472,3113877504,3113877504,3221225472
2026-02-20 15:55:51,397511280,396293824,1538876792,859942792,63496112,848724504,3113877504,3113877504,3221225472,3113877504,3113877504,3221225472
2026-02-20 15:56:21,451259712,746688272,614300288,370295824,672562432,743899480,3113877504,3113877504,3221225472,3113877504,3113877504,3221225472
2026-02-20 15:56:51,616614416,831316064,415247296,411702640,314147216,370877744,3113877504,3113877504,3221225472,3113877504,3113877504,3221225472
2026-02-20 15:57:21,864064776,691323848,1116101720,249508976,684120704,517966488,3113877504,3113877504,3221225472,3113877504,3113877504,3221225472
2026-02-20 15:57:51,101413400,325290368,686274800,700154536,499563792,966846944,3113877504,3113877504,3221225472,3113877504,3113877504,3221225472
2026-02-20 15:58:21,490429520,333238920,1701469168,65748000,309095464,337813472,3113877504,3113877504,3221225472,3113877504,3113877504,3221225472
2026-02-20 15:58:51,700865080,281488056,306986760,562324016,386306568,228866288,3113877504,3113877504,3221225472,3113877504,3113877504,3221225472
2026-02-20 15:59:21,685736992,180471096,149867536,443395416,479729648,916842000,3113877504,3113877504,3221225472,3113877504,3113877504,3221225472
2026-02-20 15:59:51,574628976,464105056,361679888,673914056,709846360,1128654352,3113877504,3113877504,3221225472,3113877504,3113877504,3221225472
2026-02-20 16:00:21,148979016,77354208,783207440,274573264,323347992,1541793296,3113877504,3113877504,3221225472,3113877504,3113877504,3221225472
2026-02-20 16:00:51,369965728,185350432,168837560,324336216,370132536,931562784,3113877504,3113877504,3221225472,3113877504,3113877504,3221225472
2026-02-20 16:01:21,72312512,684134584,1685357832,769962744,814055080,701108360,3113877504,3113877504,3221225472,3113877504,3113877504,3221225472
2026-02-20 16:01:51,845257296,708120904,821370040,798707568,379906816,910930616,3113877504,3113877504,3221225472,3113877504,3113877504,3221225472
2026-02-20 16:02:21,378144880,767421320,185928048,812187616,806514056,1311486648,3113877504,3113877504,3221225472,3113877504,3113877504,3221225472
2026-02-20 16:02:51,253489456,501332120,399837552,644104720,181014288,1523299000,3113877504,3113877504,3221225472,3113877504,3113877504,3221225472
2026-02-20 16:03:21,674713368,534565864,647959240,470818480,187311584,1970258568,3113877504,3113877504,3221225472,3113877504,3113877504,3221225472
2026-02-20 16:03:51,168348280,208720880,692356960,143023328,663759864,294823440,3113877504,3113877504,3221225472,3113877504,3113877504,3221225472
2026-02-20 16:04:21,170515800,836106632,526645344,173812856,696637424,1578343784,3113877504,3113877504,3221225472,3113877504,3113877504,3221225472
2026-02-20 16:04:51,270954488,180678392,715687448,889942760,92377832,91788064,3113877504,3113877504,3221225472,3113877504,3113877504,3221225472
2026-02-20 16:05:21,109901552,570592256,1957569616,344437136,847238376,832287400,3113877504,3113877504,3221225472,3113877504,3113877504,3221225472
2026-02-20 16:05:51,295893312,191376536,1949371360,790029256,408081112,1033706776,3113877504,3113877504,3221225472,3113877504,3113877504,3221225472
2026-02-20 16:06:21,809316600,267404528,1093931144,811946224,849528384,1243620848,3113877504,3113877504,3221225472,3113877504,3113877504,3221225472
2026-02-20 16:06:51,185311536,603375808,1356075144,254957792,287552696,1505764848,3113877504,3113877504,3221225472,3113877504,3113877504,3221225472
2026-02-20 16:07:21,837203400,408791368,70967808,883655456,883195648,144975480,3113877504,3113877504,3221225472,3113877504,3113877504,3221225472
2026-02-20 16:07:51,705833280,209635600,528146944,639708864,384606096,482616952,3113877504,3113877504,3221225472,3113877504,3113877504,3221225472
2026-02-20 16:08:21,215564520,202012520,129965288,564322616,72872904,1629703488,3113877504,3113877504,3221225472,3113877504,3113877504,3221225472
2026-02-20 16:08:51,867678176,887696528,746527976,341383312,533333336,136699872,3113877504,3113877504,3221225472,3113877504,3113877504,3221225472
2026-02-20 16:09:21,847193656,762715352,1409228008,167115728,279460832,707125216,3113877504,3113877504,3221225472,3113877504,3113877504,3221225472
2026-02-20 16:09:51,392039896,339848144,1772035304,557715048,605020232,1009115104,3113877504,3113877504,3221225472,3113877504,3113877504,3221225472
2026-02-20 16:10:21,467665848,278894840,582238208,453718816,326086512,1564860384,3113877504,3113877504,3221225472,3113877504,3113877504,3221225472
2026-02-20 16:10:51,445977568,195889112,1274298368,315837544,792570008,101652352,3113877504,3113877504,3221225472,3113877504,3113877504,3221225472
2026-02-20 16:11:21,554348856,238155008,195070944,308233248,577457544,697243520,3113877504,3113877504,3221225472,3113877504,3113877504,3221225472
2026-02-20 16:11:51,653073048,137813296,880839648,154171952,305190944,1257183104,3113877504,3113877504,3221225472,3113877504,3113877504,3221225472
2026-02-20 16:12:21,309417736,667626872,154756592,552789736,311702616,143492400,3113877504,3113877504,3221225472,3113877504,3113877504,3221225472
2026-02-20 16:12:51,298939264,418120048,851011056,415267504,776795992,592282928,3113877504,3113877504,3221225472,3113877504,3113877504,3221225472
2026-02-20 16:13:21,392188168,289017536,1503225328,204184728,500095952,1156416816,3113877504,3113877504,3221225472,3113877504,3113877504,3221225472
2026-02-20 16:13:51,815072248,757828408,1899587056,626497856,912247624,1552778544,3113877504,3113877504,3221225472,3113877504,3113877504,3221225472
2026-02-20 16:14:21,597311952,593606248,569062720,372753512,517272928,1972208944,3113877504,3113877504,3221225472,3113877504,3113877504,3221225472
2026-02-20 16:14:51,324797248,181301832,936064320,767597600,824073248,336284832,3113877504,3113877504,3221225472,3113877504,3113877504,3221225472
2026-02-20 16:15:21,607769336,239828056,1762342208,756761072,581233440,896224416,3113877504,3113877504,3221225472,3113877504,3113877504,3221225472
2026-02-20 16:15:51,441719024,826752904,355260640,436809464,105776888,1263226016,3113877504,3113877504,3221225472,3113877504,3113877504,3221225472
2026-02-20 16:16:21,524993584,883443872,1200412896,416712632,729464376,1850428576,3113877504,3113877504,3221225472,3113877504,3113877504,3221225472
2026-02-20 16:16:51,837213424,688730848,1779226848,165662008,300534784,328167248,3113877504,3113877504,3221225472,3113877504,3113877504,3221225472
2026-02-20 16:17:21,545061000,120675496,957091848,437058824,302327360,1125085008,3113877504,3113877504,3221225472,3113877504,3113877504,3221225472
2026-02-20 16:17:51,494444208,564658896,1342967816,844701888,626434000,1424977744,3113877504,3113877504,3221225472,3113877504,3113877504,3221225472
2026-02-20 16:18:21,768716544,839698408,518683064,242656472,499075752,212632632,3113877504,3113877504,3221225472,3113877504,3113877504,3221225472
2026-02-20 16:18:51,904893768,655623256,1116371384,860458688,834868088,529302584,3113877504,3113877504,3221225472,3113877504,3113877504,3221225472
2026-02-20 16:19:21,536738768,858854992,147459896,138352568,798194960,1332511800,3113877504,3113877504,3221225472,3113877504,3113877504,3221225472
2026-02-20 16:19:51,229200440,528801800,604639032,611644960,323127808,1695319096,3113877504,3113877504,3221225472,3113877504,3113877504,3221225472
2026-02-20 16:20:21,454153400,654713912,1527385912,684048496,120218968,389044992,3113877504,3113877504,3221225472,3113877504,3113877504,3221225472
2026-02-20 16:20:51,621502624,714357760,450146800,689362712,705080800,957373184,3113877504,3113877504,3221225472,3113877504,3113877504,3221225472
2026-02-20 16:21:21,335659456,434266536,968143344,363735976,278837800,1372609280,3113877504,3113877504,3221225472,3113877504,3113877504,3221225472
2026-02-20 16:21:51,615372264,252844632,491699040,126873768,384641328,391253600,3113877504,3113877504,3221225472,3113877504,3113877504,3221225472
2026-02-20 16:22:21,844427200,514157856,1531886432,303675744,268707024,1089605216,3113877504,3113877504,3221225472,3113877504,3113877504,3221225472
2026-02-20 16:22:51,806807672,797964624,1741601632,534855328,500131056,1301417568,3113877504,3113877504,3221225472,3113877504,3113877504,3221225472
2026-02-20 16:23:21,563577544,363614608,1076945920,85623616,503994192,185979488,3113877504,3113877504,3221225472,3113877504,3113877504,3221225472
2026-02-20 16:23:51,345609000,691997232,290707288,393480648,423715552,943051360,3113877504,3113877504,3221225472,3113877504,3113877504,3221225472
2026-02-20 16:24:21,244255904,898602016,1228134232,535673032,315295288,1656083040,3113877504,3113877504,3221225472,3113877504,3113877504,3221225472
2026-02-20 16:24:51,122996152,485877264,567529824,94330528,301776864,557558272,3113877504,3113877504,3221225472,3113877504,3113877504,3221225472
2026-02-20 16:25:21,497149968,680168288,477865104,256733576,642993856,1727769088,3113877504,3113877504,3221225472,3113877504,3113877504,3221225472
2026-02-20 16:25:51,557995064,680481992,1237034128,173789416,356305848,341909280,3113877504,3113877504,3221225472,3113877504,3113877504,3221225472
2026-02-20 16:26:21,195512496,896585232,374752768,374627472,225434312,1046552352,3113877504,3113877504,3221225472,3113877504,3113877504,3221225472
2026-02-20 16:26:51,554546072,791177960,1056327168,222418288,821659600,1619074848,3113877504,3113877504,3221225472,3113877504,3113877504,3221225472
2026-02-20 16:27:21,839748480,88923200,1916159488,412225992,589660880,268630784,3113877504,3113877504,3221225472,3113877504,3113877504,3221225472
2026-02-20 16:27:51,346884576,559429608,492482848,748754424,134079072,646118144,3113877504,3113877504,3221225472,3113877504,3113877504,3221225472
2026-02-20 16:28:21,475319512,624530024,1356509472,748496536,781204152,1248000768,3113877504,3113877504,3221225472,3113877504,3113877504,3221225472
2026-02-20 16:28:51,69998552,329760576,1857728800,417628640,322441472,1625488128,3113877504,3113877504,3221225472,3113877504,3113877504,3221225472
2026-02-20 16:29:21,352073416,350256840,780085200,426179752,88712744,272853632,3113877504,3113877504,3221225472,3113877504,3113877504,3221225472
2026-02-20 16:29:51,122805000,62469776,1281304528,87795320,486583712,650340992,3113877504,3113877504,3221225472,3113877504,3113877504,3221225472
2026-02-20 16:30:21,636331960,430253264,507651808,411710032,422558096,1432578688,3113877504,3113877504,3221225472,3113877504,3113877504,3221225472
2026-02-20 16:30:51,748642648,145068392,1008871136,81594968,822200160,1810066048,3113877504,3113877504,3221225472,3113877504,3113877504,3221225472
2026-02-20 16:31:21,144652192,887314672,618909568,792651472,186893144,952443776,3113877504,3113877504,3221225472,3113877504,3113877504,3221225472
2026-02-20 16:31:51,533635464,649539848,84630240,481675560,370161312,1969562496,3113877504,3113877504,3221225472,3113877504,3113877504,3221225472
2026-02-20 16:32:21,170471096,401830336,648764128,187182432,837335008,464395360,3113877504,3113877504,3221225472,3113877504,3113877504,3221225472
2026-02-20 16:32:51,614966120,194584752,158288832,783476264,72704376,1387142240,3113877504,3113877504,3221225472,3113877504,3113877504,3221225472
2026-02-20 16:33:21,385833904,449591328,137786360,136696936,509878888,735134848,3113877504,3113877504,3221225472,3113877504,3113877504,3221225472
2026-02-20 16:33:51,439641008,702138168,1171682296,341538048,448041672,1513178240,3113877504,3113877504,3221225472,3113877504,3113877504,3221225472
2026-02-20 16:34:21,74892008,816056560,163105704,411156040,264682136,219995728,3113877504,3113877504,3221225472,3113877504,3113877504,3221225472
2026-02-20 16:34:51,289415448,524112712,1540934568,98170912,424008752,1216142928,3113877504,3113877504,3221225472,3113877504,3113877504,3221225472
2026-02-20 16:35:21,389265608,802775456,652297728,287548248,355655800,63174272,3113877504,3113877504,3221225472,3113877504,3113877504,3221225472
2026-02-20 16:35:51,920462928,302436528,663051264,533446648,888732168,1424225920,3113877504,3113877504,3221225472,3113877504,3113877504,3221225472
2026-02-20 16:36:21,600018144,485294064,1594186752,620347104,707335464,147563600,3113877504,3113877504,3221225472,3113877504,3113877504,3221225472
2026-02-20 16:36:51,96964680,861593744,828846080,87422424,649104184,925606992,3113877504,3113877504,3221225472,3113877504,3113877504,3221225472
2026-02-20 16:37:21,200986296,830874632,1588015104,868587888,367844160,1475060816,3113877504,3113877504,3221225472,3113877504,3113877504,3221225472
2026-02-20 16:37:51,325403048,215906208,691790608,201906048,252396136,279320872,3113877504,3113877504,3221225472,3113877504,3113877504,3221225472
2026-02-20 16:38:21,496730064,297708144,1564205840,239833120,905055520,885397800,3113877504,3113877504,3221225472,3113877504,3113877504,3221225472
2026-02-20 16:38:51,168229104,765267616,1958470416,656143840,396308032,1216747816,3113877504,3113877504,3221225472,3113877504,3113877504,3221225472
2026-02-20 16:39:21,255163792,703399448,759964160,563906400,98884040,1736841512,3113877504,3113877504,3221225472,3113877504,3113877504,3221225472
2026-02-20 16:39:51,660532296,205340864,1053565440,877491152,411299544,101860984,3113877504,3113877504,3221225472,3113877504,3113877504,3221225472
2026-02-20 16:40:21,817706040,304322912,1974215168,97695016,257288608,764561016,3113877504,3113877504,3221225472,3113877504,3113877504,3221225472
2026-02-20 16:40:51,394335960,733410576,414080512,481543488,587774168,1070745208,3113877504,3113877504,3221225472,3113877504,3113877504,3221225472
2026-02-20 16:41:21,441241568,667605768,1133403648,352541168,294197136,1618101880,3113877504,3113877504,3221225472,3113877504,3113877504,3221225472
2026-02-20 16:41:51,924658512,214919160,1471045120,706760704,593049488,1894925944,3113877504,3113877504,3221225472,3113877504,3113877504,3221225472
2026-02-20 16:42:21,281470112,245258056,327679584,656897656,352828352,570056208,3113877504,3113877504,3221225472,3113877504,3113877504,3221225472
2026-02-20 16:42:51,711285992,820095184,849870432,336237080,817990736,1027235344,3113877504,3113877504,3221225472,3113877504,3113877504,3221225472
2026-02-20 16:43:21,849414832,797365312,1609039456,239607608,587106624,1585077776,3113877504,3113877504,3221225472,3113877504,3113877504,3221225472
2026-02-20 16:43:51,809112064,632201968,154366464,879603144,74373168,1914330640,3113877504,3113877504,3221225472,3113877504,3113877504,3221225472
2026-02-20 16:44:21,746903936,325708088,829649408,544928304,596292328,503059136,3113877504,3113877504,3221225472,3113877504,3113877504,3221225472
2026-02-20 16:44:51,543418200,764790696,1198748160,69535592,904977168,794563264,3113877504,3113877504,3221225472,3113877504,3113877504,3221225472
2026-02-20 16:45:21,728045704,830878936,102464008,908347472,667237568,1398543040,3113877504,3113877504,3221225472,3113877504,3113877504,3221225472
2026-02-20 16:45:51,864065576,70919456,1033599496,147730736,458520792,100180248,3113877504,3113877504,3221225472,3113877504,3113877504,3221225472
2026-02-20 16:46:21,102750352,103078048,1878751752,114383104,224491992,681091352,3113877504,3113877504,3221225472,3113877504,3113877504,3221225472
2026-02-20 16:46:51,745521248,543863312,324038368,503194000,535239080,972595480,3113877504,3113877504,3221225472,3113877504,3113877504,3221225472
2026-02-20 16:47:21,401913120,606818248,1144024800,518979496,373797400,1624809752,3113877504,3113877504,3221225472,3113877504,3113877504,3221225472
2026-02-20 16:47:51,391653416,527196776,1850765024,373592920,911075704,220361856,3113877504,3113877504,3221225472,3113877504,3113877504,3221225472
2026-02-20 16:48:21,835343608,624954392,847321672,450698416,702200016,836924544,3113877504,3113877504,3221225472,3113877504,3113877504,3221225472
2026-02-20 16:48:51,136852808,246531448,1256266312,886540408,180183680,1151497344,3113877504,3113877504,3221225472,3113877504,3113877504,3221225472
2026-02-20 16:49:21,567535360,395989008,274168224,116691336,868226296,1791128704,3113877504,3113877504,3221225472,3113877504,3113877504,3221225472
2026-02-20 16:49:51,315599312,881517472,683112864,546930672,343260672,179902976,3113877504,3113877504,3221225472,3113877504,3113877504,3221225472
2026-02-20 16:50:21,552878864,825485656,1394047392,416777280,883883432,691608064,3113877504,3113877504,3221225472,3113877504,3113877504,3221225472
2026-02-20 16:50:51,158095584,238001056,1605859744,643218144,256676320,903420416,3113877504,3113877504,3221225472,3113877504,3113877504,3221225472
2026-02-20 16:51:21,322194880,120266752,414773792,492921008,810804352,1427708416,3113877504,3113877504,3221225472,3113877504,3113877504,3221225472
2026-02-20 16:51:51,579877888,285658880,1251537440,609398648,642171888,146510504,3113877504,3113877504,3221225472,3113877504,3113877504,3221225472
2026-02-20 16:52:21,216157912,220156856,129444040,510562072,437994744,737907368,3113877504,3113877504,3221225472,3113877504,3113877504,3221225472
2026-02-20 16:52:51,669697200,449549192,1194797256,694471048,252766608,1406898856,3113877504,3113877504,3221225472,3113877504,3113877504,3221225472
2026-02-20 16:53:21,506146336,762622888,388182552,87264400,126954592,174025216,3113877504,3113877504,3221225472,3113877504,3113877504,3221225472
2026-02-20 16:53:51,543561184,636290544,1044591128,760210368,594309800,620718592,3113877504,3113877504,3221225472,3113877504,3113877504,3221225472
2026-02-20 16:54:21,336346632,118347056,278785264,227904616,604093896,1442802176,3113877504,3113877504,3221225472,3113877504,3113877504,3221225472
2026-02-20 16:54:51,585938160,889843800,972942576,90721744,236330808,1916758528,3113877504,3113877504,3221225472,3113877504,3113877504,3221225472
2026-02-20 16:55:21,295125624,300124320,119439376,272544960,140054152,687901136,3113877504,3113877504,3221225472,3113877504,3113877504,3221225472
2026-02-20 16:55:51,234034488,820531112,572424208,746702448,503604056,1029736912,3113877504,3113877504,3221225472,3113877504,3113877504,3221225472
2026-02-20 16:56:21,354133704,298489304,1696497680,178782448,444629072,1805683152,3113877504,3113877504,3221225472,3113877504,3113877504,3221225472
2026-02-20 16:56:51,605942992,164408456,474303968,908578464,91525096,367369152,3113877504,3113877504,3221225472,3113877504,3113877504,3221225472
2026-02-20 16:57:21,501720304,346411320,1480936928,181798064,877954096,1137023936,3113877504,3113877504,3221225472,3113877504,3113877504,3221225472
2026-02-20 16:57:51,927751752,283229440,241385472,889667432,484876768,1577425856,3113877504,3113877504,3221225472,3113877504,3113877504,3221225472
2026-02-20 16:58:21,451354840,86007128,828588032,629554120,134575400,120197264,3113877504,3113877504,3221225472,3113877504,3113877504,3221225472
2026-02-20 16:58:51,416966096,85899136,1619214336,588109904,696499560,665456784,3113877504,3113877504,3221225472,3113877504,3113877504,3221225472
2026-02-20 16:59:21,252596168,531584128,923488864,145249416,731564320,1523191952,3113877504,3113877504,3221225472,3113877504,3113877504,3221225472
2026-02-20 16:59:51,378305464,249571752,1424708192,665635032,272218120,1900679312,3113877504,3113877504,3221225472,3113877504,3113877504,3221225472
2026-02-20 17:00:21,927730328,873905976,877465456,343646344,312481616,871028640,3113877504,3113877504,3221225472,3113877504,3113877504,3221225472
2026-02-20 17:00:51,426973592,600633064,346964944,898141776,448649688,1839912864,3113877504,3113877504,3221225472,3113877504,3113877504,3221225472
2026-02-20 17:01:21,274265288,662522576,1171145680,895709664,180907152,481026648,3113877504,3113877504,3221225472,3113877504,3113877504,3221225472
2026-02-20 17:01:51,896494968,654514440,1982743504,873370872,765919680,1049354840,3113877504,3113877504,3221225472,3113877504,3113877504,3221225472
2026-02-20 17:02:21,585443320,266495992,1366544568,477793048,864551520,1970004568,3113877504,3113877504,3221225472,3113877504,3113877504,3221225472
2026-02-20 17:02:51,190045520,546526760,1578356920,711312392,238567168,257380704,3113877504,3113877504,3221225472,3113877504,3113877504,3221225472
2026-02-20 17:03:21,194674256,640579576,1352218752,773982248,513097680,1356288352,3113877504,3113877504,3221225472,3113877504,3113877504,3221225472
2026-02-20 17:03:51,361820976,420722392,1910061184,494366520,108321904,1786204512,3113877504,3113877504,3221225472,3113877504,3113877504,3221225472
2026-02-20 17:04:21,685782608,499481864,863764512,547086312,752955928,486313664,3113877504,3113877504,3221225472,3113877504,3113877504,3221225472
2026-02-20 17:04:51,792190672,575990024,1723596832,569227296,532545472,1109167808,3113877504,3113877504,3221225472,3113877504,3113877504,3221225472
2026-02-20 17:05:21,385304560,73770864,901658496,844476328,593864904,1933348544,3113877504,3113877504,3221225472,3113877504,3113877504,3221225472
2026-02-20 17:05:51,694200656,710166232,1497249664,565867968,196868384,478397496,3113877504,3113877504,3221225472,3113877504,3113877504,3221225472
2026-02-20 17:06:21,188728888,144897976,650469088,812744104,117619360,1241760824,3113877504,3113877504,3221225472,3113877504,3113877504,3221225472
2026-02-20 17:06:51,914756272,806696128,1210408672,581813800,618270576,1671676984,3113877504,3113877504,3221225472,3113877504,3113877504,3221225472
2026-02-20 17:07:21,877724288,311794632,522743072,916145040,678003552,681981560,3113877504,3113877504,3221225472,3113877504,3113877504,3221225472
2026-02-20 17:07:51,123402104,343263688,1332243744,894803584,459730560,1296447096,3113877504,3113877504,3221225472,3113877504,3113877504,3221225472
2026-02-20 17:08:21,765961048,228383704,103852288,723484920,262790664,1944467064,3113877504,3113877504,3221225472,3113877504,3113877504,3221225472
2026-02-20 17:08:51,458243936,757382128,565225728,347608864,622691592,355354480,3113877504,3113877504,3221225472,3113877504,3113877504,3221225472
2026-02-20 17:09:21,427836552,594910976,1206954240,117323776,303123104,846088048,3113877504,3113877504,3221225472,3113877504,3113877504,3221225472
2026-02-20 17:09:51,79316384,151097704,1429252352,467972256,593797264,1070483312,3113877504,3113877504,3221225472,3113877504,3113877504,3221225472
2026-02-20 17:10:21,322223248,252953416,500114176,489544608,406971984,1726891888,3113877504,3113877504,3221225472,3113877504,3113877504,3221225472
2026-02-20 17:10:51,868203776,786836792,841949952,117882728,755596904,89007704,3113877504,3113877504,3221225472,3113877504,3113877504,3221225472
2026-02-20 17:11:21,175039384,176100304,1909400320,291901784,659119224,806233688,3113877504,3113877504,3221225472,3113877504,3113877504,3221225472
2026-02-20 17:11:51,605719984,707876688,1365906240,756987192,653510840,1655580248,3113877504,3113877504,3221225472,3113877504,3113877504,3221225472
2026-02-20 17:12:21,250076992,288795288,705494336,326895400,680157224,559174144,3113877504,3113877504,3221225472,3113877504,3113877504,3221225472
2026-02-20 17:12:51,863620208,730217536,1108147520,749449160,184677208,901009920,3113877504,3113877504,3221225472,3113877504,3113877504,3221225472
2026-02-20 17:13:21,326623080,323674552,410255600,285546632,227453680,1783910912,3113877504,3113877504,3221225472,3113877504,3113877504,3221225472
2026-02-20 17:13:51,887385392,723268488,743702768,634126480,521432104,129727808,3113877504,3113877504,3221225472,3113877504,3113877504,3221225472
2026-02-20 17:14:21,779030064,450747536,1274282224,276571392,130502528,589004096,3113877504,3113877504,3221225472,3113877504,3113877504,3221225472
2026-02-20 17:14:51,639015880,169883840,1781793008,805447312,503775960,941325632,3113877504,3113877504,3221225472,3113877504,3113877504,3221225472
2026-02-20 17:15:21,669503128,903510152,544416928,614757160,169793712,1457225024,3113877504,3113877504,3221225472,3113877504,3113877504,3221225472
2026-02-20 17:15:51,427612576,496637872,919807136,150937464,485695320,1755020608,3113877504,3113877504,3221225472,3113877504,3113877504,3221225472
2026-02-20 17:16:21,260141808,199229376,1433609376,647179800,94962096,246423456,3113877504,3113877504,3221225472,3113877504,3113877504,3221225472
2026-02-20 17:16:51,131299584,797452936,1959994528,336505312,491493368,619716512,3113877504,3113877504,3221225472,3113877504,3113877504,3221225472
2026-02-20 17:17:21,393304224,264681240,1153441280,620752216,457592736,1408245664,3113877504,3113877504,3221225472,3113877504,3113877504,3221225472
2026-02-20 17:17:51,272948312,646729968,1455431168,98729376,774816600,1710235552,3113877504,3113877504,3221225472,3113877504,3113877504,3221225472
2026-02-20 17:18:21,276550984,600201584,336856432,916005744,585140584,416965120,3113877504,3113877504,3221225472,3113877504,3113877504,3221225472
2026-02-20 17:18:51,199329128,336236016,859047280,607655728,111035880,777675264,3113877504,3113877504,3221225472,3113877504,3113877504,3221225472
2026-02-20 17:19:21,598413680,674855976,1813251440,718546000,760559032,1417306624,3113877504,3113877504,3221225472,3113877504,3113877504,3221225472
2026-02-20 17:19:51,762599672,478445888,624556960,621008704,391584040,1897554432,3113877504,3113877504,3221225472,3113877504,3113877504,3221225472
2026-02-20 17:20:21,670722984,227894040,1127873440,283947288,819791720,380956704,3113877504,3113877504,3221225472,3113877504,3113877504,3221225472
2026-02-20 17:20:51,829330920,884965040,1677327264,867947344,441086008,836038688,3113877504,3113877504,3221225472,3113877504,3113877504,3221225472
2026-02-20 17:21:21,111336632,158232640,683105536,78987104,260324152,1475670048,3113877504,3113877504,3221225472,3113877504,3113877504,3221225472
2026-02-20 17:21:51,824705688,636628864,1092050176,510465536,595574880,1792340000,3113877504,3113877504,3221225472,3113877504,3113877504,3221225472
2026-02-20 17:22:21,256076248,621187392,1855413504,379797512,326738104,423578592,3113877504,3113877504,3221225472,3113877504,3113877504,3221225472
2026-02-20 17:22:51,885863552,671477512,738071424,360868400,111560592,1048529888,3113877504,3113877504,3221225472,3113877504,3113877504,3221225472
2026-02-20 17:23:21,99086104,602963296,1495143296,283958672,690445176,1593789408,3113877504,3113877504,3221225472,3113877504,3113877504,3221225472
2026-02-20 17:23:51,883043224,237132232,1950225280,759484320,200889856,1937722336,3113877504,3113877504,3221225472,3113877504,3113877504,3221225472
2026-02-20 17:24:21,802925240,421318376,1023280920,911604728,867442624,656072248,3113877504,3113877504,3221225472,3113877504,3113877504,3221225472
2026-02-20 17:24:51,221558424,358480192,1740506904,791968000,523171328,1153097272,3113877504,3113877504,3221225472,3113877504,3113877504,3221225472
2026-02-20 17:25:21,352715320,797158368,1052901888,337947328,500674840,1954209336,3113877504,3113877504,3221225472,3113877504,3113877504,3221225472
2026-02-20 17:25:51,745761064,477519536,450799896,832357440,555309208,918495672,3113877504,3113877504,3221225472,3113877504,3113877504,3221225472
2026-02-20 17:26:21,612848776,113730312,1727965464,419279064,539226680,1755259320,3113877504,3113877504,3221225472,3113877504,3113877504,3221225472
2026-02-20 17:26:51,366868720,878542232,499484400,276780648,173826120,306481840,3113877504,3113877504,3221225472,3113877504,3113877504,3221225472
2026-02-20 17:27:21,710742912,254629096,1537574640,449695280,890139880,1009027760,3113877504,3113877504,3221225472,3113877504,3113877504,3221225472
2026-02-20 17:27:51,349553576,146157680,283561248,279016984,617083064,1571064496,3113877504,3113877504,3221225472,3113877504,3113877504,3221225472
2026-02-20 17:28:21,758016312,367567720,1332137248,482140224,483425480,316720336,3113877504,3113877504,3221225472,3113877504,3113877504,3221225472
2026-02-20 17:28:51,756960392,874883504,1780927776,838253904,709140936,530629840,3113877504,3113877504,3221225472,3113877504,3113877504,3221225472
2026-02-20 17:29:21,312474432,110633144,1411885816,792794600,191545832,1707132112,3113877504,3113877504,3221225472,3113877504,3113877504,3221225472
2026-02-20 17:29:51,291228712,794902808,1196381200,807129208,456879976,881716376,3113877504,3113877504,3221225472,3113877504,3113877504,3221225472
2026-02-20 17:30:21,137615464,584172784,701441904,517097800,556019760,1802366104,3113877504,3113877504,3221225472,3113877504,3113877504,3221225472
2026-02-20 17:30:51,652496952,885941184,1756309360,763051656,408448296,565379344,3113877504,3113877504,3221225472,3113877504,3113877504,3221225472
2026-02-20 17:31:21,873303520,397258144,1049697248,211411904,419490128,1406337296,3113877504,3113877504,3221225472,3113877504,3113877504,3221225472
2026-02-20 17:31:51,290047392,112309336,1550916576,735140912,819022912,1783824656,3113877504,3113877504,3221225472,3113877504,3113877504,3221225472
2026-02-20 17:32:21,149031600,171583824,481907392,740376608,587696976,443643648,3113877504,3113877504,3221225472,3113877504,3113877504,3221225472
2026-02-20 17:32:51,484422592,165688728,1257853632,676818336,403566544,1100052224,3113877504,3113877504,3221225472,3113877504,3113877504,3221225472
2026-02-20 17:33:21,721040368,758824032,701986984,346666672,432323624,1949398784,3113877504,3113877504,3221225472,3113877504,3113877504,3221225472
2026-02-20 17:33:51,278231640,898850720,1633122472,438799656,273063160,699814400,3113877504,3113877504,3221225472,3113877504,3113877504,3221225472
2026-02-20 17:34:21,791523272,144686160,1195789936,473337272,487468088,1660310016,3113877504,3113877504,3221225472,3113877504,3113877504,3221225472
2026-02-20 17:34:51,261866240,763790304,141115256,250427344,183803632,352256728,3113877504,3113877504,3221225472,3113877504,3113877504,3221225472
2026-02-20 17:35:21,614049152,540812936,717832056,861565672,684111656,815727320,3113877504,3113877504,3221225472,3113877504,3113877504,3221225472
2026-02-20 17:35:51,762059896,820322480,929644408,237337320,911165448,1027539672,3113877504,3113877504,3221225472,3113877504,3113877504,3221225472
2026-02-20 17:36:21,252837752,119179376,776657200,232916616,506724512,363032824,3113877504,3113877504,3221225472,3113877504,3113877504,3221225472
2026-02-20 17:36:51,339293640,931442696,449869120,139089944,754747984,1453551864,3113877504,3113877504,3221225472,3113877504,3113877504,3221225472
2026-02-20 17:37:21,204933648,209854304,1364227392,201710096,588571216,145169704,3113877504,3113877504,3221225472,3113877504,3113877504,3221225472
2026-02-20 17:37:51,890253152,493055592,1576039744,431278664,819053016,356982056,3113877504,3113877504,3221225472,3113877504,3113877504,3221225472
2026-02-20 17:38:21,803970640,899222232,789562856,782636640,887839144,1241980200,3113877504,3113877504,3221225472,3113877504,3113877504,3221225472
2026-02-20 17:38:51,394030424,606873352,1282393576,436872504,484567712,1676090664,3113877504,3113877504,3221225472,3113877504,3113877504,3221225472
2026-02-20 17:39:21,435839520,550107104,85101064,322372616,200263472,284228608,3113877504,3113877504,3221225472,3113877504,3113877504,3221225472
2026-02-20 17:39:51,178198936,206679624,544377352,798796248,555030224,619772928,3113877504,3113877504,3221225472,3113877504,3113877504,3221225472
2026-02-20 17:40:21,230199032,186549352,1297254920,703847336,270253672,1179712512,3113877504,3113877504,3221225472,3113877504,3113877504,3221225472
2026-02-20 17:40:51,165338272,842942488,1936886280,502187056,745630192,1636891648,3113877504,3113877504,3221225472,3113877504,3113877504,3221225472
2026-02-20 17:41:21,96617544,663017304,619688128,266353544,376994672,189625784,3113877504,3113877504,3221225472,3113877504,3113877504,3221225472
2026-02-20 17:41:51,234758944,99107592,1693429952,512461976,260785688,908948920,3113877504,3113877504,3221225472,3113877504,3113877504,3221225472
2026-02-20 17:42:21,155419600,825305168,443563680,333929376,822124776,1447916984,3113877504,3113877504,3221225472,3113877504,3113877504,3221225472
2026-02-20 17:42:51,458532888,251245320,655376032,563066480,202477992,1659729336,3113877504,3113877504,3221225472,3113877504,3113877504,3221225472
2026-02-20 17:43:21,889216568,281183880,1443905184,535508832,887567424,403723776,3113877504,3113877504,3221225472,3113877504,3113877504,3221225472
2026-02-20 17:43:51,597950160,767951088,1869627040,109665088,396714760,749753856,3113877504,3113877504,3221225472,3113877504,3113877504,3221225472
2026-02-20 17:44:21,625699216,636945960,614312448,789609552,908867112,1238390272,3113877504,3113877504,3221225472,3113877504,3113877504,3221225472
2026-02-20 17:44:51,487960184,538043080,1304275456,649913448,521066480,1691375104,3113877504,3113877504,3221225472,3113877504,3113877504,3221225472
2026-02-20 17:45:21,487098376,229486048,1811786240,291850408,98708976,179555352,3113877504,3113877504,3221225472,3113877504,3113877504,3221225472
2026-02-20 17:45:51,840609184,469973048,97945056,520249120,333668824,391367704,3113877504,3113877504,3221225472,3113877504,3113877504,3221225472
2026-02-20 17:46:21,86423064,333596824,739673568,324979712,827552280,867421208,3113877504,3113877504,3221225472,3113877504,3113877504,3221225472
2026-02-20 17:46:51,154200256,158626136,1343653344,91771792,435751280,1314114584,3113877504,3113877504,3221225472,3113877504,3113877504,3221225472
2026-02-20 17:47:21,511201744,424965272,478383616,292944608,342780696,110370280,3113877504,3113877504,3221225472,3113877504,3113877504,3221225472
2026-02-20 17:47:51,105143928,799552992,803442176,624900976,685464336,437525992,3113877504,3113877504,3221225472,3113877504,3113877504,3221225472
2026-02-20 17:48:21,832009168,684962968,410918048,484220968,883674768,1488199144,3113877504,3113877504,3221225472,3113877504,3113877504,3221225472
2026-02-20 17:48:51,643351544,293347936,807279776,902655504,355617832,1794383336,3113877504,3113877504,3221225472,3113877504,3113877504,3221225472
2026-02-20 17:49:21,821017864,220523296,1539185824,770289808,891837776,376818104,3113877504,3113877504,3221225472,3113877504,3113877504,3221225472
2026-02-20 17:49:51,875578000,136701160,318629472,637834432,566705984,886426040,3113877504,3113877504,3221225472,3113877504,3113877504,3221225472
2026-02-20 17:50:21,818800288,739502720,840820320,291522824,181776944,1312147896,3113877504,3113877504,3221225472,3113877504,3113877504,3221225472
2026-02-20 17:50:51,862304392,554682352,1451091552,921827328,616501520,1731578296,3113877504,3113877504,3221225472,3113877504,3113877504,3221225472
2026-02-20 17:51:21,852654760,249347728,1964893792,603317480,184623568,220035072,3113877504,3113877504,3221225472,3113877504,3113877504,3221225472
2026-02-20 17:51:51,711641856,726801984,448746176,179076416,519427288,534607872,3113877504,3113877504,3221225472,3113877504,3113877504,3221225472
2026-02-20 17:52:21,97179376,657091944,1180652224,913762768,235924944,1063090176,3113877504,3113877504,3221225472,3113877504,3113877504,3221225472
2026-02-20 17:52:51,443241464,735362184,106803552,76888112,829009352,1641904128,3113877504,3113877504,3221225472,3113877504,3113877504,3221225472
2026-02-20 17:53:21,190150976,738812424,1738387808,893071944,280455592,851337336,3113877504,3113877504,3221225472,3113877504,3113877504,3221225472
2026-02-20 17:53:51,387227424,642358944,511791952,757269016,771896744,1325293688,3113877504,3113877504,3221225472,3113877504,3113877504,3221225472
2026-02-20 17:54:21,192773816,622368072,1281446736,692413912,486896992,1862164600,3113877504,3113877504,3221225472,3113877504,3113877504,3221225472
2026-02-20 17:54:51,312624600,173398768,537225168,184408272,391380320,671164816,3113877504,3113877504,3221225472,3113877504,3113877504,3221225472
2026-02-20 17:55:21,409328880,180627728,1269131216,118276880,134549176,1229007248,3113877504,3113877504,3221225472,3113877504,3113877504,3221225472
2026-02-20 17:55:51,405214752,602476424,1535469520,352147864,365105592,1442916752,3113877504,3113877504,3221225472,3113877504,3113877504,3221225472
2026-02-20 17:56:21,700397536,774448632,725904256,618524328,308788616,314599200,3113877504,3113877504,3221225472,3113877504,3113877504,3221225472
2026-02-20 17:56:51,115993480,404388616,1176791936,234162872,678115664,658532128,3113877504,3113877504,3221225472,3113877504,3113877504,3221225472
2026-02-20 17:57:21,496100176,392639344,1919183744,138718248,384500920,1182820128,3113877504,3113877504,3221225472,3113877504,3113877504,3221225472
2026-02-20 17:57:51,577904736,684625504,216643248,381941440,625787888,1403021088,3113877504,3113877504,3221225472,3113877504,3113877504,3221225472
2026-02-20 17:58:21,608700760,502679968,1695135408,163420416,823397112,501359296,3113877504,3113877504,3221225472,3113877504,3113877504,3221225472
2026-02-20 17:58:51,391425624,428574344,472496480,886869096,459644840,975315648,3113877504,3113877504,3221225472,3113877504,3113877504,3221225472
2026-02-20 17:59:21,468143440,787328536,558408192,345665048,917236592,342256032,3113877504,3113877504,3221225472,3113877504,3113877504,3221225472
2026-02-20 17:59:51,296633200,504784784,1059627520,871437688,464163688,721840544,3113877504,3113877504,3221225472,3113877504,3113877504,3221225472
2026-02-20 18:00:21,500541208,843892016,259008496,299974328,398222992,1472620960,3113877504,3113877504,3221225472,3113877504,3113877504,3221225472
2026-02-20 18:00:51,649269584,80181464,1139812336,341208424,199442152,183295616,3113877504,3113877504,3221225472,3113877504,3113877504,3221225472
2026-02-20 18:01:21,597934352,125245896,1991256048,342969288,819243352,780983936,3113877504,3113877504,3221225472,3113877504,3113877504,3221225472
2026-02-20 18:01:51,470840072,114259896,856855008,297051296,527129240,1326243456,3113877504,3113877504,3221225472,3113877504,3113877504,3221225472
2026-02-20 18:02:21,458558656,689363408,1427280352,853579424,148719720,1756159616,3113877504,3113877504,3221225472,3113877504,3113877504,3221225472
2026-02-20 18:02:51,347951424,409942672,1926402528,516506984,548966824,208447264,3113877504,3113877504,3221225472,3113877504,3113877504,3221225472
2026-02-20 18:03:21,719921936,692914752,1075227328,728844304,526360320,1022142240,3113877504,3113877504,3221225472,3113877504,3113877504,3221225472
2026-02-20 18:03:51,489958272,807038552,1966516928,788910576,324197056,1653384992,3113877504,3113877504,3221225472,3113877504,3113877504,3221225472
2026-02-20 18:04:21,194970472,440578672,1312942400,339850376,362108840,582157800,3113877504,3113877504,3221225472,3113877504,3113877504,3221225472
2026-02-20 18:04:51,598673248,159404528,1820453184,868395184,762257304,961742312,3113877504,3113877504,3221225472,3113877504,3113877504,3221225472
2026-02-20 18:05:21,913347784,273238032,790514640,911503624,581621496,1609762280,3113877504,3113877504,3221225472,3113877504,3113877504,3221225472
2026-02-20 18:05:51,525795904,81066976,310655968,665286584,671788048,626718624,3113877504,3113877504,3221225472,3113877504,3113877504,3221225472
2026-02-20 18:06:21,530203760,206957280,1210334176,683091352,477831896,1241184160,3113877504,3113877504,3221225472,3113877504,3113877504,3221225472
2026-02-20 18:06:51,625152512,833540048,1768176608,406980936,926461936,1671100320,3113877504,3113877504,3221225472,3113877504,3113877504,3221225472
2026-02-20 18:07:21,821883192,148823448,1653016128,515731784,507339864,1015142440,3113877504,3113877504,3221225472,3113877504,3113877504,3221225472
2026-02-20 18:07:51,854644400,921874424,523343824,477503672,297038904,1642190888,3113877504,3113877504,3221225472,3113877504,3113877504,3221225472
2026-02-20 18:08:21,903047032,842607832,1301387216,347527968,884571912,271164672,3113877504,3113877504,3221225472,3113877504,3113877504,3221225472
2026-02-20 18:08:51,476930192,256738144,196102640,463836328,643824184,866755840,3113877504,3113877504,3221225472,3113877504,3113877504,3221225472
2026-02-20 18:09:21,681202744,542034544,1913521728,377971560,419552560,390024560,3113877504,3113877504,3221225472,3113877504,3113877504,3221225472
2026-02-20 18:09:51,514045456,626136576,1706152776,248666376,597924920,1398754672,3113877504,3113877504,3221225472,3113877504,3113877504,3221225472
2026-02-20 18:10:21,844722728,133430888,959276024,492987320,217122904,1813990768,3113877504,3113877504,3221225472,3113877504,3113877504,3221225472
2026-02-20 18:10:51,723600160,820896992,1349593008,682257048,286488448,1501843936,3113877504,3113877504,3221225472,3113877504,3113877504,3221225472
2026-02-20 18:11:21,430978984,857214224,1227499520,734237000,303244600,1207722120,3113877504,3113877504,3221225472,3113877504,3113877504,3221225472
2026-02-20 18:11:51,532654176,688422960,1940645760,598349512,395633320,1076449600,3113877504,3113877504,3221225472,3113877504,3113877504,3221225472
2026-02-20 18:12:21,872586808,290072840,192036800,754897520,201037736,1716080960,3113877504,3113877504,3221225472,3113877504,3113877504,3221225472
2026-02-20 18:12:51,276149168,556279656,403849152,123287432,429255992,1927893312,3113877504,3113877504,3221225472,3113877504,3113877504,3221225472
2026-02-20 18:13:21,370166736,85555728,586181184,364792424,819203608,1211697600,3113877504,3113877504,3221225472,3113877504,3113877504,3221225472
2026-02-20 18:13:51,213512088,656361736,1945135680,796556344,614381776,1842940352,3113877504,3113877504,3221225472,3113877504,3113877504,3221225472
2026-02-20 18:14:21,749233608,528834280,1090808208,126466136,824342016,730806192,3113877504,3113877504,3221225472,3113877504,3113877504,3221225472
2026-02-20 18:14:51,360374048,810807232,1302620560,357192592,194039752,944715696,3113877504,3113877504,3221225472,3113877504,3113877504,3221225472
2026-02-20 18:15:21,90890568,849225352,866701184,890600256,468882152,982384088,3113877504,3113877504,3221225472,3113877504,3113877504,3221225472
2026-02-20 18:15:51,212120080,912688608,637393304,753209288,621587096,1970142680,3113877504,3113877504,3221225472,3113877504,3113877504,3221225472
2026-02-20 18:16:21,421481600,222309376,1394493056,667106096,207637104,1277008760,3113877504,3113877504,3221225472,3113877504,3113877504,3221225472
2026-02-20 18:16:51,255723888,118936344,775476272,183560824,325690688,1163868384,3113877504,3113877504,3221225472,3113877504,3113877504,3221225472
2026-02-20 18:17:21,514845176,355664024,1589237200,106020744,731669616,496918800,3113877504,3113877504,3221225472,3113877504,3113877504,3221225472
2026-02-20 18:17:51,228870128,432101792,1376566784,842037464,904521064,1503551760,3113877504,3113877504,3221225472,3113877504,3113877504,3221225472
2026-02-20 18:18:21,332306376,601466776,195032288,763963920,442500464,780473824,3113877504,3113877504,3221225472,3113877504,3113877504,3221225472
2026-02-20 18:18:51,753495592,930146488,490730720,217062344,756235632,1076172256,3113877504,3113877504,3221225472,3113877504,3113877504,3221225472
2026-02-20 18:19:21,399395072,214502472,654212056,691269648,570154744,399621216,3113877504,3113877504,3221225472,3113877504,3113877504,3221225472
2026-02-20 18:19:51,551057152,380629080,755632832,345779768,192707736,856800352,3113877504,3113877504,3221225472,3113877504,3113877504,3221225472
2026-02-20 18:20:21,261157360,397393744,1400750592,438280512,813605712,180623456,3113877504,3113877504,3221225472,3113877504,3113877504,3221225472
2026-02-20 18:20:51,576518472,550970712,1035376384,180601640,930396928,918505888,3113877504,3113877504,3221225472,3113877504,3113877504,3221225472
2026-02-20 18:21:21,860242616,125510400,333906816,457764928,499552600,226772424,3113877504,3113877504,3221225472,3113877504,3113877504,3221225472
2026-02-20 18:21:51,274174944,419412792,549913472,698999144,745011544,438584776,3113877504,3113877504,3221225472,3113877504,3113877504,3221225472
2026-02-20 18:22:21,699680248,930081192,986121088,291472184,370735584,902055368,3113877504,3113877504,3221225472,3113877504,3113877504,3221225472
2026-02-20 18:22:51,916283744,209057856,819818400,216890696,481194720,788284608,3113877504,3113877504,3221225472,3113877504,3113877504,3221225472
2026-02-20 18:23:21,547511256,723915712,1287483296,658902704,87300072,1222395072,3113877504,3113877504,3221225472,3113877504,3113877504,3221225472
2026-02-20 18:23:51,122636792,369098208,1075779696,916503880,232612480,151027648,3113877504,3113877504,3221225472,3113877504,3113877504,3221225472
2026-02-20 18:24:21,470331872,908207848,476488640,125343224,300407744,931489040,3113877504,3113877504,3221225472,3113877504,3113877504,3221225472
2026-02-20 18:24:51,752497328,331392304,709272512,355847600,547553672,1164272912,3113877504,3113877504,3221225472,3113877504,3113877504,3221225472
2026-02-20 18:25:21,460928280,876142448,1808834544,745477160,195684536,570228192,3113877504,3113877504,3221225472,3113877504,3113877504,3221225472
2026-02-20 18:25:51,217591512,368574216,1452273376,382348064,627858504,1607803064,3113877504,3113877504,3221225472,3113877504,3113877504,3221225472
2026-02-20 18:26:21,761233256,881955048,1495164928,493795416,325222080,1926355968,3113877504,3113877504,3221225472,3113877504,3113877504,3221225472
2026-02-20 18:26:51,914128280,846458192,1132492288,282251984,758062696,1054047864,3113877504,3113877504,3221225472,3113877504,3113877504,3221225472
2026-02-20 18:27:21,825350968,616308000,137736032,361349528,554779200,1412756992,3113877504,3113877504,3221225472,3113877504,3113877504,3221225472
2026-02-20 18:27:51,200978160,924023864,1802874720,442882464,845780344,614981136,3113877504,3113877504,3221225472,3113877504,3113877504,3221225472
2026-02-20 18:28:21,461577072,657051888,421027016,767849088,609422528,969282936,3113877504,3113877504,3221225472,3113877504,3113877504,3221225472
2026-02-20 18:28:51,553124144,857498568,1794661576,784929608,244654720,357773856,3113877504,3113877504,3221225472,3113877504,3113877504,3221225472
2026-02-20 18:29:21,250562768,389670936,1941914608,832780768,642985928,367955200,3113877504,3113877504,3221225472,3113877504,3113877504,3221225472
2026-02-20 18:29:51,671030056,761393576,1442760480,237805488,892873488,550429200,3113877504,3113877504,3221225472,3113877504,3113877504,3221225472
2026-02-20 18:30:21,523837824,414526000,1652629944,570217384,271002568,1586422288,3113877504,3113877504,3221225472,3113877504,3113877504,3221225472
2026-02-20 18:30:51,583402888,524416648,683076544,805285584,100461824,1205875344,3113877504,3113877504,3221225472,3113877504,3113877504,3221225472
2026-02-20 18:31:21,198103416,671684192,958442800,424243440,75762736,721337344,3113877504,3113877504,3221225472,3113877504,3113877504,3221225472
2026-02-20 18:31:51,872848088,97182552,1172352304,654494248,308069080,933149696,3113877504,3113877504,3221225472,3113877504,3113877504,3221225472
