Time,"device=""nbd0""","device=""nbd1""","device=""nbd10""","device=""nbd11""","device=""nbd12""","device=""nbd13""","device=""nbd14""","device=""nbd15""","device=""nbd2""","device=""nbd3""","device=""nbd4""","device=""nbd5""","device=""nbd6""","device=""nbd7""","device=""nbd8""","device=""nbd9""","device=""vda""","device=""vdb"""
2026-03-10 15:56:11,0,0,0,0,0,0,0,0,0,0,0,0,0,0,0,0,948595.9168,0
2026-03-10 15:56:41,0,0,0,0,0,0,0,0,0,0,0,0,0,0,0,0,3564229.6855085944,0
2026-03-10 15:57:11,0,0,0,0,0,0,0,0,0,0,0,0,0,0,0,0,2940786.7586206896,0
2026-03-10 15:57:41,0,0,0,0,0,0,0,0,0,0,0,0,0,0,0,0,22774748.689655174,0
2026-03-10 15:58:11,0,0,0,0,0,0,0,0,0,0,0,0,0,0,0,0,13667315.747732835,0
2026-03-10 15:58:41,0,0,0,0,0,0,0,0,0,0,0,0,0,0,0,0,19327086.376331847,0
2026-03-10 15:59:11,0,0,0,0,0,0,0,0,0,0,0,0,0,0,0,0,16712680.023449082,0
2026-03-10 15:59:41,0,0,0,0,0,0,0,0,0,0,0,0,0,0,0,0,23597230.992034756,0
2026-03-10 16:00:11,0,0,0,0,0,0,0,0,0,0,0,0,0,0,0,0,29292614.620689657,0
2026-03-10 16:00:41,0,0,0,0,0,0,0,0,0,0,0,0,0,0,0,0,16281734.18856473,0
2026-03-10 16:01:11,0,0,0,0,0,0,0,0,0,0,0,0,0,0,0,0,13500049.9275912,0
2026-03-10 16:01:41,0,0,0,0,0,0,0,0,0,0,0,0,0,0,0,0,10964144.551724138,0
2026-03-10 16:02:11,0,0,0,0,0,0,0,0,0,0,0,0,0,0,0,0,14713082.87064179,0
2026-03-10 16:02:41,0,0,0,0,0,0,0,0,0,0,0,0,0,0,0,0,10445555.563217599,0
2026-03-10 16:03:11,0,0,0,0,0,0,0,0,0,0,0,0,0,0,0,0,8444407.048518913,0
2026-03-10 16:03:41,0,0,0,0,0,0,0,0,0,0,0,0,0,0,0,0,13260554.601565463,0
2026-03-10 16:04:11,0,0,0,0,0,0,0,0,0,0,0,0,0,0,0,0,15035001.89635555,0
2026-03-10 16:04:41,0,0,0,0,0,0,0,0,0,0,0,0,0,0,0,0,7180535.604676022,0
2026-03-10 16:05:11,0,0,0,0,0,0,0,0,0,0,0,0,0,0,0,0,13337289.183222957,0
2026-03-10 16:05:41,0,0,0,0,0,0,0,0,0,0,0,0,0,0,0,0,13602291.074630985,0
2026-03-10 16:06:11,0,0,0,0,0,0,0,0,0,0,0,0,0,0,0,0,10655842.223218288,0
2026-03-10 16:06:41,0,0,0,0,0,0,0,0,0,0,0,0,0,0,0,0,26545893.517241377,0
2026-03-10 16:07:11,0,0,0,0,0,0,0,0,0,0,0,0,0,0,0,0,10922807.90317575,0
2026-03-10 16:07:41,0,0,0,0,0,0,0,0,0,0,0,0,0,0,0,0,22108513.103448275,0
2026-03-10 16:08:11,0,0,0,0,0,0,0,0,0,0,0,0,0,0,0,0,23002733.786160056,0
2026-03-10 16:08:41,0,0,0,0,0,0,0,0,0,0,0,0,0,0,0,0,13864786.26112146,0
2026-03-10 16:09:11,0,0,0,0,0,0,0,0,0,0,0,0,0,0,0,0,10829199.061939579,0
2026-03-10 16:09:41,0,0,0,0,0,0,0,0,0,0,0,0,0,0,0,0,12689776.306716314,0
2026-03-10 16:10:11,0,0,0,0,0,0,0,0,0,0,0,0,0,0,0,0,13715152.1086934,0
2026-03-10 16:10:41,0,0,0,0,0,0,0,0,0,0,0,0,0,0,0,0,12892089.379310345,0
2026-03-10 16:11:11,0,0,0,0,0,0,0,0,0,0,0,0,0,0,0,0,15732267.328781297,0
2026-03-10 16:11:41,0,0,0,0,0,0,0,0,0,0,0,0,0,0,0,0,22050429.96068695,0
2026-03-10 16:12:11,0,0,0,0,0,0,0,0,0,0,0,0,0,0,0,0,25041374.297438018,0
2026-03-10 16:12:41,0,0,0,0,0,0,0,0,0,0,0,0,0,0,0,0,15604771.310344828,0
2026-03-10 16:13:11,0,0,0,0,0,0,0,0,0,0,0,0,0,0,0,0,5323246.344827586,0
2026-03-10 16:13:41,0,0,0,0,0,0,0,0,0,0,0,0,0,0,0,0,6596764.853960481,0
2026-03-10 16:14:11,0,0,0,0,0,0,0,0,0,0,0,0,0,0,0,0,11605780.613124589,0
2026-03-10 16:14:41,0,0,0,0,0,0,0,0,0,0,0,0,0,0,0,0,33171216.329908285,0
2026-03-10 16:15:11,0,0,0,0,0,0,0,0,0,0,0,0,0,0,0,0,11401507.966066627,0
2026-03-10 16:15:41,0,0,0,0,0,0,0,0,0,0,0,0,0,0,0,0,11088495.482447067,0
2026-03-10 16:16:11,0,0,0,0,0,0,0,0,0,0,0,0,0,0,0,0,15285669.16100555,0
2026-03-10 16:16:41,0,0,0,0,0,0,0,0,0,0,0,0,0,0,0,0,18037483.018998038,0
2026-03-10 16:17:11,0,0,0,0,0,0,0,0,0,0,0,0,0,0,0,0,19833939.653091483,0
2026-03-10 16:17:41,0,0,0,0,0,0,0,0,0,0,0,0,0,0,0,0,16226238.819351055,0
2026-03-10 16:18:11,0,0,0,0,0,0,0,0,0,0,0,0,0,0,0,0,10761798.282817833,0
2026-03-10 16:18:41,0,0,0,0,0,0,0,0,0,0,0,0,0,0,0,0,6542273.222536377,0
2026-03-10 16:19:11,0,0,0,0,0,0,0,0,0,0,0,0,0,0,0,0,6591483.550589697,0
2026-03-10 16:19:41,0,0,0,0,0,0,0,0,0,0,0,0,0,0,0,0,13161235.225156887,0
2026-03-10 16:20:11,0,0,0,0,0,0,0,0,0,0,0,0,0,0,0,0,14004565.674678436,0
2026-03-10 16:20:41,0,0,0,0,0,0,0,0,0,0,0,0,0,0,0,0,11434195.862068966,0
2026-03-10 16:21:11,0,0,0,0,0,0,0,0,0,0,0,0,0,0,0,0,12381299.424514972,0
2026-03-10 16:21:41,0,0,0,0,0,0,0,0,0,0,0,0,0,0,0,0,20121615.88582066,0
2026-03-10 16:22:11,0,0,0,0,0,0,0,0,0,0,0,0,0,0,0,0,16628895.662368113,0
2026-03-10 16:22:41,0,0,0,0,0,0,0,0,0,0,0,0,0,0,0,0,8072364.426359529,0
2026-03-10 16:23:11,0,0,0,0,0,0,0,0,0,0,0,0,0,0,0,0,18268530.01413647,0
2026-03-10 16:23:41,0,0,0,0,0,0,0,0,0,0,0,0,0,0,0,0,28182282.364300985,0
2026-03-10 16:24:11,0,0,0,0,0,0,0,0,0,0,0,0,0,0,0,0,4267461.122030275,0
2026-03-10 16:24:41,0,0,0,0,0,0,0,0,0,0,0,0,0,0,0,0,11911450.48275862,0
2026-03-10 16:25:11,0,0,0,0,0,0,0,0,0,0,0,0,0,0,0,0,9683984.137384046,0
2026-03-10 16:25:41,0,0,0,0,0,0,0,0,0,0,0,0,0,0,0,0,16763091.862068966,0
2026-03-10 16:26:11,0,0,0,0,0,0,0,0,0,0,0,0,0,0,0,0,13717172.23544016,0
2026-03-10 16:26:41,0,0,0,0,0,0,0,0,0,0,0,0,0,0,0,0,8515736.40470361,0
2026-03-10 16:27:11,0,0,0,0,0,0,0,0,0,0,0,0,0,0,0,0,8266572.876797353,0
2026-03-10 16:27:41,0,0,0,0,0,0,0,0,0,0,0,0,0,0,0,0,13745570.31519415,0
2026-03-10 16:28:11,0,0,0,0,0,0,0,0,0,0,0,0,0,0,0,0,16666745.741672989,0
2026-03-10 16:28:41,0,0,0,0,0,0,0,0,0,0,0,0,0,0,0,0,12702529.154167097,0
2026-03-10 16:29:11,0,0,0,0,0,0,0,0,0,0,0,0,0,0,0,0,8220388.538326263,0
2026-03-10 16:29:41,0,0,0,0,0,0,0,0,0,0,0,0,0,0,0,0,7360229.517241379,0
2026-03-10 16:30:11,0,0,0,0,0,0,0,0,0,0,0,0,0,0,0,0,10514644.678281872,0
2026-03-10 16:30:41,0,0,0,0,0,0,0,0,0,0,0,0,0,0,0,0,11880376.697690452,0
2026-03-10 16:31:11,0,0,0,0,0,0,0,0,0,0,0,0,0,0,0,0,13690381.82257008,0
2026-03-10 16:31:41,0,0,0,0,0,0,0,0,0,0,0,0,0,0,0,0,29298242.681286853,0
2026-03-10 16:32:11,0,0,0,0,0,0,0,0,0,0,0,0,0,0,0,0,27029334.804496244,0
2026-03-10 16:32:41,0,0,0,0,0,0,0,0,0,0,0,0,0,0,0,0,16077244.879663473,0
2026-03-10 16:33:11,0,0,0,0,0,0,0,0,0,0,0,0,0,0,0,0,8893993.861857304,0
2026-03-10 16:33:41,0,0,0,0,0,0,0,0,0,0,0,0,0,0,0,0,8990578.758620689,0
2026-03-10 16:34:11,0,0,0,0,0,0,0,0,0,0,0,0,0,0,0,0,3199571.876831833,0
2026-03-10 16:34:41,0,0,0,0,0,0,0,0,0,0,0,0,0,0,0,0,10262739.862068966,0
2026-03-10 16:35:11,0,0,0,0,0,0,0,0,0,0,0,0,0,0,0,0,6579139.0833534505,0
2026-03-10 16:35:41,0,0,0,0,0,0,0,0,0,0,0,0,0,0,0,0,16143058.823529413,0
2026-03-10 16:36:11,0,0,0,0,0,0,0,0,0,0,0,0,0,0,0,0,11457697.279028865,0
2026-03-10 16:36:41,0,0,0,0,0,0,0,0,0,0,0,0,0,0,0,0,6255008.068409075,0
2026-03-10 16:37:11,0,0,0,0,0,0,0,0,0,0,0,0,0,0,0,0,12731230.732094208,0
2026-03-10 16:37:41,0,0,0,0,0,0,0,0,0,0,0,0,0,0,0,0,20434521.84407434,0
2026-03-10 16:38:11,0,0,0,0,0,0,0,0,0,0,0,0,0,0,0,0,44484478.25637135,0
2026-03-10 16:38:41,0,0,0,0,0,0,0,0,0,0,0,0,0,0,0,0,20559801.379310343,0
2026-03-10 16:39:11,0,0,0,0,0,0,0,0,0,0,0,0,0,0,0,0,16759188.853634985,0
2026-03-10 16:39:41,0,0,0,0,0,0,0,0,0,0,0,0,0,0,0,0,24267627.534832392,0
2026-03-10 16:40:11,0,0,0,0,0,0,0,0,0,0,0,0,0,0,0,0,18189895.57900545,0
2026-03-10 16:40:41,0,0,0,0,0,0,0,0,0,0,0,0,0,0,0,0,16960225.087924972,0
2026-03-10 16:41:11,0,0,0,0,0,0,0,0,0,0,0,0,0,0,0,0,16516470.70992656,0
2026-03-10 16:41:41,0,0,0,0,0,0,0,0,0,0,0,0,0,0,0,0,14533172.965517242,0
2026-03-10 16:42:11,0,0,0,0,0,0,0,0,0,0,0,0,0,0,0,0,12506931.68729956,0
2026-03-10 16:42:41,0,0,0,0,0,0,0,0,0,0,0,0,0,0,0,0,13432156.960104825,0
2026-03-10 16:43:11,0,0,0,0,0,0,0,0,0,0,0,0,0,0,0,0,10032862.374564638,0
2026-03-10 16:43:41,0,0,0,0,0,0,0,0,0,0,0,0,0,0,0,0,12155807.185711332,0
2026-03-10 16:44:11,0,0,0,0,0,0,0,0,0,0,0,0,0,0,0,0,8893005.138108209,0
2026-03-10 16:44:41,0,0,0,0,0,0,0,0,0,0,0,0,0,0,0,0,8032272.52353205,0
2026-03-10 16:45:11,0,0,0,0,0,0,0,0,0,0,0,0,0,0,0,0,24035309.355495013,0
2026-03-10 16:45:41,0,0,0,0,0,0,0,0,0,0,0,0,0,0,0,0,20364880.33657494,0
2026-03-10 16:46:11,0,0,0,0,0,0,0,0,0,0,0,0,0,0,0,0,24025253.576969486,0
2026-03-10 16:46:41,0,0,0,0,0,0,0,0,0,0,0,0,0,0,0,0,16085708.49281059,0
2026-03-10 16:47:11,0,0,0,0,0,0,0,0,0,0,0,0,0,0,0,0,46342382.12475431,0
2026-03-10 16:47:41,0,0,0,0,0,0,0,0,0,0,0,0,0,0,0,0,10186317.169069463,0
2026-03-10 16:48:11,0,0,0,0,0,0,0,0,0,0,0,0,0,0,0,0,13025692.339515962,0
2026-03-10 16:48:41,0,0,0,0,0,0,0,0,0,0,0,0,0,0,0,0,9634872.176821487,0
2026-03-10 16:49:11,0,0,0,0,0,0,0,0,0,0,0,0,0,0,0,0,17082648.82943144,0
2026-03-10 16:49:41,0,0,0,0,0,0,0,0,0,0,0,0,0,0,0,0,23742817.103448275,0
2026-03-10 16:50:11,0,0,0,0,0,0,0,0,0,0,0,0,0,0,0,0,22096957.340414524,0
2026-03-10 16:50:41,0,0,0,0,0,0,0,0,0,0,0,0,0,0,0,0,11582689.193848701,0
2026-03-10 16:51:11,0,0,0,0,0,0,0,0,0,0,0,0,0,0,0,0,9152225.118973723,0
2026-03-10 16:51:41,0,0,0,0,0,0,0,0,0,0,0,0,0,0,0,0,11548742.620689655,0
2026-03-10 16:52:11,0,0,0,0,0,0,0,0,0,0,0,0,0,0,0,0,22337747.862068966,0
2026-03-10 16:52:41,0,0,0,0,0,0,0,0,0,0,0,0,0,0,0,0,22058035.516016692,0
2026-03-10 16:53:11,0,0,0,0,0,0,0,0,0,0,0,0,0,0,0,0,15520257.076854121,0
2026-03-10 16:53:41,0,0,0,0,0,0,0,0,0,0,0,0,0,0,0,0,47763408.117521286,0
2026-03-10 16:54:11,0,0,0,0,0,0,0,0,0,0,0,0,0,0,0,0,15630336,0
2026-03-10 16:54:41,0,0,0,0,0,0,0,0,0,0,0,0,0,0,0,0,12144070.07138177,0
2026-03-10 16:55:11,0,0,0,0,0,0,0,0,0,0,0,0,0,0,0,0,6854631.495465674,0
2026-03-10 16:55:41,0,0,0,0,0,0,0,0,0,0,0,0,0,0,0,0,13871880.827586208,0
2026-03-10 16:56:11,0,0,0,0,0,0,0,0,0,0,0,0,0,0,0,0,17718120.06482535,0
2026-03-10 16:56:41,0,0,0,0,0,0,0,0,0,0,0,0,0,0,0,0,19843283.862068966,0
2026-03-10 16:57:11,0,0,0,0,0,0,0,0,0,0,0,0,0,0,0,0,29568569.359677248,0
2026-03-10 16:57:41,0,0,0,0,0,0,0,0,0,0,0,0,0,0,0,0,27327995.585902475,0
2026-03-10 16:58:11,0,0,0,0,0,0,0,0,0,0,0,0,0,0,0,0,16605176.37322851,0
2026-03-10 16:58:41,0,0,0,0,0,0,0,0,0,0,0,0,0,0,0,0,25064412.689655174,0
2026-03-10 16:59:11,0,0,0,0,0,0,0,0,0,0,0,0,0,0,0,0,23674049.08782497,0
2026-03-10 16:59:41,0,0,0,0,0,0,0,0,0,0,0,0,0,0,0,0,21573886.402041588,0
2026-03-10 17:00:11,0,0,0,0,0,0,0,0,0,0,0,0,0,0,0,0,16613234.758620689,0
2026-03-10 17:00:41,0,0,0,0,0,0,0,0,0,0,0,0,0,0,0,0,23485889.915850464,0
2026-03-10 17:01:11,0,0,0,0,0,0,0,0,0,0,0,0,0,0,0,0,22550952.515603982,0
2026-03-10 17:01:41,0,0,0,0,0,0,0,0,0,0,0,0,0,0,0,0,20513474.20689655,0
2026-03-10 17:02:11,0,0,0,0,0,0,0,0,0,0,0,0,0,0,0,0,56710574.63175687,0
2026-03-10 17:02:41,0,0,0,0,0,0,0,0,0,0,0,0,0,0,0,0,16894676.364137743,0
2026-03-10 17:03:11,0,0,0,0,0,0,0,0,0,0,0,0,0,0,0,0,16495870.887647424,0
2026-03-10 17:03:41,0,0,0,0,0,0,0,0,0,0,0,0,0,0,0,0,14971678.747543016,0
2026-03-10 17:04:11,0,0,0,0,0,0,0,0,0,0,0,0,0,0,0,0,9135351.172413792,0
2026-03-10 17:04:41,0,0,0,0,0,0,0,0,0,0,0,0,0,0,0,0,13644764.689655172,0
2026-03-10 17:05:11,0,0,0,0,0,0,0,0,0,0,0,0,0,0,0,0,14649718.739223395,0
2026-03-10 17:05:41,0,0,0,0,0,0,0,0,0,0,0,0,0,0,0,0,16017607.227835441,0
2026-03-10 17:06:11,0,0,0,0,0,0,0,0,0,0,0,0,0,0,0,0,13647588.922992034,0
2026-03-10 17:06:41,0,0,0,0,0,0,0,0,0,0,0,0,0,0,0,0,10804381.485927703,0
2026-03-10 17:07:11,0,0,0,0,0,0,0,0,0,0,0,0,0,0,0,0,12828147.9365986,0
2026-03-10 17:07:41,0,0,0,0,0,0,0,0,0,0,0,0,0,0,0,0,20688599.131094407,0
2026-03-10 17:08:11,0,0,0,0,0,0,0,0,0,0,0,0,0,0,0,0,18532355.46053312,0
2026-03-10 17:08:41,0,0,0,0,0,0,0,0,0,0,0,0,0,0,0,0,13462280.827586208,0
2026-03-10 17:09:11,0,0,0,0,0,0,0,0,0,0,0,0,0,0,0,0,12226390.608324438,0
2026-03-10 17:09:41,0,0,0,0,0,0,0,0,0,0,0,0,0,0,0,0,14759078.87786423,0
2026-03-10 17:10:11,0,0,0,0,0,0,0,0,0,0,0,0,0,0,0,0,16106714.487705624,0
2026-03-10 17:10:41,0,0,0,0,0,0,0,0,0,0,0,0,0,0,0,0,10052303.151506793,0
2026-03-10 17:11:11,0,0,0,0,0,0,0,0,0,0,0,0,0,0,0,0,13438026.966447117,0
2026-03-10 17:11:41,0,0,0,0,0,0,0,0,0,0,0,0,0,0,0,0,25105974.205117594,0
2026-03-10 17:12:11,0,0,0,0,0,0,0,0,0,0,0,0,0,0,0,0,19778147.384392563,0
2026-03-10 17:12:41,0,0,0,0,0,0,0,0,0,0,0,0,0,0,0,0,15188574.187096994,0
2026-03-10 17:13:11,0,0,0,0,0,0,0,0,0,0,0,0,0,0,0,0,11922030.966585053,0
2026-03-10 17:13:41,0,0,0,0,0,0,0,0,0,0,0,0,0,0,0,0,17679748.413793102,0
2026-03-10 17:14:11,0,0,0,0,0,0,0,0,0,0,0,0,0,0,0,0,8309516.879892409,0
2026-03-10 17:14:41,0,0,0,0,0,0,0,0,0,0,0,0,0,0,0,0,22074670.161040034,0
2026-03-10 17:15:11,0,0,0,0,0,0,0,0,0,0,0,0,0,0,0,0,12140261.51724138,0
2026-03-10 17:15:41,0,0,0,0,0,0,0,0,0,0,0,0,0,0,0,0,13525274.48275862,0
2026-03-10 17:16:11,0,0,0,0,0,0,0,0,0,0,0,0,0,0,0,0,8454690.848906972,0
2026-03-10 17:16:41,0,0,0,0,0,0,0,0,0,0,0,0,0,0,0,0,13018692.047727428,0
2026-03-10 17:17:11,0,0,0,0,0,0,0,0,0,0,0,0,0,0,0,0,12974856.827586208,0
2026-03-10 17:17:41,0,0,0,0,0,0,0,0,0,0,0,0,0,0,0,0,21312908.860590708,0
2026-03-10 17:18:11,0,0,0,0,0,0,0,0,0,0,0,0,0,0,0,0,16808615.511949513,0
2026-03-10 17:18:41,0,0,0,0,0,0,0,0,0,0,0,0,0,0,0,0,12107769.785165004,0
2026-03-10 17:19:11,0,0,0,0,0,0,0,0,0,0,0,0,0,0,0,0,11843537.321937323,0
2026-03-10 17:19:41,0,0,0,0,0,0,0,0,0,0,0,0,0,0,0,0,11876690.920376563,0
2026-03-10 17:20:11,0,0,0,0,0,0,0,0,0,0,0,0,0,0,0,0,12773712.354746386,0
2026-03-10 17:20:41,0,0,0,0,0,0,0,0,0,0,0,0,0,0,0,0,10485743.052203298,0
2026-03-10 17:21:11,0,0,0,0,0,0,0,0,0,0,0,0,0,0,0,0,15010710.068965517,0
2026-03-10 17:21:41,0,0,0,0,0,0,0,0,0,0,0,0,0,0,0,0,20350181.26638157,0
2026-03-10 17:22:11,0,0,0,0,0,0,0,0,0,0,0,0,0,0,0,0,12423154.018549807,0
2026-03-10 17:22:41,0,0,0,0,0,0,0,0,0,0,0,0,0,0,0,0,28708021.520209685,0
2026-03-10 17:23:11,0,0,0,0,0,0,0,0,0,0,0,0,0,0,0,0,13369336.091573576,0
2026-03-10 17:23:41,0,0,0,0,0,0,0,0,0,0,0,0,0,0,0,0,15189804.137931034,0
2026-03-10 17:24:11,0,0,0,0,0,0,0,0,0,0,0,0,0,0,0,0,8621388.59960688,0
2026-03-10 17:24:41,0,0,0,0,0,0,0,0,0,0,0,0,0,0,0,0,17011937.51939588,0
2026-03-10 17:25:11,0,0,0,0,0,0,0,0,0,0,0,0,0,0,0,0,11698559.07303952,0
2026-03-10 17:25:41,0,0,0,0,0,0,0,0,0,0,0,0,0,0,0,0,17473611.145596247,0
2026-03-10 17:26:11,0,0,0,0,0,0,0,0,0,0,0,0,0,0,0,0,9886331.586206896,0
2026-03-10 17:26:41,0,0,0,0,0,0,0,0,0,0,0,0,0,0,0,0,10913015.172413792,0
2026-03-10 17:27:11,0,0,0,0,0,0,0,0,0,0,0,0,0,0,0,0,18705885.923167113,0
2026-03-10 17:27:41,0,0,0,0,0,0,0,0,0,0,0,0,0,0,0,0,14532234.596421061,0
2026-03-10 17:28:11,0,0,0,0,0,0,0,0,0,0,0,0,0,0,0,0,11567270.094134683,0
2026-03-10 17:28:41,0,0,0,0,0,0,0,0,0,0,0,0,0,0,0,0,11692950.068965517,0
2026-03-10 17:29:11,0,0,0,0,0,0,0,0,0,0,0,0,0,0,0,0,13777338.988310747,0
2026-03-10 17:29:41,0,0,0,0,0,0,0,0,0,0,0,0,0,0,0,0,9675458.206896551,0
2026-03-10 17:30:11,0,0,0,0,0,0,0,0,0,0,0,0,0,0,0,0,12786971.38128405,0
2026-03-10 17:30:41,0,0,0,0,0,0,0,0,0,0,0,0,0,0,0,0,24831064.340390317,0
2026-03-10 17:31:11,0,0,0,0,0,0,0,0,0,0,0,0,0,0,0,0,14353302.665609157,0
2026-03-10 17:31:41,0,0,0,0,0,0,0,0,0,0,0,0,0,0,0,0,14750769.612745265,0
2026-03-10 17:32:11,0,0,0,0,0,0,0,0,0,0,0,0,0,0,0,0,18398377.59536456,0
2026-03-10 17:32:41,0,0,0,0,0,0,0,0,0,0,0,0,0,0,0,0,18154052.604364164,0
2026-03-10 17:33:11,0,0,0,0,0,0,0,0,0,0,0,0,0,0,0,0,21048253.258845437,0
2026-03-10 17:33:41,0,0,0,0,0,0,0,0,0,0,0,0,0,0,0,0,11502078.764052693,0
2026-03-10 17:34:11,0,0,0,0,0,0,0,0,0,0,0,0,0,0,0,0,15113207.489913443,0
2026-03-10 17:34:41,0,0,0,0,0,0,0,0,0,0,0,0,0,0,0,0,43353452.58947659,0
2026-03-10 17:35:11,0,0,0,0,0,0,0,0,0,0,0,0,0,0,0,0,9185491.862068966,0
2026-03-10 17:35:41,0,0,0,0,0,0,0,0,0,0,0,0,0,0,0,0,10912780.111030653,0
2026-03-10 17:36:11,0,0,0,0,0,0,0,0,0,0,0,0,0,0,0,0,10811976.688851338,0
2026-03-10 17:36:41,0,0,0,0,0,0,0,0,0,0,0,0,0,0,0,0,10986133.314941892,0
2026-03-10 17:37:11,0,0,0,0,0,0,0,0,0,0,0,0,0,0,0,0,14249118.576257154,0
2026-03-10 17:37:41,0,0,0,0,0,0,0,0,0,0,0,0,0,0,0,0,15095180.328999551,0
2026-03-10 17:38:11,0,0,0,0,0,0,0,0,0,0,0,0,0,0,0,0,10293458.01868901,0
2026-03-10 17:38:41,0,0,0,0,0,0,0,0,0,0,0,0,0,0,0,0,8745242.48275862,0
2026-03-10 17:39:11,0,0,0,0,0,0,0,0,0,0,0,0,0,0,0,0,14012780.248956932,0
2026-03-10 17:39:41,0,0,0,0,0,0,0,0,0,0,0,0,0,0,0,0,19218205.737507317,0
2026-03-10 17:40:11,0,0,0,0,0,0,0,0,0,0,0,0,0,0,0,0,13133997.449243391,0
2026-03-10 17:40:41,0,0,0,0,0,0,0,0,0,0,0,0,0,0,0,0,10895408.02041309,0
2026-03-10 17:41:11,0,0,0,0,0,0,0,0,0,0,0,0,0,0,0,0,10027572.965517242,0
2026-03-10 17:41:41,0,0,0,0,0,0,0,0,0,0,0,0,0,0,0,0,12303112.306472192,0
2026-03-10 17:42:11,0,0,0,0,0,0,0,0,0,0,0,0,0,0,0,0,26595184.77136354,0
2026-03-10 17:42:41,0,0,0,0,0,0,0,0,0,0,0,0,0,0,0,0,19308907.247776017,0
2026-03-10 17:43:11,0,0,0,0,0,0,0,0,0,0,0,0,0,0,0,0,36929260.26830362,0
2026-03-10 17:43:41,0,0,0,0,0,0,0,0,0,0,0,0,0,0,0,0,14364317.920071723,0
2026-03-10 17:44:11,0,0,0,0,0,0,0,0,0,0,0,0,0,0,0,0,19652100.13102545,0
2026-03-10 17:44:41,0,0,0,0,0,0,0,0,0,0,0,0,0,0,0,0,8874054.49403325,0
2026-03-10 17:45:11,0,0,0,0,0,0,0,0,0,0,0,0,0,0,0,0,5134756.671033579,0
2026-03-10 17:45:41,0,0,0,0,0,0,0,0,0,0,0,0,0,0,0,0,9971678.389187697,0
2026-03-10 17:46:11,0,0,0,0,0,0,0,0,0,0,0,0,0,0,0,0,12586704.916902283,0
2026-03-10 17:46:41,0,0,0,0,0,0,0,0,0,0,0,0,0,0,0,0,12779079.342091653,0
2026-03-10 17:47:11,0,0,0,0,0,0,0,0,0,0,0,0,0,0,0,0,7376048.551724138,0
2026-03-10 17:47:41,0,0,0,0,0,0,0,0,0,0,0,0,0,0,0,0,7620557.084238473,0
2026-03-10 17:48:11,0,0,0,0,0,0,0,0,0,0,0,0,0,0,0,0,8443435.665758526,0
2026-03-10 17:48:41,0,0,0,0,0,0,0,0,0,0,0,0,0,0,0,0,8692473.159800034,0
2026-03-10 17:49:11,0,0,0,0,0,0,0,0,0,0,0,0,0,0,0,0,9296686.920238627,0
2026-03-10 17:49:41,0,0,0,0,0,0,0,0,0,0,0,0,0,0,0,0,7890449.655172414,0
2026-03-10 17:50:11,0,0,0,0,0,0,0,0,0,0,0,0,0,0,0,0,7576392.51111954,0
2026-03-10 17:50:41,0,0,0,0,0,0,0,0,0,0,0,0,0,0,0,0,5926347.0344827585,0
2026-03-10 17:51:11,0,0,0,0,0,0,0,0,0,0,0,0,0,0,0,0,7890476.525578669,0
2026-03-10 17:51:41,0,0,0,0,0,0,0,0,0,0,0,0,0,0,0,0,6822571.65511773,0
2026-03-10 17:52:11,0,0,0,0,0,0,0,0,0,0,0,0,0,0,0,0,6834246.620689655,0
2026-03-10 17:52:41,0,0,0,0,0,0,0,0,0,0,0,0,0,0,0,0,20667992.275862068,0
2026-03-10 17:53:11,0,0,0,0,0,0,0,0,0,0,0,0,0,0,0,0,12607042.272946693,0
2026-03-10 17:53:41,0,0,0,0,0,0,0,0,0,0,0,0,0,0,0,0,26684241.525569845,0
2026-03-10 17:54:11,0,0,0,0,0,0,0,0,0,0,0,0,0,0,0,0,3391677.8153230813,0
2026-03-10 17:54:41,0,0,0,0,0,0,0,0,0,0,0,0,0,0,0,0,7449533.758840781,0
2026-03-10 17:55:11,0,0,0,0,0,0,0,0,0,0,0,0,0,0,0,0,12256944.030879514,0
2026-03-10 17:55:41,0,0,0,0,0,0,0,0,0,0,0,0,0,0,0,0,2840528.109263986,0
2026-03-10 17:56:11,0,0,0,0,0,0,0,0,0,0,0,0,0,0,0,0,6755490.828851192,0
2026-03-10 17:56:41,0,0,0,0,0,0,0,0,0,0,0,0,0,0,0,0,4921584.330494154,0
2026-03-10 17:57:11,0,0,0,0,0,0,0,0,0,0,0,0,0,0,0,0,5561037.047257674,0
2026-03-10 17:57:41,0,0,0,0,0,0,0,0,0,0,0,0,0,0,0,0,5902577.140493589,0
2026-03-10 17:58:11,0,0,0,0,0,0,0,0,0,0,0,0,0,0,0,0,24270636.137931034,0
2026-03-10 17:58:41,0,0,0,0,0,0,0,0,0,0,0,0,0,0,0,0,26131807.73739742,0
2026-03-10 17:59:11,0,0,0,0,0,0,0,0,0,0,0,0,0,0,0,0,8201606.732659606,0
2026-03-10 17:59:41,0,0,0,0,0,0,0,0,0,0,0,0,0,0,0,0,15325123.000551574,0
2026-03-10 18:00:11,0,0,0,0,0,0,0,0,0,0,0,0,0,0,0,0,9514921.151525598,0
2026-03-10 18:00:41,0,0,0,0,0,0,0,0,0,0,0,0,0,0,0,0,11577672.609400323,0
2026-03-10 18:01:11,0,0,0,0,0,0,0,0,0,0,0,0,0,0,0,0,7975409.747852783,0
2026-03-10 18:01:41,0,0,0,0,0,0,0,0,0,0,0,0,0,0,0,0,8421117.219022658,0
2026-03-10 18:02:11,0,0,0,0,0,0,0,0,0,0,0,0,0,0,0,0,9010606.908915397,0
2026-03-10 18:02:41,0,0,0,0,0,0,0,0,0,0,0,0,0,0,0,0,8219261.466308021,0
2026-03-10 18:03:11,0,0,0,0,0,0,0,0,0,0,0,0,0,0,0,0,28301433.733278167,0
2026-03-10 18:03:41,0,0,0,0,0,0,0,0,0,0,0,0,0,0,0,0,12495045.583063237,0
2026-03-10 18:04:11,0,0,0,0,0,0,0,0,0,0,0,0,0,0,0,0,40892347.712147854,0
2026-03-10 18:04:41,0,0,0,0,0,0,0,0,0,0,0,0,0,0,0,0,22381467.12182338,0
2026-03-10 18:05:11,0,0,0,0,0,0,0,0,0,0,0,0,0,0,0,0,10609038.273222538,0
2026-03-10 18:05:41,0,0,0,0,0,0,0,0,0,0,0,0,0,0,0,0,15472632.232259845,0
2026-03-10 18:06:11,0,0,0,0,0,0,0,0,0,0,0,0,0,0,0,0,8314593.289886557,0
2026-03-10 18:06:41,0,0,0,0,0,0,0,0,0,0,0,0,0,0,0,0,10831277.19153045,0
2026-03-10 18:07:11,0,0,0,0,0,0,0,0,0,0,0,0,0,0,0,0,6947663.448275862,0
2026-03-10 18:07:41,0,0,0,0,0,0,0,0,0,0,0,0,0,0,0,0,7973930.82997138,0
2026-03-10 18:08:11,0,0,0,0,0,0,0,0,0,0,0,0,0,0,0,0,7676363.28529067,0
2026-03-10 18:08:41,0,0,0,0,0,0,0,0,0,0,0,0,0,0,0,0,7064173.26527797,0
2026-03-10 18:09:11,0,0,0,0,0,0,0,0,0,0,0,0,0,0,0,0,7302332.701258403,0
2026-03-10 18:09:41,0,0,0,0,0,0,0,0,0,0,0,0,0,0,0,0,6336794.482758621,0
2026-03-10 18:10:11,0,0,0,0,0,0,0,0,0,0,0,0,0,0,0,0,6365136.255474704,0
2026-03-10 18:10:41,0,0,0,0,0,0,0,0,0,0,0,0,0,0,0,0,7228130.192604522,0
2026-03-10 18:11:11,0,0,0,0,0,0,0,0,0,0,0,0,0,0,0,0,8160631.944690659,0
2026-03-10 18:11:41,0,0,0,0,0,0,0,0,0,0,0,0,0,0,0,0,34791917.51439704,0
2026-03-10 18:12:11,0,0,0,0,0,0,0,0,0,0,0,0,0,0,0,0,15100301.36891831,0
2026-03-10 18:12:41,0,0,0,0,0,0,0,0,0,0,0,0,0,0,0,0,37529434.0299331,0
2026-03-10 18:13:11,0,0,0,0,0,0,0,0,0,0,0,0,0,0,0,0,5587791.448275862,0
2026-03-10 18:13:41,0,0,0,0,0,0,0,0,0,0,0,0,0,0,0,0,9964598.303565271,0
2026-03-10 18:14:11,0,0,0,0,0,0,0,0,0,0,0,0,0,0,0,0,29595923.580936622,0
2026-03-10 18:14:41,0,0,0,0,0,0,0,0,0,0,0,0,0,0,0,0,9109299.496586442,0
2026-03-10 18:15:11,0,0,0,0,0,0,0,0,0,0,0,0,0,0,0,0,14122082.554570844,0
2026-03-10 18:15:41,0,0,0,0,0,0,0,0,0,0,0,0,0,0,0,0,9586899.862068966,0
2026-03-10 18:16:11,0,0,0,0,0,0,0,0,0,0,0,0,0,0,0,0,10920218.48275862,0
2026-03-10 18:16:41,0,0,0,0,0,0,0,0,0,0,0,0,0,0,0,0,10263728.551724138,0
2026-03-10 18:17:11,0,0,0,0,0,0,0,0,0,0,0,0,0,0,0,0,8627239.730988102,0
2026-03-10 18:17:41,0,0,0,0,0,0,0,0,0,0,0,0,0,0,0,0,12099911.883338504,0
2026-03-10 18:18:11,0,0,0,0,0,0,0,0,0,0,0,0,0,0,0,0,8743444.37547417,0
2026-03-10 18:18:41,0,0,0,0,0,0,0,0,0,0,0,0,0,0,0,0,6591593.931034483,0
2026-03-10 18:19:11,0,0,0,0,0,0,0,0,0,0,0,0,0,0,0,0,5936516.413793104,0
2026-03-10 18:19:41,0,0,0,0,0,0,0,0,0,0,0,0,0,0,0,0,7592447.540870526,0
2026-03-10 18:20:11,0,0,0,0,0,0,0,0,0,0,0,0,0,0,0,0,17876753.775081016,0
2026-03-10 18:20:41,0,0,0,0,0,0,0,0,0,0,0,0,0,0,0,0,21432857.014791574,0
2026-03-10 18:21:11,0,0,0,0,0,0,0,0,0,0,0,0,0,0,0,0,37330427.28558126,0
2026-03-10 18:21:41,0,0,0,0,0,0,0,0,0,0,0,0,0,0,0,0,8488011.309174914,0
2026-03-10 18:22:11,0,0,0,0,0,0,0,0,0,0,0,0,0,0,0,0,9853338.390978998,0
2026-03-10 18:22:41,0,0,0,0,0,0,0,0,0,0,0,0,0,0,0,0,13251473.894751363,0
2026-03-10 18:23:11,0,0,0,0,0,0,0,0,0,0,0,0,0,0,0,0,6401324.046617475,0
2026-03-10 18:23:41,0,0,0,0,0,0,0,0,0,0,0,0,0,0,0,0,9037188.413793104,0
2026-03-10 18:24:11,0,0,0,0,0,0,0,0,0,0,0,0,0,0,0,0,10046075.586206896,0
2026-03-10 18:24:41,0,0,0,0,0,0,0,0,0,0,0,0,0,0,0,0,10768137.940547625,0
2026-03-10 18:25:11,0,0,0,0,0,0,0,0,0,0,0,0,0,0,0,0,7450918.568572019,0
2026-03-10 18:25:41,0,0,0,0,0,0,0,0,0,0,0,0,0,0,0,0,8262345.484015588,0
2026-03-10 18:26:11,0,0,0,0,0,0,0,0,0,0,0,0,0,0,0,0,8799296.048548376,0
2026-03-10 18:26:41,0,0,0,0,0,0,0,0,0,0,0,0,0,0,0,0,6062565.920612477,0
2026-03-10 18:27:11,0,0,0,0,0,0,0,0,0,0,0,0,0,0,0,0,7184847.101024385,0
2026-03-10 18:27:41,0,0,0,0,0,0,0,0,0,0,0,0,0,0,0,0,7582915.721622833,0
2026-03-10 18:28:11,0,0,0,0,0,0,0,0,0,0,0,0,0,0,0,0,31812958.725561183,0
2026-03-10 18:28:41,0,0,0,0,0,0,0,0,0,0,0,0,0,0,0,0,55303980.413117684,0
2026-03-10 18:29:11,0,0,0,0,0,0,0,0,0,0,0,0,0,0,0,0,18393726.225777533,0
2026-03-10 18:29:41,0,0,0,0,0,0,0,0,0,0,0,0,0,0,0,0,60172042.48861912,0
2026-03-10 18:30:11,0,0,0,0,0,0,0,0,0,0,0,0,0,0,0,0,4303158.243122113,0
2026-03-10 18:30:41,0,0,0,0,0,0,0,0,0,0,0,0,0,0,0,0,22793085.15261252,0
2026-03-10 18:31:11,0,0,0,0,0,0,0,0,0,0,0,0,0,0,0,0,12408524.612784158,0
2026-03-10 18:31:41,0,0,0,0,0,0,0,0,0,0,0,0,0,0,0,0,18274374.659635335,0
2026-03-10 18:32:11,0,0,0,0,0,0,0,0,0,0,0,0,0,0,0,0,9542598.16564375,0
2026-03-10 18:32:41,0,0,0,0,0,0,0,0,0,0,0,0,0,0,0,0,6616202.496723912,0
2026-03-10 18:33:11,0,0,0,0,0,0,0,0,0,0,0,0,0,0,0,0,7579619.612440522,0
2026-03-10 18:33:41,0,0,0,0,0,0,0,0,0,0,0,0,0,0,0,0,10912682.166264229,0
2026-03-10 18:34:11,0,0,0,0,0,0,0,0,0,0,0,0,0,0,0,0,9464268.100951593,0
2026-03-10 18:34:41,0,0,0,0,0,0,0,0,0,0,0,0,0,0,0,0,6892637.765131919,0
2026-03-10 18:35:11,0,0,0,0,0,0,0,0,0,0,0,0,0,0,0,0,6285730.836867695,0
2026-03-10 18:35:41,0,0,0,0,0,0,0,0,0,0,0,0,0,0,0,0,6216126.108102515,0
2026-03-10 18:36:11,0,0,0,0,0,0,0,0,0,0,0,0,0,0,0,0,25607234.878511116,0
2026-03-10 18:36:41,0,0,0,0,0,0,0,0,0,0,0,0,0,0,0,0,31933799.64826373,0
2026-03-10 18:37:11,0,0,0,0,0,0,0,0,0,0,0,0,0,0,0,0,7309615.143261042,0
2026-03-10 18:37:41,0,0,0,0,0,0,0,0,0,0,0,0,0,0,0,0,13355926.068965517,0
2026-03-10 18:38:11,0,0,0,0,0,0,0,0,0,0,0,0,0,0,0,0,7393335.080339287,0
2026-03-10 18:38:41,0,0,0,0,0,0,0,0,0,0,0,0,0,0,0,0,8129853.793103448,0
2026-03-10 18:39:11,0,0,0,0,0,0,0,0,0,0,0,0,0,0,0,0,7894666.390785573,0
2026-03-10 18:39:41,0,0,0,0,0,0,0,0,0,0,0,0,0,0,0,0,5694153.146009308,0
2026-03-10 18:40:11,0,0,0,0,0,0,0,0,0,0,0,0,0,0,0,0,4611407.56577813,0
2026-03-10 18:40:41,0,0,0,0,0,0,0,0,0,0,0,0,0,0,0,0,4618557.065029998,0
2026-03-10 18:41:11,0,0,0,0,0,0,0,0,0,0,0,0,0,0,0,0,6046334.953967104,0
2026-03-10 18:41:41,0,0,0,0,0,0,0,0,0,0,0,0,0,0,0,0,4584712.02455257,0
2026-03-10 18:42:11,0,0,0,0,0,0,0,0,0,0,0,0,0,0,0,0,6473561.594702718,0
2026-03-10 18:42:41,0,0,0,0,0,0,0,0,0,0,0,0,0,0,0,0,6957805.695373371,0
2026-03-10 18:43:11,0,0,0,0,0,0,0,0,0,0,0,0,0,0,0,0,10313021.793103449,0
2026-03-10 18:43:41,0,0,0,0,0,0,0,0,0,0,0,0,0,0,0,0,9348140.42347748,0
2026-03-10 18:44:11,0,0,0,0,0,0,0,0,0,0,0,0,0,0,0,0,9634440.490966763,0
2026-03-10 18:44:41,0,0,0,0,0,0,0,0,0,0,0,0,0,0,0,0,20368102.100651927,0
2026-03-10 18:45:11,0,0,0,0,0,0,0,0,0,0,0,0,0,0,0,0,18235724.799117148,0
2026-03-10 18:45:41,0,0,0,0,0,0,0,0,0,0,0,0,0,0,0,0,36871908.15376659,0
2026-03-10 18:46:11,0,0,0,0,0,0,0,0,0,0,0,0,0,0,0,0,32121820.689655174,0
2026-03-10 18:46:41,0,0,0,0,0,0,0,0,0,0,0,0,0,0,0,0,7925778.360113096,0
2026-03-10 18:47:11,0,0,0,0,0,0,0,0,0,0,0,0,0,0,0,0,10901103.07251974,0
2026-03-10 18:47:41,0,0,0,0,0,0,0,0,0,0,0,0,0,0,0,0,9887792.580333747,0
2026-03-10 18:48:11,0,0,0,0,0,0,0,0,0,0,0,0,0,0,0,0,12878268.078209592,0
2026-03-10 18:48:41,0,0,0,0,0,0,0,0,0,0,0,0,0,0,0,0,16394875.211199615,0
2026-03-10 18:49:11,0,0,0,0,0,0,0,0,0,0,0,0,0,0,0,0,13021864.9012103,0
2026-03-10 18:49:41,0,0,0,0,0,0,0,0,0,0,0,0,0,0,0,0,14701467.062150791,0
2026-03-10 18:50:11,0,0,0,0,0,0,0,0,0,0,0,0,0,0,0,0,5778010.826466228,0
2026-03-10 18:50:41,0,0,0,0,0,0,0,0,0,0,0,0,0,0,0,0,6509399.069126013,0
2026-03-10 18:51:11,0,0,0,0,0,0,0,0,0,0,0,0,0,0,0,0,10447391.511222979,0
2026-03-10 18:51:41,0,0,0,0,0,0,0,0,0,0,0,0,0,0,0,0,7598786.206896552,0
2026-03-10 18:52:11,0,0,0,0,0,0,0,0,0,0,0,0,0,0,0,0,6707553.1034482755,0
2026-03-10 18:52:41,0,0,0,0,0,0,0,0,0,0,0,0,0,0,0,0,8488789.074355084,0
2026-03-10 18:53:11,0,0,0,0,0,0,0,0,0,0,0,0,0,0,0,0,8521623.280350309,0
2026-03-10 18:53:41,0,0,0,0,0,0,0,0,0,0,0,0,0,0,0,0,7406160.063446087,0
2026-03-10 18:54:11,0,0,0,0,0,0,0,0,0,0,0,0,0,0,0,0,16298675.495775133,0
2026-03-10 18:54:41,0,0,0,0,0,0,0,0,0,0,0,0,0,0,0,0,13769132.135343013,0
2026-03-10 18:55:11,0,0,0,0,0,0,0,0,0,0,0,0,0,0,0,0,29252745.561722223,0
2026-03-10 18:55:41,0,0,0,0,0,0,0,0,0,0,0,0,0,0,0,0,10987577.190926015,0
2026-03-10 18:56:11,0,0,0,0,0,0,0,0,0,0,0,0,0,0,0,0,27455148.196676094,0
2026-03-10 18:56:41,0,0,0,0,0,0,0,0,0,0,0,0,0,0,0,0,17024626.715398937,0
2026-03-10 18:57:11,0,0,0,0,0,0,0,0,0,0,0,0,0,0,0,0,14755910.620689655,0
2026-03-10 18:57:41,0,0,0,0,0,0,0,0,0,0,0,0,0,0,0,0,13028926.726664595,0
2026-03-10 18:58:11,0,0,0,0,0,0,0,0,0,0,0,0,0,0,0,0,27551352.25352598,0
2026-03-10 18:58:41,0,0,0,0,0,0,0,0,0,0,0,0,0,0,0,0,31021328.092134755,0
2026-03-10 18:59:11,0,0,0,0,0,0,0,0,0,0,0,0,0,0,0,0,17502246.560226213,0
2026-03-10 18:59:41,0,0,0,0,0,0,0,0,0,0,0,0,0,0,0,0,16429602.095684547,0
2026-03-10 19:00:11,0,0,0,0,0,0,0,0,0,0,0,0,0,0,0,0,13077115.586206896,0
2026-03-10 19:00:41,0,0,0,0,0,0,0,0,0,0,0,0,0,0,0,0,4046708.458329023,0
2026-03-10 19:01:11,0,0,0,0,0,0,0,0,0,0,0,0,0,0,0,0,10789570.206896551,0
2026-03-10 19:01:41,0,0,0,0,0,0,0,0,0,0,0,0,0,0,0,0,8229146.482758621,0
2026-03-10 19:02:11,0,0,0,0,0,0,0,0,0,0,0,0,0,0,0,0,15986970.48275862,0
2026-03-10 19:02:41,0,0,0,0,0,0,0,0,0,0,0,0,0,0,0,0,22204297.082959797,0
2026-03-10 19:03:11,0,0,0,0,0,0,0,0,0,0,0,0,0,0,0,0,21461661.43660126,0
2026-03-10 19:03:41,0,0,0,0,0,0,0,0,0,0,0,0,0,0,0,0,11243589.213049175,0
2026-03-10 19:04:11,0,0,0,0,0,0,0,0,0,0,0,0,0,0,0,0,18378317.169069465,0
2026-03-10 19:04:41,0,0,0,0,0,0,0,0,0,0,0,0,0,0,0,0,12446152.170165822,0
2026-03-10 19:05:11,0,0,0,0,0,0,0,0,0,0,0,0,0,0,0,0,6300332.643773273,0
2026-03-10 19:05:41,0,0,0,0,0,0,0,0,0,0,0,0,0,0,0,0,6787636.9655172415,0
2026-03-10 19:06:11,0,0,0,0,0,0,0,0,0,0,0,0,0,0,0,0,11320072.827586208,0
2026-03-10 19:06:41,0,0,0,0,0,0,0,0,0,0,0,0,0,0,0,0,19441169.655172415,0
2026-03-10 19:07:11,0,0,0,0,0,0,0,0,0,0,0,0,0,0,0,0,12145053.865783846,0
2026-03-10 19:07:41,0,0,0,0,0,0,0,0,0,0,0,0,0,0,0,0,9155382.589208756,0
2026-03-10 19:08:11,0,0,0,0,0,0,0,0,0,0,0,0,0,0,0,0,13600979.862068966,0
2026-03-10 19:08:41,0,0,0,0,0,0,0,0,0,0,0,0,0,0,0,0,31222853.989930347,0
2026-03-10 19:09:11,0,0,0,0,0,0,0,0,0,0,0,0,0,0,0,0,7803895.455485829,0
2026-03-10 19:09:41,0,0,0,0,0,0,0,0,0,0,0,0,0,0,0,0,10445223.72413793,0
2026-03-10 19:10:11,0,0,0,0,0,0,0,0,0,0,0,0,0,0,0,0,10265137.4982761,0
2026-03-10 19:10:41,0,0,0,0,0,0,0,0,0,0,0,0,0,0,0,0,4402493.793103448,0
2026-03-10 19:11:11,0,0,0,0,0,0,0,0,0,0,0,0,0,0,0,0,29873745.87618193,0
2026-03-10 19:11:41,0,0,0,0,0,0,0,0,0,0,0,0,0,0,0,0,5829976.156019572,0
2026-03-10 19:12:11,0,0,0,0,0,0,0,0,0,0,0,0,0,0,0,0,8495496.327966074,0
2026-03-10 19:12:41,0,0,0,0,0,0,0,0,0,0,0,0,0,0,0,0,9990664.138192602,0
2026-03-10 19:13:11,0,0,0,0,0,0,0,0,0,0,0,0,0,0,0,0,9273813.002241766,0
2026-03-10 19:13:41,0,0,0,0,0,0,0,0,0,0,0,0,0,0,0,0,11912901.699824158,0
2026-03-10 19:14:11,0,0,0,0,0,0,0,0,0,0,0,0,0,0,0,0,13735367.295554101,0
2026-03-10 19:14:41,0,0,0,0,0,0,0,0,0,0,0,0,0,0,0,0,9706960.838389412,0
2026-03-10 19:15:11,0,0,0,0,0,0,0,0,0,0,0,0,0,0,0,0,3946268.6484808773,0
2026-03-10 19:15:41,0,0,0,0,0,0,0,0,0,0,0,0,0,0,0,0,4563020.824713833,0
2026-03-10 19:16:11,0,0,0,0,0,0,0,0,0,0,0,0,0,0,0,0,7517289.931034483,0
2026-03-10 19:16:41,0,0,0,0,0,0,0,0,0,0,0,0,0,0,0,0,8024358.044272809,0
2026-03-10 19:17:11,0,0,0,0,0,0,0,0,0,0,0,0,0,0,0,0,6979118.452360425,0
2026-03-10 19:17:41,0,0,0,0,0,0,0,0,0,0,0,0,0,0,0,0,7819443.781677758,0
2026-03-10 19:18:11,0,0,0,0,0,0,0,0,0,0,0,0,0,0,0,0,5790779.670367561,0
2026-03-10 19:18:41,0,0,0,0,0,0,0,0,0,0,0,0,0,0,0,0,10615644.401531085,0
2026-03-10 19:19:11,0,0,0,0,0,0,0,0,0,0,0,0,0,0,0,0,43029114.858108334,0
2026-03-10 19:19:41,0,0,0,0,0,0,0,0,0,0,0,0,0,0,0,0,8493236.699651761,0
2026-03-10 19:20:11,0,0,0,0,0,0,0,0,0,0,0,0,0,0,0,0,24527690.45073628,0
2026-03-10 19:20:41,0,0,0,0,0,0,0,0,0,0,0,0,0,0,0,0,35320761.87849114,0
2026-03-10 19:21:11,0,0,0,0,0,0,0,0,0,0,0,0,0,0,0,0,17904693.493327815,0
2026-03-10 19:21:41,0,0,0,0,0,0,0,0,0,0,0,0,0,0,0,0,7088888.306131603,0
2026-03-10 19:22:11,0,0,0,0,0,0,0,0,0,0,0,0,0,0,0,0,10238375.444042075,0
2026-03-10 19:22:41,0,0,0,0,0,0,0,0,0,0,0,0,0,0,0,0,10962167.172413792,0
2026-03-10 19:23:11,0,0,0,0,0,0,0,0,0,0,0,0,0,0,0,0,9130754.948617145,0
2026-03-10 19:23:41,0,0,0,0,0,0,0,0,0,0,0,0,0,0,0,0,9954207.923864692,0
2026-03-10 19:24:11,0,0,0,0,0,0,0,0,0,0,0,0,0,0,0,0,16034592.924625888,0
2026-03-10 19:24:41,0,0,0,0,0,0,0,0,0,0,0,0,0,0,0,0,13460404.261922002,0
2026-03-10 19:25:11,0,0,0,0,0,0,0,0,0,0,0,0,0,0,0,0,8747521.500741404,0
2026-03-10 19:25:41,0,0,0,0,0,0,0,0,0,0,0,0,0,0,0,0,7563671.678852255,0
2026-03-10 19:26:11,0,0,0,0,0,0,0,0,0,0,0,0,0,0,0,0,16067347.746629424,0
2026-03-10 19:26:41,0,0,0,0,0,0,0,0,0,0,0,0,0,0,0,0,21647279.49796566,0
2026-03-10 19:27:11,0,0,0,0,0,0,0,0,0,0,0,0,0,0,0,0,10277993.931034483,0
2026-03-10 19:27:41,0,0,0,0,0,0,0,0,0,0,0,0,0,0,0,0,7905864.698986277,0
2026-03-10 19:28:11,0,0,0,0,0,0,0,0,0,0,0,0,0,0,0,0,30353902.344827585,0
2026-03-10 19:28:41,0,0,0,0,0,0,0,0,0,0,0,0,0,0,0,0,7289860.202075932,0
2026-03-10 19:29:11,0,0,0,0,0,0,0,0,0,0,0,0,0,0,0,0,10901150.896551725,0
2026-03-10 19:29:41,0,0,0,0,0,0,0,0,0,0,0,0,0,0,0,0,19168669.816200554,0
2026-03-10 19:30:11,0,0,0,0,0,0,0,0,0,0,0,0,0,0,0,0,10144803.310344828,0
2026-03-10 19:30:41,0,0,0,0,0,0,0,0,0,0,0,0,0,0,0,0,19903834.511291154,0
2026-03-10 19:31:11,0,0,0,0,0,0,0,0,0,0,0,0,0,0,0,0,9549093.116291903,0
2026-03-10 19:31:41,0,0,0,0,0,0,0,0,0,0,0,0,0,0,0,0,6974159.575201711,0
2026-03-10 19:32:11,0,0,0,0,0,0,0,0,0,0,0,0,0,0,0,0,9904975.448275862,0
2026-03-10 19:32:41,0,0,0,0,0,0,0,0,0,0,0,0,0,0,0,0,4755998.2069583805,0
2026-03-10 19:33:11,0,0,0,0,0,0,0,0,0,0,0,0,0,0,0,0,4321421.24137931,0
2026-03-10 19:33:41,0,0,0,0,0,0,0,0,0,0,0,0,0,0,0,0,6110523.484378233,0
2026-03-10 19:34:11,0,0,0,0,0,0,0,0,0,0,0,0,0,0,0,0,9306073.583669528,0
2026-03-10 19:34:41,0,0,0,0,0,0,0,0,0,0,0,0,0,0,0,0,9389909.44515328,0
2026-03-10 19:35:11,0,0,0,0,0,0,0,0,0,0,0,0,0,0,0,0,5104004.965346022,0
2026-03-10 19:35:41,0,0,0,0,0,0,0,0,0,0,0,0,0,0,0,0,5242433.631065282,0
2026-03-10 19:36:11,0,0,0,0,0,0,0,0,0,0,0,0,0,0,0,0,9154917.31604717,0
2026-03-10 19:36:41,0,0,0,0,0,0,0,0,0,0,0,0,0,0,0,0,10557086.896551725,0
2026-03-10 19:37:11,0,0,0,0,0,0,0,0,0,0,0,0,0,0,0,0,15141923.310344828,0
2026-03-10 19:37:41,0,0,0,0,0,0,0,0,0,0,0,0,0,0,0,0,20666727.542329043,0
2026-03-10 19:38:11,0,0,0,0,0,0,0,0,0,0,0,0,0,0,0,0,8848891.00375849,0
2026-03-10 19:38:41,0,0,0,0,0,0,0,0,0,0,0,0,0,0,0,0,13635206.731266594,0
2026-03-10 19:39:11,0,0,0,0,0,0,0,0,0,0,0,0,0,0,0,0,36199344.714605965,0
2026-03-10 19:39:41,0,0,0,0,0,0,0,0,0,0,0,0,0,0,0,0,5263965.800179273,0
2026-03-10 19:40:11,0,0,0,0,0,0,0,0,0,0,0,0,0,0,0,0,5819851.0344827585,0
2026-03-10 19:40:41,0,0,0,0,0,0,0,0,0,0,0,0,0,0,0,0,7402998.448222351,0
2026-03-10 19:41:11,0,0,0,0,0,0,0,0,0,0,0,0,0,0,0,0,12974220.873702722,0
2026-03-10 19:41:41,0,0,0,0,0,0,0,0,0,0,0,0,0,0,0,0,13290496.741491672,0
2026-03-10 19:42:11,0,0,0,0,0,0,0,0,0,0,0,0,0,0,0,0,6183331.655346,0
2026-03-10 19:42:41,0,0,0,0,0,0,0,0,0,0,0,0,0,0,0,0,9908082.758620689,0
2026-03-10 19:43:11,0,0,0,0,0,0,0,0,0,0,0,0,0,0,0,0,8250895.624288818,0
2026-03-10 19:43:41,0,0,0,0,0,0,0,0,0,0,0,0,0,0,0,0,3378469.050656919,0
2026-03-10 19:44:11,0,0,0,0,0,0,0,0,0,0,0,0,0,0,0,0,7394296.196682872,0
2026-03-10 19:44:41,0,0,0,0,0,0,0,0,0,0,0,0,0,0,0,0,7932707.650932663,0
2026-03-10 19:45:11,0,0,0,0,0,0,0,0,0,0,0,0,0,0,0,0,24018237.79310345,0
2026-03-10 19:45:41,0,0,0,0,0,0,0,0,0,0,0,0,0,0,0,0,3092938.3124719835,0
2026-03-10 19:46:11,0,0,0,0,0,0,0,0,0,0,0,0,0,0,0,0,13156180.821350986,0
2026-03-10 19:46:41,0,0,0,0,0,0,0,0,0,0,0,0,0,0,0,0,11605403.951587874,0
2026-03-10 19:47:11,0,0,0,0,0,0,0,0,0,0,0,0,0,0,0,0,49805003.93130562,0
2026-03-10 19:47:41,0,0,0,0,0,0,0,0,0,0,0,0,0,0,0,0,4599190.980243424,0
2026-03-10 19:48:11,0,0,0,0,0,0,0,0,0,0,0,0,0,0,0,0,6651797.779157183,0
2026-03-10 19:48:41,0,0,0,0,0,0,0,0,0,0,0,0,0,0,0,0,2860830.6726890327,0
2026-03-10 19:49:11,0,0,0,0,0,0,0,0,0,0,0,0,0,0,0,0,4350234.482758621,0
2026-03-10 19:49:41,0,0,0,0,0,0,0,0,0,0,0,0,0,0,0,0,4199953.655172414,0
2026-03-10 19:50:11,0,0,0,0,0,0,0,0,0,0,0,0,0,0,0,0,3230813.0973329195,0
2026-03-10 19:50:41,0,0,0,0,0,0,0,0,0,0,0,0,0,0,0,0,1692267.9900744415,0
2026-03-10 19:51:11,0,0,0,0,0,0,0,0,0,0,0,0,0,0,0,0,7305175.959449673,0
2026-03-10 19:51:41,0,0,0,0,0,0,0,0,0,0,0,0,0,0,0,0,2857625.1551510138,0
2026-03-10 19:52:11,0,0,0,0,0,0,0,0,0,0,0,0,0,0,0,0,8154289.852074067,0
2026-03-10 19:52:41,0,0,0,0,0,0,0,0,0,0,0,0,0,0,0,0,19672918.928238902,0
2026-03-10 19:53:11,0,0,0,0,0,0,0,0,0,0,0,0,0,0,0,0,12822438.95038102,0
2026-03-10 19:53:41,0,0,0,0,0,0,0,0,0,0,0,0,0,0,0,0,2682315.0344827585,0
2026-03-10 19:54:11,0,0,0,0,0,0,0,0,0,0,0,0,0,0,0,0,935518.3780428936,0
2026-03-10 19:54:41,0,0,0,0,0,0,0,0,0,0,0,0,0,0,0,0,11440532.248612499,0
2026-03-10 19:55:11,0,0,0,0,0,0,0,0,0,0,0,0,0,0,0,0,11381167.804676184,0
2026-03-10 19:55:41,0,0,0,0,0,0,0,0,0,0,0,0,0,0,0,0,5869911.652125934,0
2026-03-10 19:56:11,0,0,0,0,0,0,0,0,0,0,0,0,0,0,0,0,15048280.275862068,0
2026-03-10 19:56:41,0,0,0,0,0,0,0,0,0,0,0,0,0,0,0,0,5595366.780455845,0
2026-03-10 19:57:11,0,0,0,0,0,0,0,0,0,0,0,0,0,0,0,0,8035363.310344827,0
2026-03-10 19:57:41,0,0,0,0,0,0,0,0,0,0,0,0,0,0,0,0,7799745.637630182,0
2026-03-10 19:58:11,0,0,0,0,0,0,0,0,0,0,0,0,0,0,0,0,4499950.344827586,0
2026-03-10 19:58:41,0,0,0,0,0,0,0,0,0,0,0,0,0,0,0,0,1278472.8802455086,0
2026-03-10 19:59:11,0,0,0,0,0,0,0,0,0,0,0,0,0,0,0,0,345947.8548765347,0
2026-03-10 19:59:41,0,0,0,0,0,0,0,0,0,0,0,0,0,0,0,0,233754.4827586207,0
2026-03-10 20:00:11,0,0,0,0,0,0,0,0,0,0,0,0,0,0,0,0,14336776.854374288,0
2026-03-10 20:00:41,0,0,0,0,0,0,0,0,0,0,0,0,0,0,0,0,117504.72381215089,0
2026-03-10 20:01:11,0,0,0,0,0,0,0,0,0,0,0,0,0,0,0,0,2021802.4342309418,0
2026-03-10 20:01:41,0,0,0,0,0,0,0,0,0,0,0,0,0,0,0,0,9474471.72413793,0
2026-03-10 20:02:11,0,0,0,0,0,0,0,0,0,0,0,0,0,0,0,0,2671347.3328505917,0
2026-03-10 20:02:41,0,0,0,0,0,0,0,0,0,0,0,0,0,0,0,0,5295139.310344827,0
2026-03-10 20:03:11,0,0,0,0,0,0,0,0,0,0,0,0,0,0,0,0,5063678.057864063,0
2026-03-10 20:03:41,0,0,0,0,0,0,0,0,0,0,0,0,0,0,0,0,1550036.3460808992,0
2026-03-10 20:04:11,0,0,0,0,0,0,0,0,0,0,0,0,0,0,0,0,2674313.299541395,0
2026-03-10 20:04:41,0,0,0,0,0,0,0,0,0,0,0,0,0,0,0,0,2361859.9903441616,0
2026-03-10 20:05:11,0,0,0,0,0,0,0,0,0,0,0,0,0,0,0,0,5677370.664092132,0
2026-03-10 20:05:41,0,0,0,0,0,0,0,0,0,0,0,0,0,0,0,0,4700533.949446532,0
2026-03-10 20:06:11,0,0,0,0,0,0,0,0,0,0,0,0,0,0,0,0,3606649.2431817404,0
2026-03-10 20:06:41,0,0,0,0,0,0,0,0,0,0,0,0,0,0,0,0,5168906.514017724,0
2026-03-10 20:07:11,0,0,0,0,0,0,0,0,0,0,0,0,0,0,0,0,3458012.689655172,0
2026-03-10 20:07:41,0,0,0,0,0,0,0,0,0,0,0,0,0,0,0,0,112596.55778981134,0
2026-03-10 20:08:11,0,0,0,0,0,0,0,0,0,0,0,0,0,0,0,0,330668.87371542864,0
2026-03-10 20:08:41,0,0,0,0,0,0,0,0,0,0,0,0,0,0,0,0,2398619.6338057304,0
2026-03-10 20:09:11,0,0,0,0,0,0,0,0,0,0,0,0,0,0,0,0,2198563.3103448274,0
2026-03-10 20:09:41,0,0,0,0,0,0,0,0,0,0,0,0,0,0,0,0,245178.12564650713,0
2026-03-10 20:10:11,0,0,0,0,0,0,0,0,0,0,0,0,0,0,0,0,974848,0
2026-03-10 20:10:41,0,0,0,0,0,0,0,0,0,0,0,0,0,0,0,0,3192086.3418502808,0
2026-03-10 20:11:11,0,0,0,0,0,0,0,0,0,0,0,0,0,0,0,0,1831681.3683230453,0
2026-03-10 20:11:41,0,0,0,0,0,0,0,0,0,0,0,0,0,0,0,0,3157874.7586206896,0
2026-03-10 20:12:11,0,0,0,0,0,0,0,0,0,0,0,0,0,0,0,0,4580091.984140665,0
2026-03-10 20:12:41,0,0,0,0,0,0,0,0,0,0,0,0,0,0,0,0,2848599.151753388,0
2026-03-10 20:13:11,0,0,0,0,0,0,0,0,0,0,0,0,0,0,0,0,3183894.6243232987,0
2026-03-10 20:13:41,0,0,0,0,0,0,0,0,0,0,0,0,0,0,0,0,2230240.5792104807,0
2026-03-10 20:14:11,0,0,0,0,0,0,0,0,0,0,0,0,0,0,0,0,2478644.9655172415,0
2026-03-10 20:14:41,0,0,0,0,0,0,0,0,0,0,0,0,0,0,0,0,3837801.855236387,0
2026-03-10 20:15:11,0,0,0,0,0,0,0,0,0,0,0,0,0,0,0,0,4352918.068965517,0
2026-03-10 20:15:41,0,0,0,0,0,0,0,0,0,0,0,0,0,0,0,0,5023673.379310344,0
2026-03-10 20:16:11,0,0,0,0,0,0,0,0,0,0,0,0,0,0,0,0,10758796.538289145,0
2026-03-10 20:16:41,0,0,0,0,0,0,0,0,0,0,0,0,0,0,0,0,5494289.655172414,0
2026-03-10 20:17:11,0,0,0,0,0,0,0,0,0,0,0,0,0,0,0,0,4182433.763188746,0
2026-03-10 20:17:41,0,0,0,0,0,0,0,0,0,0,0,0,0,0,0,0,3612829.902417158,0
2026-03-10 20:18:11,0,0,0,0,0,0,0,0,0,0,0,0,0,0,0,0,20522607.48959778,0
2026-03-10 20:18:41,0,0,0,0,0,0,0,0,0,0,0,0,0,0,0,0,2380787.640526933,0
2026-03-10 20:19:11,0,0,0,0,0,0,0,0,0,0,0,0,0,0,0,0,1806776.3602510171,0
2026-03-10 20:19:41,0,0,0,0,0,0,0,0,0,0,0,0,0,0,0,0,831205.5172413792,0
2026-03-10 20:20:11,0,0,0,0,0,0,0,0,0,0,0,0,0,0,0,0,669907.8620689656,0
2026-03-10 20:20:41,0,0,0,0,0,0,0,0,0,0,0,0,0,0,0,0,912011.5882048629,0
2026-03-10 20:21:11,0,0,0,0,0,0,0,0,0,0,0,0,0,0,0,0,2345393.9791027275,0
2026-03-10 20:21:41,0,0,0,0,0,0,0,0,0,0,0,0,0,0,0,0,1205852.2323737286,0
2026-03-10 20:22:11,0,0,0,0,0,0,0,0,0,0,0,0,0,0,0,0,2423304.2278777845,0
2026-03-10 20:22:41,0,0,0,0,0,0,0,0,0,0,0,0,0,0,0,0,4951669.78171661,0
2026-03-10 20:23:11,0,0,0,0,0,0,0,0,0,0,0,0,0,0,0,0,3067268.087454307,0
2026-03-10 20:23:41,0,0,0,0,0,0,0,0,0,0,0,0,0,0,0,0,3464205.5243284246,0
2026-03-10 20:24:11,0,0,0,0,0,0,0,0,0,0,0,0,0,0,0,0,2958889.2644066624,0
2026-03-10 20:24:41,0,0,0,0,0,0,0,0,0,0,0,0,0,0,0,0,3404575.7638457823,0
2026-03-10 20:25:11,0,0,0,0,0,0,0,0,0,0,0,0,0,0,0,0,7845640.307618029,0
2026-03-10 20:25:41,0,0,0,0,0,0,0,0,0,0,0,0,0,0,0,0,2741400.6413571946,0
2026-03-10 20:26:11,0,0,0,0,0,0,0,0,0,0,0,0,0,0,0,0,1769109.2796303318,0
2026-03-10 20:26:41,0,0,0,0,0,0,0,0,0,0,0,0,0,0,0,0,3361660.746922307,0
2026-03-10 20:27:11,0,0,0,0,0,0,0,0,0,0,0,0,0,0,0,0,1549471.3610814165,0
2026-03-10 20:27:41,0,0,0,0,0,0,0,0,0,0,0,0,0,0,0,0,1086711.1724137932,0
2026-03-10 20:28:11,0,0,0,0,0,0,0,0,0,0,0,0,0,0,0,0,1890233.3793103448,0
2026-03-10 20:28:41,0,0,0,0,0,0,0,0,0,0,0,0,0,0,0,0,6106704.559564048,0
2026-03-10 20:29:11,0,0,0,0,0,0,0,0,0,0,0,0,0,0,0,0,4370046.075320734,0
2026-03-10 20:29:41,0,0,0,0,0,0,0,0,0,0,0,0,0,0,0,0,7400569.970342782,0
2026-03-10 20:30:11,0,0,0,0,0,0,0,0,0,0,0,0,0,0,0,0,6630381.461429704,0
2026-03-10 20:30:41,0,0,0,0,0,0,0,0,0,0,0,0,0,0,0,0,13321075.07155419,0
2026-03-10 20:31:11,0,0,0,0,0,0,0,0,0,0,0,0,0,0,0,0,5066187.0344827585,0
2026-03-10 20:31:41,0,0,0,0,0,0,0,0,0,0,0,0,0,0,0,0,22726020.413793102,0
2026-03-10 20:32:11,0,0,0,0,0,0,0,0,0,0,0,0,0,0,0,0,40229358.344827585,0
2026-03-10 20:32:41,0,0,0,0,0,0,0,0,0,0,0,0,0,0,0,0,6341018.13668023,0
2026-03-10 20:33:11,0,0,0,0,0,0,0,0,0,0,0,0,0,0,0,0,7275202.206896552,0
2026-03-10 20:33:41,0,0,0,0,0,0,0,0,0,0,0,0,0,0,0,0,7576922.2283507995,0
2026-03-10 20:34:11,0,0,0,0,0,0,0,0,0,0,0,0,0,0,0,0,1998565.5172413792,0
2026-03-10 20:34:41,0,0,0,0,0,0,0,0,0,0,0,0,0,0,0,0,3692417.712787971,0
2026-03-10 20:35:11,0,0,0,0,0,0,0,0,0,0,0,0,0,0,0,0,4227231.342254104,0
2026-03-10 20:35:41,0,0,0,0,0,0,0,0,0,0,0,0,0,0,0,0,1314341.6787364646,0
2026-03-10 20:36:11,0,0,0,0,0,0,0,0,0,0,0,0,0,0,0,0,1310482.706300217,0
2026-03-10 20:36:41,0,0,0,0,0,0,0,0,0,0,0,0,0,0,0,0,2532968.998930997,0
2026-03-10 20:37:11,0,0,0,0,0,0,0,0,0,0,0,0,0,0,0,0,1424707.935303652,0
2026-03-10 20:37:41,0,0,0,0,0,0,0,0,0,0,0,0,0,0,0,0,667411.5456238361,0
2026-03-10 20:38:11,0,0,0,0,0,0,0,0,0,0,0,0,0,0,0,0,3339845.8037376734,0
2026-03-10 20:38:41,0,0,0,0,0,0,0,0,0,0,0,0,0,0,0,0,3086760.7421201463,0
2026-03-10 20:39:11,0,0,0,0,0,0,0,0,0,0,0,0,0,0,0,0,4817485.844339459,0
2026-03-10 20:39:41,0,0,0,0,0,0,0,0,0,0,0,0,0,0,0,0,3092338.7586206896,0
2026-03-10 20:40:11,0,0,0,0,0,0,0,0,0,0,0,0,0,0,0,0,3090998.275743155,0
2026-03-10 20:40:41,0,0,0,0,0,0,0,0,0,0,0,0,0,0,0,0,3490519.085548774,0
2026-03-10 20:41:11,0,0,0,0,0,0,0,0,0,0,0,0,0,0,0,0,27519510.085859105,0
2026-03-10 20:41:41,0,0,0,0,0,0,0,0,0,0,0,0,0,0,0,0,8011904.821022139,0
2026-03-10 20:42:11,0,0,0,0,0,0,0,0,0,0,0,0,0,0,0,0,3385580.359297955,0
2026-03-10 20:42:41,0,0,0,0,0,0,0,0,0,0,0,0,0,0,0,0,33436659.746887818,0
2026-03-10 20:43:11,0,0,0,0,0,0,0,0,0,0,0,0,0,0,0,0,4555332.8045794675,0
2026-03-10 20:43:41,0,0,0,0,0,0,0,0,0,0,0,0,0,0,0,0,4891526.312159459,0
2026-03-10 20:44:11,0,0,0,0,0,0,0,0,0,0,0,0,0,0,0,0,8465462.169804813,0
2026-03-10 20:44:41,0,0,0,0,0,0,0,0,0,0,0,0,0,0,0,0,4839314.664091599,0
2026-03-10 20:45:11,0,0,0,0,0,0,0,0,0,0,0,0,0,0,0,0,1784038.0663402525,0
2026-03-10 20:45:41,0,0,0,0,0,0,0,0,0,0,0,0,0,0,0,0,699758.0522794676,0
2026-03-10 20:46:11,0,0,0,0,0,0,0,0,0,0,0,0,0,0,0,0,1654248.922302307,0
2026-03-10 20:46:41,0,0,0,0,0,0,0,0,0,0,0,0,0,0,0,0,362566.6206896552,0
2026-03-10 20:47:11,0,0,0,0,0,0,0,0,0,0,0,0,0,0,0,0,923467.9816545397,0
2026-03-10 20:47:41,0,0,0,0,0,0,0,0,0,0,0,0,0,0,0,0,1386757.897641054,0
2026-03-10 20:48:11,0,0,0,0,0,0,0,0,0,0,0,0,0,0,0,0,2299974.620689655,0
2026-03-10 20:48:41,0,0,0,0,0,0,0,0,0,0,0,0,0,0,0,0,3073977.379310345,0
2026-03-10 20:49:11,0,0,0,0,0,0,0,0,0,0,0,0,0,0,0,0,6119211.283147694,0
2026-03-10 20:49:41,0,0,0,0,0,0,0,0,0,0,0,0,0,0,0,0,5199556.950239663,0
2026-03-10 20:50:11,0,0,0,0,0,0,0,0,0,0,0,0,0,0,0,0,8485378.577832956,0
2026-03-10 20:50:41,0,0,0,0,0,0,0,0,0,0,0,0,0,0,0,0,4448397.24137931,0
2026-03-10 20:51:11,0,0,0,0,0,0,0,0,0,0,0,0,0,0,0,0,8818970.48275862,0
2026-03-10 20:51:41,0,0,0,0,0,0,0,0,0,0,0,0,0,0,0,0,6212930.546934272,0
2026-03-10 20:52:11,0,0,0,0,0,0,0,0,0,0,0,0,0,0,0,0,8693470.5275466,0
2026-03-10 20:52:41,0,0,0,0,0,0,0,0,0,0,0,0,0,0,0,0,4711649.943105411,0
2026-03-10 20:53:11,0,0,0,0,0,0,0,0,0,0,0,0,0,0,0,0,31566941.720118627,0
2026-03-10 20:53:41,0,0,0,0,0,0,0,0,0,0,0,0,0,0,0,0,5950986.999551708,0
2026-03-10 20:54:11,0,0,0,0,0,0,0,0,0,0,0,0,0,0,0,0,1063123.8620689656,0
2026-03-10 20:54:41,0,0,0,0,0,0,0,0,0,0,0,0,0,0,0,0,5873178.993827798,0
2026-03-10 20:55:11,0,0,0,0,0,0,0,0,0,0,0,0,0,0,0,0,5139632.551724138,0
