Time,"__name__=""dockerstats_memory_usage_bytes"",id=""0cd2d8d58c18"",instance=""docker-stats-exporter:9487"",job=""docker-stats-exporter"",name=""rskj-miner1""","__name__=""dockerstats_memory_usage_bytes"",id=""6f7f8ac1cb36"",instance=""docker-stats-exporter:9487"",job=""docker-stats-exporter"",name=""rskj-miner2""","__name__=""dockerstats_memory_usage_bytes"",id=""7644cd0a6602"",instance=""docker-stats-exporter:9487"",job=""docker-stats-exporter"",name=""rskj-node1""","__name__=""dockerstats_memory_usage_bytes"",id=""7f7806dc2042"",instance=""docker-stats-exporter:9487"",job=""docker-stats-exporter"",name=""rskj-miner3""","__name__=""dockerstats_memory_usage_bytes"",id=""bca28762949e"",instance=""docker-stats-exporter:9487"",job=""docker-stats-exporter"",name=""rskj-miner4""","__name__=""dockerstats_memory_usage_bytes"",id=""e471240ed05b"",instance=""docker-stats-exporter:9487"",job=""docker-stats-exporter"",name=""rskj-node2"""
2026-03-10 15:56:41,822652928,818118656,714952704,720515072,686600192,707883008
2026-03-10 15:57:11,2708885504,1486741504,1338580992,2629816320,1376821248,972726272
2026-03-10 15:57:41,2843721728,1570586624,1433206784,2800369664,1535336448,1345413120
2026-03-10 15:58:11,2811711488,1636761600,1478721536,2881069056,1609539584,1781923840
2026-03-10 15:58:41,2895896576,1709641728,1529765888,2870444032,1678921728,1818640384
2026-03-10 15:59:11,2961387520,1698258944,1550659584,2945101824,1654562816,1825370112
2026-03-10 15:59:41,2956103680,1779924992,1567043584,2943451136,1756991488,1867001856
2026-03-10 16:00:11,3041837056,1750036480,1587351552,3031482368,1729593344,1873870848
2026-03-10 16:00:41,3075620864,1777004544,1592987648,3066515456,1760972800,1901678592
2026-03-10 16:01:11,3022831616,1822969856,1597952000,3017457664,1814605824,1910595584
2026-03-10 16:01:41,3057782784,1876217856,1645563904,3075203072,1866686464,1916579840
2026-03-10 16:02:11,3529932800,1985335296,1673273344,3363983360,1945378816,2354130944
2026-03-10 16:02:41,3574149120,1945968640,1707270144,3413643264,1903796224,2480836608
2026-03-10 16:03:11,3516342272,1981493248,1736908800,3351187456,1962967040,2486910976
2026-03-10 16:03:41,3547525120,2046136320,1763385344,3388743680,2035097600,2490351616
2026-03-10 16:04:11,3572326400,2090938368,1773723648,3418722304,2076925952,2496753664
2026-03-10 16:04:41,3592179712,2129502208,1781977088,3438567424,2116390912,2500157440
2026-03-10 16:05:11,3625467904,2200248320,1808502784,3381891072,2079916032,3028316160
2026-03-10 16:05:41,3554406400,2128351232,1829879808,3404189696,2109583360,3034652672
2026-03-10 16:06:11,3579174912,2180227072,1855995904,3529494528,2168082432,3048472576
2026-03-10 16:06:41,3614539776,2236731392,1886228480,3565445120,2230157312,3056181248
2026-03-10 16:07:11,3638599680,2282160128,1900867584,3591286784,2280955904,3131269120
2026-03-10 16:07:41,3751309312,2374950912,1915817984,3649880064,2281963520,3133923328
2026-03-10 16:08:11,3691925504,2332291072,1915625472,3690508288,2340044800,3133759488
2026-03-10 16:08:41,3725062144,2371944448,1919004672,3724808192,2393550848,3547222016
2026-03-10 16:09:11,3741724672,2396405760,1938821120,3649490944,2320822272,3550650368
2026-03-10 16:09:41,3679932416,2343993344,1962909696,3680305152,2376052736,3555012608
2026-03-10 16:10:11,3708858368,2412634112,1973780480,3710132224,2434519040,3557699584
2026-03-10 16:10:41,3755876352,2456006656,1995616256,3792670720,2479263744,3560615936
2026-03-10 16:11:11,3834933248,2511581184,1998426112,3749470208,2431766528,3546615808
2026-03-10 16:11:41,3782422528,2460131328,2007646208,3833602048,2490970112,3564130304
2026-03-10 16:12:11,3824615424,2532544512,2007928832,3875586048,2564833280,3564281856
2026-03-10 16:12:41,3858894848,2479509504,2018795520,3929083904,2501500928,3567759360
2026-03-10 16:13:11,3880304640,2516717568,2107084800,3938037760,2609266688,3569422336
2026-03-10 16:13:41,3807985664,2546737152,2130051072,3963551744,2660356096,3572039680
2026-03-10 16:14:11,3833233408,2582298624,2136293376,3992174592,2703196160,3573653504
2026-03-10 16:14:41,3917979648,2612109312,2165784576,4062568448,2737373184,3580375040
2026-03-10 16:15:11,3944423424,2652819456,2198585344,4097404928,2672963584,3584716800
2026-03-10 16:15:41,3987283968,2600382464,2191331328,4042670080,2732941312,3612250112
2026-03-10 16:16:11,3934572544,2661232640,2211418112,4087906304,2794291200,3612393472
2026-03-10 16:16:41,3986317312,2709127168,2207412224,4136722432,2849890304,3615559680
2026-03-10 16:17:11,4027170816,2664329216,2226237440,4089552896,2815836160,3615617024
2026-03-10 16:17:41,3967557632,2696032256,2229166080,4128051200,2859859968,3618717696
2026-03-10 16:18:11,3989958656,2731081728,2231164928,4152156160,2906337280,3620438016
2026-03-10 16:18:41,4012695552,2757914624,2246070272,4175585280,2941861888,3606040576
2026-03-10 16:19:11,4100231168,2778894336,2252394496,4242792448,2873798656,3647836160
2026-03-10 16:19:41,4135432192,2745335808,2265034752,4191178752,2950942720,3649110016
2026-03-10 16:20:11,4163497984,2773123072,2282475520,4225269760,2991063040,3652255744
2026-03-10 16:20:41,4093693952,2806308864,2297479168,4253618176,3034038272,3657224192
2026-03-10 16:21:11,4136542208,2860929024,2298826752,4280520704,3094384640,3689668608
2026-03-10 16:21:41,4168425472,2902306816,2298994688,4208193536,3042369536,3689795584
2026-03-10 16:22:11,4261625856,2847268864,2313134080,4267532288,3099238400,3721203712
2026-03-10 16:22:41,4190912512,2863390720,2323746816,4290088960,3129786368,3722219520
2026-03-10 16:23:11,4222615552,2926043136,2340376576,4294180864,3199627264,3739668480
2026-03-10 16:23:41,4301873152,2968408064,2348068864,4159700992,3138310144,3764551680
2026-03-10 16:24:11,4340744192,3012132864,2362793984,4234022912,3177263104,3805601792
2026-03-10 16:24:41,4380237824,2959282176,2379694080,4269367296,3227189248,3809284096
2026-03-10 16:25:11,4321918976,2993324032,2395119616,4294115328,3253448704,3835346944
2026-03-10 16:25:41,4359610368,3056181248,2400706560,4191510528,3308253184,3836563456
2026-03-10 16:26:11,4432465920,3095236608,2417266688,4234158080,3235373056,3850104832
2026-03-10 16:26:41,4459233280,3026345984,2432098304,4252639232,3259310080,3853373440
2026-03-10 16:27:11,4485988352,3079020544,2434437120,4273414144,3301277696,3856723968
2026-03-10 16:27:41,4433510400,3123904512,2434752512,4294512640,3344805888,3856973824
2026-03-10 16:28:11,4472688640,3174506496,2437242880,4201463808,3391991808,3861037056
2026-03-10 16:28:41,4504391680,3213619200,2452140032,4229898240,3323891712,3866857472
2026-03-10 16:29:11,4528398336,3145302016,2460950528,4251582464,3342897152,3882500096
2026-03-10 16:29:41,4560064512,3190722560,2466390016,4277805056,3374731264,3886034944
2026-03-10 16:30:11,4508045312,3229446144,2490900480,4294508544,3409637376,3900026880
2026-03-10 16:30:41,4543565824,3289063424,2497556480,4196200448,3468500992,3921240064
2026-03-10 16:31:11,4573650944,3335344128,2510127104,4225191936,3413803008,3926904832
2026-03-10 16:31:41,4608442368,3286315008,2522255360,4258746368,3452731392,3929141248
2026-03-10 16:32:11,4546555904,3337494528,2523680768,4293685248,3493289984,3936210944
2026-03-10 16:32:41,4571136000,3369996288,2534981632,4189212672,3516657664,3952177152
2026-03-10 16:33:11,4593197056,3411288064,2549297152,4211044352,3548098560,3960279040
2026-03-10 16:33:41,4619468800,3457282048,2559221760,4238004224,3573620736,3989438464
2026-03-10 16:34:11,4641566720,3487285248,2573856768,4262330368,3596783616,3999346688
2026-03-10 16:34:41,4668940288,3441016832,2599305216,4291686400,3532472320,4042186752
2026-03-10 16:35:11,4605882368,3477139456,2600300544,4294844416,3582107648,4043423744
2026-03-10 16:35:41,4654178304,3528933376,2603716608,4215607296,3636826112,4050493440
2026-03-10 16:36:11,4677107712,3544502272,2615869440,4236218368,3650977792,4057722880
2026-03-10 16:36:41,4691365888,3565248512,2640814080,4267044864,3671764992,4078583808
2026-03-10 16:37:11,4709449728,3610304512,2754437120,4293623808,3820199936,4093743104
2026-03-10 16:37:41,4731592704,3658874880,2802851840,4294402048,3889528832,4264943616
2026-03-10 16:38:11,4667998208,3695529984,2805395456,4254965760,3900211200,4125827072
2026-03-10 16:38:41,4717715456,3693969408,2807836672,4245561344,3896766464,4128493568
2026-03-10 16:39:11,4744896512,3730665472,2839998464,4284653568,3934654464,4134469632
2026-03-10 16:39:41,4705382400,3712151552,2840186880,4211396608,3913728000,4148060160
2026-03-10 16:40:11,4736614400,3749371904,2844471296,4257947648,3954065408,4179636224
2026-03-10 16:40:41,4766982144,3792011264,2859479040,4294086656,3995504640,4182360064
2026-03-10 16:41:11,4707897344,3840745472,2859778048,4176506880,4038201344,4190265344
2026-03-10 16:41:41,4741660672,3774423040,2869751808,4227088384,3976814592,4201844736
2026-03-10 16:42:11,4765425664,3813199872,2888593408,4271267840,4016979968,4205670400
2026-03-10 16:42:41,4804464640,3865235456,2900566016,4294164480,4070129664,4218388480
2026-03-10 16:43:11,4736311296,3900084224,2915786752,4229300224,4108177408,4221919232
2026-03-10 16:43:41,4756713472,3946778624,2927472640,4273627136,4056793088,4231622656
2026-03-10 16:44:11,4788740096,3893653504,2942001152,4294758400,4101791744,4235087872
2026-03-10 16:44:41,4816957440,3934789632,2943406080,4294713344,4149194752,4236382208
2026-03-10 16:45:11,4840697856,3971997696,2973040640,4252286976,4069941248,4217651200
2026-03-10 16:45:41,4784910336,4041695232,2973175808,4294774784,4040445952,4217819136
2026-03-10 16:46:11,4830519296,3989737472,2974130176,4294791168,4093149184,4218765312
2026-03-10 16:46:41,4862717952,4028506112,2984239104,4272611328,4135993344,4229406720
2026-03-10 16:47:11,4800483328,4198711296,3135090688,4229464064,4083310592,4233715712
2026-03-10 16:47:41,4822720512,3976921088,2998075392,4256608256,4117618688,4243881984
2026-03-10 16:48:11,4853579776,4026470400,3028176896,4285120512,4160720896,4249808896
2026-03-10 16:48:41,4875870208,4070936576,3047587840,4293361664,4205350912,4255645696
2026-03-10 16:49:11,4920147968,4141260800,3053404160,4235014144,4275675136,4257099776
2026-03-10 16:49:41,4861849600,4113711104,3063459840,4283068416,4217257984,4257218560
2026-03-10 16:50:11,4902092800,4160434176,3065741312,4215996416,4265578496,4259516416
2026-03-10 16:50:41,4927758336,4200767488,3083268096,4259729408,4286304256,4265046016
2026-03-10 16:51:11,4857921536,4248162304,3106959360,4287545344,4293091328,4267896832
2026-03-10 16:51:41,4884029440,4289744896,3123679232,4294410240,4208783360,4272967680
2026-03-10 16:52:11,4913356800,4233146368,3138498560,4294705152,4277235712,4275597312
2026-03-10 16:52:41,4942340096,4283830272,3139993600,4252061696,4093251584,4156825600
2026-03-10 16:53:11,4878086144,4294344704,3153104896,4283273216,4143472640,4163182592
2026-03-10 16:53:41,4911251456,4294156288,3420225536,4232052736,4097884160,4171534336
2026-03-10 16:54:11,4937117696,4033363968,3181752320,4260175872,4143214592,4177027072
2026-03-10 16:54:41,4968468480,4103151616,3190583296,4242837504,4195979264,4182298624
2026-03-10 16:55:11,4905893888,4153200640,3213123584,4276674560,4242452480,4183666688
2026-03-10 16:55:41,4944801792,4202016768,3215990784,4294184960,4191469568,4186374144
2026-03-10 16:56:11,4989263872,4166070272,3233972224,4237774848,4258156544,4188569600
2026-03-10 16:56:41,4934119424,4216680448,3235442688,4279304192,4294909952,4191989760
2026-03-10 16:57:11,4993564672,4185497600,3236544512,4232093696,4228571136,4193079296
2026-03-10 16:57:41,4961017856,4238143488,3245260800,4294635520,4283461632,4196352000
2026-03-10 16:58:11,4999573504,4272447488,3256606720,4294246400,4188606464,4201480192
2026-03-10 16:58:41,5049774080,4249030656,3267076096,4267073536,4282228736,4204441600
2026-03-10 16:59:11,5001752576,4293931008,3268538368,4294721536,4294307840,4207869952
2026-03-10 16:59:41,5044842496,4203921408,3279048704,4257640448,4226465792,4212113408
2026-03-10 17:00:11,5073924096,4249800704,3288653824,4291276800,4274270208,4214009856
2026-03-10 17:00:41,5055930368,4289871872,3292004352,4294418432,4284563456,4262154240
2026-03-10 17:01:11,5073760256,4294504448,3401007104,4270612480,4292542464,4264239104
2026-03-10 17:01:41,5119885312,4294410240,3432329216,4292677632,4154335232,4163624960
2026-03-10 17:02:11,5184270336,4090208256,3441106944,4273889280,4211707904,4172578816
2026-03-10 17:02:41,5268672512,4137603072,3485478912,4294144000,4260818944,4178206720
2026-03-10 17:03:11,5248253952,4188241920,3486388224,4294705152,4294176768,4180267008
2026-03-10 17:03:41,5283356672,4229730304,3488206848,4294803456,4229283840,4188520448
2026-03-10 17:04:11,5323550720,4170334208,3491463168,4293283840,4234690560,4194586624
2026-03-10 17:04:41,5255434240,4201365504,3495112704,4293996544,4260192256,4201824256
2026-03-10 17:05:11,5489975296,4257992704,3511267328,4294291456,4288155648,4199972864
2026-03-10 17:05:41,5530808320,4275519488,3511836672,4294295552,4294750208,4207509504
2026-03-10 17:06:11,5574426624,4290899968,3528740864,4294692864,4215103488,4227121152
2026-03-10 17:06:41,5499236352,4294684672,3540570112,4263702528,4239708160,4236468224
2026-03-10 17:07:11,5523914752,4294336512,3551576064,4291141632,4271644672,4239400960
2026-03-10 17:07:41,5563105280,4294332416,3554385920,4186615808,4294942720,4245598208
2026-03-10 17:08:11,5598552064,4220919808,3567906816,4226953216,4218273792,4245794816
2026-03-10 17:08:41,5528473600,4246503424,3570855936,4170657792,4252110848,4252889088
2026-03-10 17:09:11,5556137984,4276531200,3572011008,4199309312,4279857152,4254633984
2026-03-10 17:09:41,5588115456,4294860800,3591811072,4239695872,4194926592,4256952320
2026-03-10 17:10:11,5627932672,4238221312,3591933952,4279357440,4236242944,4268380160
2026-03-10 17:10:41,5555404800,4274143232,3608215552,4205621248,4260790272,4281323520
2026-03-10 17:11:11,5586235392,4294242304,3608563712,4238422016,4291444736,4291133440
2026-03-10 17:11:41,5632241664,4239970304,3609919488,4255473664,4217016320,4293836800
2026-03-10 17:12:11,5577834496,4293525504,3611033600,4205830144,4261175296,4293378048
2026-03-10 17:12:41,5605224448,4294844416,3623768064,4240916480,4294139904,4293505024
2026-03-10 17:13:11,5630377984,4294508544,3639762944,4264452096,4201431040,4293775360
2026-03-10 17:13:41,5661421568,4290678784,3641114624,4283396096,4237459456,4293402624
2026-03-10 17:14:11,5585969152,4293783552,3643666432,4205068288,4247441408,4259934208
2026-03-10 17:14:41,5686644736,4278992896,3671703552,4236529664,4281303040,4287557632
2026-03-10 17:15:11,5723291648,4293914624,3672940544,4275122176,4211761152,4292345856
2026-03-10 17:15:41,5749456896,4266188800,3684794368,4294873088,4246552576,4293947392
2026-03-10 17:16:11,5675368448,4278292480,3679014912,4231245824,4268388352,4294504448
2026-03-10 17:16:41,5698097152,4285632512,3701125120,4294955008,4294807552,4294295552
2026-03-10 17:17:11,5654962176,4294217728,3713134592,4292972544,4187348992,4293091328
2026-03-10 17:17:41,5694169088,4294803456,3717570560,4294864896,4235624448,4294582272
2026-03-10 17:18:11,5728309248,4286713856,3719901184,4219858944,4268134400,4294451200
2026-03-10 17:18:41,5655547904,4288897024,3735683072,4254273536,4294516736,4293431296
2026-03-10 17:19:11,5718704128,4293300224,3752783872,4281106432,4202270720,4294340608
2026-03-10 17:19:41,5807030272,4293443584,3758206976,4174315520,4234600448,4285075456
2026-03-10 17:20:11,5882507264,4294307840,3784040448,4113133568,4262875136,4293906432
2026-03-10 17:20:41,5903855616,4294737920,3798917120,4144070656,4284829696,4293918720
2026-03-10 17:21:11,5838405632,4195405824,3817439232,4189097984,4293746688,4287004672
2026-03-10 17:21:41,5879795712,4237938688,3821289472,4235767808,4295458816,4239613952
2026-03-10 17:22:11,5900566528,4262871040,3838238720,4171218944,4220243968,4247814144
2026-03-10 17:22:41,5941329920,4200259584,3839729664,4209651712,4206108672,4262514688
2026-03-10 17:23:11,5863436288,4247273472,3851001856,4243914752,4231143424,4277981184
2026-03-10 17:23:41,5910945792,4294840320,3851395072,4294881280,4265586688,4278681600
2026-03-10 17:24:11,5934575616,4293472256,3861606400,4147101696,4288897024,4285280256
2026-03-10 17:24:41,5879816192,4233633792,3862855680,4189253632,4190121984,4287504384
2026-03-10 17:25:11,5904343040,4259901440,3865333760,4221571072,4218261504,4291268608
2026-03-10 17:25:41,5935812608,4287422464,3883470848,4290371584,4281786368,4294148096
2026-03-10 17:26:11,5967978496,4294447104,3883556864,4233588736,4294918144,4294131712
2026-03-10 17:26:41,5905960960,4222763008,3908104192,4274774016,4294438912,4294344704
2026-03-10 17:27:11,5938565120,4256931840,3920228352,4294750208,4294332416,4293120000
2026-03-10 17:27:41,5973950464,4292775936,3922665472,4217581568,4215767040,4294250496
2026-03-10 17:28:11,5902483456,4293197824,3945975808,4246151168,4242853888,4287864832
2026-03-10 17:28:41,5925826560,4216049664,3954880512,4276211712,4267143168,4288307200
2026-03-10 17:29:11,5949624320,4246495232,3957235712,4293308416,4293185536,4292349952
2026-03-10 17:29:41,5973204992,4276531200,3972939776,4216328192,4294414336,4293431296
2026-03-10 17:30:11,6001651712,4294062080,3993137152,4293586944,4201541632,4293652480
2026-03-10 17:30:41,5956292608,4222517248,3994521600,4294909952,4251648000,4294172672
2026-03-10 17:31:11,5984452608,4257263616,4010799104,4294754304,4288630784,4293574656
2026-03-10 17:31:41,6010978304,4287991808,4012163072,4293914624,4294660096,4293369856
2026-03-10 17:32:11,5955805184,4293361664,4013498368,4284649472,4229816320,4293042176
2026-03-10 17:32:41,5988724736,4241195008,4020150272,4246228992,4272611328,4294127616
2026-03-10 17:33:11,6023868416,4281303040,4031557632,4284723200,4294508544,4231274496
2026-03-10 17:33:41,6046154752,4293681152,4045115392,4294246400,4276682752,4258123776
2026-03-10 17:34:11,5980246016,4294426624,4045508608,4276940800,4224835584,4258603008
2026-03-10 17:34:41,6049824768,4230668288,4053123072,4202328064,4281626624,4266196992
2026-03-10 17:35:11,6131859456,4258316288,4069445632,4254064640,4294348800,4277800960
2026-03-10 17:35:41,6136360960,4281163776,4079149056,4294094848,4288880640,4280381440
2026-03-10 17:36:11,6154199040,4293877760,4097593344,4294692864,4293021696,4291407872
2026-03-10 17:36:41,6178992128,4293795840,4108709888,4194553856,4294148096,4293570560
2026-03-10 17:37:11,6216085504,4229304320,4111757312,4214190080,4247379968,4293885952
2026-03-10 17:37:41,6157385728,4268822528,4129214464,4279336960,4294500352,4293828608
2026-03-10 17:38:11,6181847040,4291485696,4141531136,4278116352,4227428352,4291620864
2026-03-10 17:38:41,6211555328,4277719040,4162842624,4222623744,4278931456,4293275648
2026-03-10 17:39:11,6249795584,4293480448,4164657152,4264361984,4207120384,4293951488
2026-03-10 17:39:41,6196215808,4293234688,4173885440,4294434816,4246712320,4293177344
2026-03-10 17:40:11,6227714048,4294250496,4178010112,4212002816,4288688128,4293971968
2026-03-10 17:40:41,6258450432,4256444416,4179292160,4249014272,4294950912,4293570560
2026-03-10 17:41:11,6288805888,4275412992,4192296960,4288479232,4293599232,4293980160
2026-03-10 17:41:41,6217826304,4293484544,4204285952,4294856704,4293738496,4293775360
2026-03-10 17:42:11,6236463104,4293849088,4205678592,4292980736,4234850304,4293488640
2026-03-10 17:42:41,6265143296,4293918720,4225953792,4253216768,4264116224,4125216768
2026-03-10 17:43:11,6283681792,4187246592,4123697152,4040912896,4292956160,4132990976
2026-03-10 17:43:41,6225637376,4214222848,4123860992,4090638336,4285267968,4133212160
2026-03-10 17:44:11,6257893376,4204187648,4104744960,3976024064,4294512640,4133314560
2026-03-10 17:44:41,6086053888,4207841280,4127477760,3817304064,4164980736,4039786496
2026-03-10 17:45:11,6103007232,4222205952,4128661504,3869483008,4182650880,4037431296
2026-03-10 17:45:41,6126497792,4238188544,4129447936,3909230592,4195766272,4037644288
2026-03-10 17:46:11,6152765440,4256145408,4134965248,3887017984,4230057984,4004188160
2026-03-10 17:46:41,6083035136,4282871808,4142759936,3883036672,4267585536,4010942464
2026-03-10 17:47:11,6100742144,4293910528,4154892288,3818967040,4287844352,4012158976
2026-03-10 17:47:41,6135930880,4293763072,4164784128,3863613440,4291276800,4012748800
2026-03-10 17:48:11,6211645440,4292485120,4166295552,3896049664,4294414336,4016648192
2026-03-10 17:48:41,6287880192,4294467584,4177633280,3926839296,4291203072,4019277824
2026-03-10 17:49:11,6230716416,4294074368,4180148224,3959545856,4294160384,4022910976
2026-03-10 17:49:41,6254919680,4214181888,4195581952,3896164352,4214173696,4025643008
2026-03-10 17:50:11,6281801728,4235616256,4198019072,3929956352,4235812864,4030377984
2026-03-10 17:50:41,6290804736,4248342528,4208676864,3966332928,4254928896,4045389824
2026-03-10 17:51:11,6313943040,4267425792,4223598592,3995729920,4275331072,4052869120
2026-03-10 17:51:41,6331113472,4283940864,4228935680,4022620160,4293771264,4068036608
2026-03-10 17:52:11,6348640256,4293529600,4254367744,4046774272,4293570560,4080943104
2026-03-10 17:52:41,6279069696,4294795264,4274565120,4100481024,4213358592,4101541888
2026-03-10 17:53:11,6303936512,4277178368,4277219328,4092211200,4237598720,4102512640
2026-03-10 17:53:41,6324490240,4280381440,4294443008,4148305920,4248690688,4104036352
2026-03-10 17:54:11,6344986624,4282593280,4094070784,4219711488,4259569664,4110868480
2026-03-10 17:54:41,6360334336,4285632512,4102733824,4240084992,4194549760,4114440192
2026-03-10 17:55:11,6369722368,4181794816,4115591168,4254760960,4219105280,4119916544
2026-03-10 17:55:41,6383804416,4182597632,4116594688,4272599040,4224933888,4121186304
2026-03-10 17:56:11,6308249600,4227837952,4123738112,4188934144,4226744320,4121051136
2026-03-10 17:56:41,6320148480,4260724736,4124737536,4207562752,4228272128,4124106752
2026-03-10 17:57:11,6334713856,4287004672,4133289984,4238049280,4249624576,4128931840
2026-03-10 17:57:41,6320574464,4294406144,4142534656,4258390016,4277002240,4115374080
2026-03-10 17:58:11,6379364352,4294041600,4145463296,4294856704,4294828032,4137566208
2026-03-10 17:58:41,6328102912,4205101056,4215619584,4285485056,4294545408,4150038528
2026-03-10 17:59:11,6354391040,4262699008,4198100992,4202119168,4294664192,4156243968
2026-03-10 17:59:41,6381625344,4294410240,4222676992,4257034240,4294942720,4157308928
2026-03-10 18:00:11,6409850880,4291981312,4238188544,4294377472,4294819840,4165120000
2026-03-10 18:00:41,6343057408,4294639616,4245082112,4294144000,4294860800,4173049856
2026-03-10 18:01:11,6371229696,4294504448,4276994048,4293656576,4293783552,4180094976
2026-03-10 18:01:41,6393303040,4294705152,4280442880,4294852608,4294545408,4181442560
2026-03-10 18:02:11,6424707072,4289400832,4279226368,4280070144,4293177344,4184088576
2026-03-10 18:02:41,6496489472,4294123520,4281634816,4270886912,4294221824,4186095616
2026-03-10 18:03:11,6443454464,4294074368,4294565888,4294754304,4224798720,4167024640
2026-03-10 18:03:41,6549901312,4290904064,4294328320,4199014400,4204060672,4171210752
2026-03-10 18:04:11,6670422016,4294418432,4293570560,4294451200,4244869120,4177174528
2026-03-10 18:04:41,6603943936,4231438336,4089339904,4095954944,4268560384,4182818816
2026-03-10 18:05:11,6548852736,4252569600,4106350592,4181114880,4293128192,4183920640
2026-03-10 18:05:41,6580510720,4259160064,4110372864,4272500736,4220133376,4184711168
2026-03-10 18:06:11,6601089024,4270231552,4127260672,4289708032,4242853888,4189638656
2026-03-10 18:06:41,6639509504,4276858880,4116164608,4199477248,4279681024,4194004992
2026-03-10 18:07:11,6556471296,4294221824,4125204480,4243791872,4294410240,4200390656
2026-03-10 18:07:41,6577213440,4294246400,4125417472,4278669312,4293124096,4204654592
2026-03-10 18:08:11,6586396672,4293877760,4181774336,4294578176,4293353472,4210286592
2026-03-10 18:08:41,6620495872,4294598656,4202676224,4294938624,4293738496,4215033856
2026-03-10 18:09:11,6643642368,4210159616,4210585600,4286222336,4294701056,4219310080
2026-03-10 18:09:41,6662275072,4242325504,4220203008,4293062656,4293795840,4225134592
2026-03-10 18:10:11,6678159360,4257718272,4228452352,4186603520,4292345856,4231294976
2026-03-10 18:10:41,6605164544,4275830784,4236521472,4222525440,4290031616,4234022912
2026-03-10 18:11:11,6631063552,4294217728,4245245952,4265259008,4294676480,4239675392
2026-03-10 18:11:41,6656307200,4294651904,4258312192,4294402048,4294586368,4175544320
2026-03-10 18:12:11,6694715392,4270313472,4258025472,4294946816,4064661504,4174741504
2026-03-10 18:12:41,6802395136,4279558144,4293869568,4198002688,4089131008,4182941696
2026-03-10 18:13:11,6640164864,4286902272,4164489216,4232364032,4109307904,4186394624
2026-03-10 18:13:41,6669881344,4294840320,4170596352,4272357376,4185120768,4191141888
2026-03-10 18:14:11,6688972800,4294238208,4185354240,4293632000,4294901760,4206284800
2026-03-10 18:14:41,6712184832,4075626496,4185714688,4294881280,4294774784,4206149632
2026-03-10 18:15:11,6643089408,4114804736,4199636992,4294447104,4293685248,4214386688
2026-03-10 18:15:41,6668644352,4151410688,4205953024,4293001216,4286832640,4217720832
2026-03-10 18:16:11,6692532224,4137885696,4210987008,4294230016,4196675584,4220620800
2026-03-10 18:16:41,6716125184,4172144640,4221005824,4284973056,4220661760,4231069696
2026-03-10 18:17:11,6745632768,4194930688,4230504448,4294643712,4243984384,4237926400
2026-03-10 18:17:41,6740533248,4284059648,4233445376,4210708480,4269969408,4240912384
2026-03-10 18:18:11,6821310464,4276154368,4238082048,4248297472,4292780032,4243755008
2026-03-10 18:18:41,6861053952,4294500352,4244881408,4278538240,4293537792,4248862720
2026-03-10 18:19:11,6888026112,4293582848,4248219648,4294897664,4285161472,4252188672
2026-03-10 18:19:41,6914813952,4294803456,4251889664,4245479424,4294254592,4192575488
2026-03-10 18:20:11,6403014656,4227915776,4018966528,4147617792,4181872640,4187086848
2026-03-10 18:20:41,5691310080,4246781952,4034211840,4175384576,4159635456,4106182656
2026-03-10 18:21:11,5638807552,4237910016,4112846848,4192542720,4030808064,4111818752
2026-03-10 18:21:41,5673672704,4258357248,4119891968,4223254528,4149866496,4118171648
2026-03-10 18:22:11,5695741952,4275687424,4126822400,4294709248,4070756352,4123439104
2026-03-10 18:22:41,5726371840,4288872448,4222447616,4294123520,4232105984,4133195776
2026-03-10 18:23:11,5604356096,4294705152,4191145984,4294639616,4219736064,4135866368
2026-03-10 18:23:41,5384474624,4288221184,4207808512,4294316032,4217106432,4151201792
2026-03-10 18:24:11,5381484544,4293185536,4219252736,4288757760,4178325504,4158525440
2026-03-10 18:24:41,5345452032,4258336768,4230668288,4273016832,4083392512,4165365760
2026-03-10 18:25:11,5352894464,4263665664,4233187328,4294967296,4177010688,4168986624
2026-03-10 18:25:41,5374218240,4264988672,4244807680,4267429888,4120457216,4249681920
2026-03-10 18:26:11,5399965696,4294184960,4252184576,4294774784,4124209152,4253773824
2026-03-10 18:26:41,5428887552,4294549504,4261281792,4293120000,4141674496,4257615872
2026-03-10 18:27:11,5378248704,4294197248,4264386560,4294803456,4177854464,4267274240
2026-03-10 18:27:41,5401800704,4261425152,4264554496,4294795264,4204744704,4268879872
2026-03-10 18:28:11,5661806592,4193849344,4268457984,4280864768,4248899584,4294967296
2026-03-10 18:28:41,5790388224,4294266880,4277526528,4294692864,4180844544,4198563840
2026-03-10 18:29:11,5818978304,4294873088,4284403712,4294324224,4223131648,4212039680
2026-03-10 18:29:41,6154416128,4293881856,4293799936,4142657536,4203458560,4246511616
2026-03-10 18:30:11,6171254784,4287881216,4149788672,4179152896,4235481088,4256714752
2026-03-10 18:30:41,6187532288,4294803456,4154413056,4206444544,4256567296,4260024320
2026-03-10 18:31:11,6112350208,4294709248,4155981824,4188758016,4294111232,4272869376
2026-03-10 18:31:41,6156214272,4278607872,4156379136,4235743232,4294901760,4274716672
2026-03-10 18:32:11,6198665216,4290691072,4174835712,4284796928,4218605568,4294873088
2026-03-10 18:32:41,6220128256,4260528128,4180836352,4293902336,4240535552,4293177344
2026-03-10 18:33:11,6153175040,4293558272,4187987968,4294008832,4255162368,4285317120
2026-03-10 18:33:41,6186876928,4292980736,4194811904,4215529472,4294082560,4293582848
2026-03-10 18:34:11,6260948992,4276625408,4205568000,4254445568,4294275072,4293361664
2026-03-10 18:34:41,6325829632,4274241536,4211302400,4280467456,4293332992,4294520832
2026-03-10 18:35:11,6362742784,4279066624,4020154368,4139020288,4218433536,4200734720
2026-03-10 18:35:41,6404096000,4278910976,3975868416,4166000640,4242083840,4220067840
2026-03-10 18:36:11,6426857472,4294619136,3979177984,4199804928,4294922240,4294967296
2026-03-10 18:36:41,6689755136,4294938624,3978924032,4204986368,4243976192,4221583360
2026-03-10 18:37:11,6367825920,4273082368,4013518848,4235571200,4188483584,4232601600
2026-03-10 18:37:41,6382342144,4277248000,4192862208,4197523456,4195418112,4244729856
2026-03-10 18:38:11,6422212608,4281655296,4121391104,4284661760,4206788608,4248932352
2026-03-10 18:38:41,6448058368,4280508416,4116307968,4236640256,4234207232,4259831808
2026-03-10 18:39:11,6464589824,4294508544,4125302784,4278771712,4261306368,4270624768
2026-03-10 18:39:41,6482231296,4294946816,4130332672,4291395584,4282081280,4284112896
2026-03-10 18:40:11,6395670528,4294373376,4134563840,4293828608,4289593344,4287221760
2026-03-10 18:40:41,6405586944,4214104064,4138549248,4294754304,4294823936,4293578752
2026-03-10 18:41:11,6421745664,4222877696,4141936640,4294787072,4293677056,4293222400
2026-03-10 18:41:41,6428815360,4239835136,4147105792,4294807552,4294639616,4294246400
2026-03-10 18:42:11,6445101056,4251344896,4154302464,4224819200,4293062656,4285415424
2026-03-10 18:42:41,6476161024,4274753536,4155842560,4262281216,4294590464,4289798144
2026-03-10 18:43:11,6510379008,4276228096,4155158528,4294696960,4293935104,4289515520
2026-03-10 18:43:41,6448312320,4276731904,4160172032,4293959680,4293201920,4294348800
2026-03-10 18:44:11,6474436608,4290826240,4147204096,4204535808,4294897664,4294320128
2026-03-10 18:44:41,6488371200,4294131712,4178104320,4234207232,4253769728,4294959104
2026-03-10 18:45:11,6499987456,4294590464,4183523328,4247609344,4239462400,4232040448
2026-03-10 18:45:41,6573809664,4294230016,4180455424,4260175872,4273885184,4262973440
2026-03-10 18:46:11,6580871168,4284022784,4149850112,4254253056,4291768320,4275748864
2026-03-10 18:46:41,6599303168,4281110528,4156043264,4277739520,4287594496,4294811648
2026-03-10 18:47:11,6533951488,4294189056,4170375168,4294873088,4294283264,4293320704
2026-03-10 18:47:41,6554107904,4248350720,4180033536,4295077888,4293967872,4294230016
2026-03-10 18:48:11,6584942592,4289241088,4184915968,4218187776,4294443008,4293734400
2026-03-10 18:48:41,6618214400,4294758400,4185128960,4254404608,4248498176,4294524928
2026-03-10 18:49:11,6561173504,4294410240,4191707136,4294631424,4268843008,4292382720
2026-03-10 18:49:41,6591385600,4294774784,4194578432,4225785856,4294836224,4294737920
2026-03-10 18:50:11,6277750784,4294725632,4088152064,4226101248,4227215360,4281438208
2026-03-10 18:50:41,6060949504,4294860800,4015706112,4220272640,4233060352,4279472128
2026-03-10 18:51:11,6094286848,4294828032,4015669248,4255907840,4258041856,4282859520
2026-03-10 18:51:41,6021963776,4294463488,4019929088,4280930304,4207484928,4293775360
2026-03-10 18:52:11,6043594752,,4027846656,4293689344,4239663104,4294578176
2026-03-10 18:52:41,6065033216,,4032950272,4191232000,4248481792,4293378048
2026-03-10 18:53:11,6041481216,,4017344512,4269289472,4287033344,4294160384
2026-03-10 18:53:41,5972328448,,4017872896,4283293696,4295081984,4294598656
2026-03-10 18:54:11,5981655040,,3992453120,4254638080,4293828608,4263141376
2026-03-10 18:54:41,5604200448,,4026523648,4199555072,4252180480,4262756352
2026-03-10 18:55:11,5664645120,,4045062144,4170534912,4255551488,4115169280
2026-03-10 18:55:41,5635690496,,4046237696,4215459840,4294889472,4122038272
2026-03-10 18:56:11,5695365120,,4050563072,4251930624,4278579200,4134076416
2026-03-10 18:56:41,5745586176,,4057309184,4294094848,4294852608,4141883392
2026-03-10 18:57:11,5771784192,,4058587136,4222148608,4294762496,4166975488
2026-03-10 18:57:41,5786865664,,4058746880,4293300224,4293914624,4171747328
2026-03-10 18:58:11,5711470592,,4070903808,4221644800,4294512640,4190306304
2026-03-10 18:58:41,5940224000,,4080807936,4199632896,4294791168,4200767488
2026-03-10 18:59:11,6007365632,,4084326400,4294889472,4266975232,4205273088
2026-03-10 18:59:41,6008737792,,4084568064,4266446848,4294660096,4206985216
2026-03-10 19:00:11,6057402368,,4101816320,4293947392,4292304896,4226625536
2026-03-10 19:00:41,6086639616,,4103790592,4294901760,4294819840,4231737344
2026-03-10 19:01:11,6017056768,,4114382848,4210298880,4281327616,4242804736
2026-03-10 19:01:41,6062153728,,4122472448,4262973440,4294590464,4252139520
2026-03-10 19:02:11,6116483072,,4123787264,4293709824,4293795840,4253638656
2026-03-10 19:02:41,6050816000,,4123873280,4238987264,4294848512,4254134272
2026-03-10 19:03:11,6075441152,,4129181696,4294766592,4294905856,4258856960
2026-03-10 19:03:41,6105960448,,4132184064,4237049856,4294529024,4262092800
2026-03-10 19:04:11,6124969984,,4135100416,4293218304,4293623808,4266188800
2026-03-10 19:04:41,6051094528,,4137369600,4216627200,4293976064,4282142720
2026-03-10 19:05:11,6070181888,,4139855872,4234465280,4294516736,4284555264
2026-03-10 19:05:41,6085054464,,4146798592,4284084224,4294520832,4285915136
2026-03-10 19:06:11,6122991616,,4147224576,4294893568,4294365184,4287184896
2026-03-10 19:06:41,6150733824,,4149760000,4291330048,4294864896,4289908736
2026-03-10 19:07:11,6080348160,,4154568704,4285489152,4294885376,4293709824
2026-03-10 19:07:41,6104469504,,4162428928,4294062080,4294180864,4294041600
2026-03-10 19:08:11,6141681664,,4174917632,4294352896,4294762496,4294569984
2026-03-10 19:08:41,6195900416,,4186849280,4224061440,4294885376,4294758400
2026-03-10 19:09:11,6141681664,,4187586560,4275904512,4274794496,4154982400
2026-03-10 19:09:41,6175645696,,4195422208,4290142208,4289753088,4160225280
2026-03-10 19:10:11,6197981184,,4195553280,4189581312,4294963200,4160684032
2026-03-10 19:10:41,6209462272,,4201611264,4207247360,4294610944,4167450624
2026-03-10 19:11:11,6384959488,,4294725632,4215492608,4246933504,4173115392
2026-03-10 19:11:41,6240251904,,4107362304,4254433280,4281593856,4187852800
2026-03-10 19:12:11,6174932992,,4113465344,4293107712,4294696960,4197048320
2026-03-10 19:12:41,6204710912,,4126134272,4294148096,4294864896,4212146176
2026-03-10 19:13:11,6233522176,,4131577856,4207190016,4294352896,4217884672
2026-03-10 19:13:41,6268833792,,4134641664,4243484672,4294696960,4220551168
2026-03-10 19:14:11,6216966144,,4137652224,4289855488,4262400000,4224585728
2026-03-10 19:14:41,6244872192,,4141682688,4294004736,4294631424,4243279872
2026-03-10 19:15:11,6255652864,,4146642944,4294586368,4294582272,4252282880
2026-03-10 19:15:41,6267625472,,4150415360,4208947200,4294868992,4257914880
2026-03-10 19:16:11,6293766144,,4152619008,4242505728,4294549504,4264943616
2026-03-10 19:16:41,6228660224,,4156669952,4293390336,4294897664,4272078848
2026-03-10 19:17:11,6241980416,,4157583360,4294893568,4294492160,4274147328
2026-03-10 19:17:41,6253367296,,4162879488,4294893568,4227764224,4281749504
2026-03-10 19:18:11,6274052096,,4169728000,4201807872,4265271296,4294791168
2026-03-10 19:18:41,6309552128,,4177641472,4294332416,4293840896,4293918720
2026-03-10 19:19:11,6338506752,,4188868608,4294672384,4254507008,4184240128
2026-03-10 19:19:41,6272180224,,4191584256,4294709248,4282560512,4188209152
2026-03-10 19:20:11,6332932096,,4202352640,4294893568,4294418432,4196777984
2026-03-10 19:20:41,6526820352,,4294426624,4249993216,4293484544,4205326336
2026-03-10 19:21:11,6512140288,,4133756928,4294942720,4239343616,4210634752
2026-03-10 19:21:41,6594228224,,4135653376,4294651904,4241145856,4211724288
2026-03-10 19:22:11,6535864320,,4146790400,4292337664,4266160128,4219011072
2026-03-10 19:22:41,6568628224,,4261191680,4292952064,4294770688,4231131136
2026-03-10 19:23:11,6587985920,,4264263680,4294934528,4294397952,4274536448
2026-03-10 19:23:41,6610915328,,4289568768,4294422528,4293353472,4294373376
2026-03-10 19:24:11,6641528832,,4287225856,4219920384,4294037504,4293902336
2026-03-10 19:24:41,6563643392,,4276498432,4293029888,4265193472,4293705728
2026-03-10 19:25:11,6559526912,,4201119744,4284063744,4285988864,4288495616
2026-03-10 19:25:41,6582136832,,4198420480,4294787072,4294377472,4287578112
2026-03-10 19:26:11,6623981568,,4200820736,4294156288,4294758400,4291117056
2026-03-10 19:26:41,6582022144,,4201021440,4215541760,4294926336,4291833856
2026-03-10 19:27:11,6600826880,,4207816704,4286582784,4294885376,4294615040
2026-03-10 19:27:41,6602862592,,4201025536,4294213632,4294737920,4284764160
2026-03-10 19:28:11,6637047808,,4189696000,4224774144,0,4217171968
2026-03-10 19:28:41,6575788032,,4191825920,4258263040,,4220747776
2026-03-10 19:29:11,6615584768,,4117901312,4291211264,,4207980544
2026-03-10 19:29:41,6565773312,,3989704704,4252180480,,4077187072
2026-03-10 19:30:11,6282739712,,3989835776,4178546688,,4019875840
2026-03-10 19:30:41,6293008384,,3995709440,4206448640,,3995062272
2026-03-10 19:31:11,6182576128,,4111925248,4232896512,,3997122560
2026-03-10 19:31:41,6181044224,,4119752704,4294488064,,4006068224
2026-03-10 19:32:11,6212288512,,4137865216,4294799360,,4018470912
2026-03-10 19:32:41,6144917504,,4149723136,4288172032,,4083318784
2026-03-10 19:33:11,6147702784,,4158078976,4294766592,,4109668352
2026-03-10 19:33:41,6173880320,,4166098944,4294778880,,4138942464
2026-03-10 19:34:11,6122917888,,4172345344,4244848640,,4144848896
2026-03-10 19:34:41,6116048896,,4175949824,4287377408,,4150398976
2026-03-10 19:35:11,6085664768,,4179202048,4294455296,,4154118144
2026-03-10 19:35:41,6094778368,,4185649152,4294479872,,4160688128
2026-03-10 19:36:11,6126133248,,4188393472,4236865536,,4164374528
2026-03-10 19:36:41,6088216576,,4188741632,4294885376,,4164751360
2026-03-10 19:37:11,6130130944,,4196003840,4237770752,,4176252928
2026-03-10 19:37:41,6063374336,,4201336832,4288962560,,4150198272
2026-03-10 19:38:11,6097305600,,4206120960,4294094848,,4153733120
2026-03-10 19:38:41,6059978752,,4206374912,4266844160,,4156248064
2026-03-10 19:39:11,6094897152,,4212232192,4271525888,,4166008832
2026-03-10 19:39:41,6121414656,,4219596800,4294549504,,4180578304
2026-03-10 19:40:11,6145171456,,4223885312,4294381568,,4193288192
2026-03-10 19:40:41,6175924224,,4226478080,4241281024,,4196528128
2026-03-10 19:41:11,6149812224,,4230066176,4294942720,,4199874560
2026-03-10 19:41:41,6261755904,,4237152256,4238700544,,4211359744
2026-03-10 19:42:11,6254469120,,4242317312,4284243968,,4222812160
2026-03-10 19:42:41,6322630656,,4252622848,4294799360,,4239298560
2026-03-10 19:43:11,6375968768,,4255571968,4294922240,,4242178048
2026-03-10 19:43:41,6326231040,,4262850560,4260855808,,4257107968
2026-03-10 19:44:11,6377299968,,4264501248,4294959104,,4265848832
2026-03-10 19:44:41,6417502208,,4270555136,4287696896,,4273483776
2026-03-10 19:45:11,6444699648,,4278153216,4291190784,,4287119360
2026-03-10 19:45:41,6358786048,,4280455168,4226469888,,4179705856
2026-03-10 19:46:11,6429343744,,4284002304,4294746112,,4189224960
2026-03-10 19:46:41,6377873408,,4283932672,4293382144,,4190105600
2026-03-10 19:47:11,6483169280,,4085886976,,,4162859008
2026-03-10 19:47:41,6532620288,,4094480384,,,4170280960
2026-03-10 19:48:11,6476976128,,4103315456,,,4185157632
2026-03-10 19:48:41,6509256704,,4107776000,,,4193144832
2026-03-10 19:49:11,6540206080,,4117123072,,,4200321024
2026-03-10 19:49:41,6575652864,,4123099136,,,4204224512
2026-03-10 19:50:11,6496239616,,4131569664,,,4212568064
2026-03-10 19:50:41,6529245184,,4133486592,,,4214194176
2026-03-10 19:51:11,6580649984,,4142497792,,,4230901760
2026-03-10 19:51:41,6616190976,,4150247424,,,4238065664
2026-03-10 19:52:11,6578118656,,4154851328,,,4241166336
2026-03-10 19:52:41,6616989696,,4294430720,,,4246335488
2026-03-10 19:53:11,6556512256,,4066258944,,,4250050560
2026-03-10 19:53:41,6565867520,,4294500352,,,4277891072
2026-03-10 19:54:11,6573666304,,4293701632,,,4281212928
2026-03-10 19:54:41,6723784704,,4294500352,,,4229431296
2026-03-10 19:55:11,6746980352,,4293246976,,,4201820160
2026-03-10 19:55:41,6863220736,,4290482176,,,4270120960
2026-03-10 19:56:11,6883164160,,4292911104,,,4263972864
2026-03-10 19:56:41,6850146304,,4292845568,,,4103725056
2026-03-10 19:57:11,6831067136,,4293402624,,,4107677696
2026-03-10 19:57:41,6877401088,,4293160960,,,4111253504
2026-03-10 19:58:11,6910865408,,4293758976,,,4154597376
2026-03-10 19:58:41,6912389120,,4293853184,,,4157169664
2026-03-10 19:59:11,6916104192,,4293701632,,,4166828032
2026-03-10 19:59:41,6916173824,,4293820416,,,4176842752
2026-03-10 20:00:11,6917615616,,4095574016,,,4177895424
2026-03-10 20:00:41,6917742592,,4095594496,,,4177977344
2026-03-10 20:01:11,6877921280,,4101238784,,,4218654720
2026-03-10 20:01:41,6922686464,,4101775360,,,4219973632
2026-03-10 20:02:11,6958354432,,4108505088,,,4227588096
2026-03-10 20:02:41,6910709760,,4115742720,,,4294041600
2026-03-10 20:03:11,6934921216,,4115996672,,,4294508544
2026-03-10 20:03:41,6946357248,,4118577152,,,4293722112
2026-03-10 20:04:11,6965977088,,4123619328,,,4293861376
2026-03-10 20:04:41,6985191424,,4128346112,,,4294381568
2026-03-10 20:05:11,6945488896,,4133818368,,,4292907008
2026-03-10 20:05:41,6989537280,,4136960000,,,4293914624
2026-03-10 20:06:11,6926282752,,4145950720,,,4288966656
2026-03-10 20:06:41,6978379776,,4146577408,,,4294205440
2026-03-10 20:07:11,6978437120,,4146831360,,,4293951488
2026-03-10 20:07:41,6978727936,,4146679808,,,4292927488
2026-03-10 20:08:11,6978723840,,4146696192,,,4292919296
2026-03-10 20:08:41,7009103872,,4149420032,,,4293181440
2026-03-10 20:09:11,7016517632,,4149526528,,,4293206016
2026-03-10 20:09:41,7019794432,,4151619584,,,4294094848
2026-03-10 20:10:11,6942437376,,4155056128,,,4293898240
2026-03-10 20:10:41,6959841280,,4158816256,,,4294246400
2026-03-10 20:11:11,6972276736,,4161806336,,,4294168576
2026-03-10 20:11:41,7006470144,,4160999424,,,4292988928
2026-03-10 20:12:11,7038447616,,4163788800,,,4293685248
2026-03-10 20:12:41,6964252672,,4165464064,,,4293451776
2026-03-10 20:13:11,6986240000,,4170772480,,,4288512000
2026-03-10 20:13:41,7000276992,,4173561856,,,4292739072
2026-03-10 20:14:11,7027798016,,4173885440,,,4292882432
2026-03-10 20:14:41,7054172160,,4179603456,,,4293611520
2026-03-10 20:15:11,6996418560,,4180709376,,,4294414336
2026-03-10 20:15:41,7024500736,,4186984448,,,4293197824
2026-03-10 20:16:11,7048896512,,4192821248,,,4212428800
2026-03-10 20:16:41,7098593280,,4195201024,,,4220710912
2026-03-10 20:17:11,7025463296,,4195213312,,,4220731392
2026-03-10 20:17:41,7061483520,,4200755200,,,4230512640
2026-03-10 20:18:11,7092670464,,4294172672,,,4240240640
2026-03-10 20:18:41,7117406208,,4166180864,,,4244557824
2026-03-10 20:19:11,7036514304,,4165750784,,,4244590592
2026-03-10 20:19:41,7036792832,,4165767168,,,4244611072
2026-03-10 20:20:11,7042736128,,4172627968,,,4257333248
2026-03-10 20:20:41,7051718656,,4172869632,,,4257198080
2026-03-10 20:21:11,7068647424,,4175953920,,,4261990400
2026-03-10 20:21:41,7081062400,,4180688896,,,4269793280
2026-03-10 20:22:11,7103496192,,4183330816,,,4272197632
2026-03-10 20:22:41,7161896960,,4186304512,,,4275990528
2026-03-10 20:23:11,7112765440,,4191485952,,,4282945536
2026-03-10 20:23:41,7175491584,,4194164736,,,4290523136
2026-03-10 20:24:11,7229394944,,4199608320,,,4293894144
2026-03-10 20:24:41,7296434176,,4207820800,,,4289064960
2026-03-10 20:25:11,7239651328,,4208599040,,,4289687552
2026-03-10 20:25:41,7284084736,,4211781632,,,4294533120
2026-03-10 20:26:11,7309479936,,4213841920,,,4294246400
2026-03-10 20:26:41,7331250176,,4216676352,,,4292313088
2026-03-10 20:27:11,7260069888,,4218695680,,,4293308416
2026-03-10 20:27:41,7275458560,,4224196608,,,4294414336
2026-03-10 20:28:11,7316254720,,4224450560,,,4294041600
2026-03-10 20:28:41,7347462144,,4229337088,,,4285267968
2026-03-10 20:29:11,7373238272,,4238028800,,,4293836800
2026-03-10 20:29:41,7331667968,,4240912384,,,4294152192
2026-03-10 20:30:11,7388270592,,4248694784,,,4294017024
2026-03-10 20:30:41,7328395264,,4256333824,,,4240224256
2026-03-10 20:31:11,7368019968,,4261257216,,,4249841664
2026-03-10 20:31:41,7418634240,,4224176128,,,4259778560
2026-03-10 20:32:11,7545176064,,4282327040,,,4248453120
2026-03-10 20:32:41,7584354304,,4282662912,,,4249919488
2026-03-10 20:33:11,7648968704,,4293156864,,,4281266176
2026-03-10 20:33:41,7594545152,,4294070272,,,4281810944
2026-03-10 20:34:11,7611023360,,4291063808,,,4294385664
2026-03-10 20:34:41,7642476544,,4293541888,,,4294197248
2026-03-10 20:35:11,7582982144,,4293804032,,,4294348800
2026-03-10 20:35:41,7586177024,,4293844992,,,4294123520
2026-03-10 20:36:11,7599714304,,4294176768,,,4285964288
2026-03-10 20:36:41,7617781760,,4294131712,,,4286087168
2026-03-10 20:37:11,7631347712,,4293705728,,,4293996544
2026-03-10 20:37:41,7640182784,,4293771264,,,4294828032
2026-03-10 20:38:11,7668203520,,4288090112,,,4294057984
2026-03-10 20:38:41,7605645312,,4291043328,,,4293902336
2026-03-10 20:39:11,7645605888,,4293623808,,,4294610944
2026-03-10 20:39:41,7667675136,,4294365184,,,4291665920
2026-03-10 20:40:11,7691415552,,4293603328,,,4292980736
2026-03-10 20:40:41,7723540480,,4289445888,,,4294225920
2026-03-10 20:41:11,7654416384,,4294819840,,,4294836224
2026-03-10 20:41:41,7724072960,,4294332416,,,4184797184
2026-03-10 20:42:11,7665553408,,4294828032,,,4200345600
2026-03-10 20:42:41,7918563328,,4293632000,,,4212355072
2026-03-10 20:43:11,7776595968,,4151881728,,,4227964928
2026-03-10 20:43:41,7725178880,,4159676416,,,4240531456
2026-03-10 20:44:11,7784345600,,4175396864,,,4268158976
2026-03-10 20:44:41,7744479232,,4177920000,,,4268552192
2026-03-10 20:45:11,7744487424,,4177924096,,,4268326912
2026-03-10 20:45:41,7751847936,,4192280576,,,4280651776
2026-03-10 20:46:11,7767162880,,4192874496,,,4285972480
2026-03-10 20:46:41,7771693056,,4200230912,,,4286181376
2026-03-10 20:47:11,7786180608,,4208869376,,,4287352832
2026-03-10 20:47:41,7804022784,,4211990528,,,4289056768
2026-03-10 20:48:11,7829278720,,4217180160,,,4294037504
2026-03-10 20:48:41,7771865088,,4228243456,,,4294012928
2026-03-10 20:49:11,7822606336,,4238409728,,,4285706240
2026-03-10 20:49:41,7789486080,,4241715200,,,4288749568
2026-03-10 20:50:11,7847948288,,4258328576,,,4293623808
2026-03-10 20:50:41,7889461248,,4262813696,,,4294021120
2026-03-10 20:51:11,7871393792,,4264464384,,,4293775360
2026-03-10 20:51:41,7893409792,,4264484864,,,4294201344
2026-03-10 20:52:11,7834607616,,4273098752,,,4176728064
2026-03-10 20:52:41,7864774656,,4278423552,,,4187467776
2026-03-10 20:53:11,7926439936,,4170637312,,,4198563840
2026-03-10 20:53:41,7982989312,,4171218944,,,4200148992
2026-03-10 20:54:11,7909068800,,4181823488,,,4218052608
2026-03-10 20:54:41,7965794304,,4186935296,,,4223737856
2026-03-10 20:55:11,7994892288,,4199407616,,,4236742656
