Time,"__name__=""promtail_custom_block_uncle_count"",container_id=""rskj-miner1"",exported_job=""docker-json-logs"",instance=""host.docker.internal:9080"",job=""promtail"",source=""promtail"""
2026-02-18 21:49:40,0
2026-02-18 21:50:10,0
2026-02-18 21:50:40,0
2026-02-18 21:51:10,0
2026-02-18 21:51:40,0
2026-02-18 21:52:10,0
2026-02-18 21:52:40,0
2026-02-18 21:53:10,0
2026-02-18 21:53:40,0
2026-02-18 21:54:10,0
2026-02-18 21:54:40,0
2026-02-18 21:55:10,0
2026-02-18 21:55:40,0
2026-02-18 21:56:10,0
2026-02-18 21:56:40,0
2026-02-18 21:57:10,0
2026-02-18 21:57:40,0
2026-02-18 21:58:10,0
2026-02-18 21:58:40,0
2026-02-18 21:59:10,0
2026-02-18 21:59:40,0
2026-02-18 22:00:10,0
2026-02-18 22:00:40,0
2026-02-18 22:01:10,0
2026-02-18 22:01:40,0
2026-02-18 22:02:10,0
2026-02-18 22:02:40,0
2026-02-18 22:03:10,0
2026-02-18 22:03:40,0
2026-02-18 22:04:10,0
2026-02-18 22:04:40,0
2026-02-18 22:05:10,0
2026-02-18 22:05:40,0
2026-02-18 22:06:10,0
2026-02-18 22:06:40,0
2026-02-18 22:07:10,0
2026-02-18 22:07:40,0
2026-02-18 22:08:10,0
2026-02-18 22:08:40,0
2026-02-18 22:09:10,0
2026-02-18 22:09:40,0
2026-02-18 22:10:10,0
2026-02-18 22:10:40,0
2026-02-18 22:11:10,0
2026-02-18 22:11:40,0
2026-02-18 22:12:10,0
2026-02-18 22:12:40,0
2026-02-18 22:13:10,0
2026-02-18 22:13:40,0
2026-02-18 22:14:10,0
2026-02-18 22:14:40,0
2026-02-18 22:15:10,1
2026-02-18 22:15:40,0
2026-02-18 22:16:10,0
2026-02-18 22:16:40,0
2026-02-18 22:17:10,0
2026-02-18 22:17:40,0
2026-02-18 22:18:10,0
2026-02-18 22:18:40,0
2026-02-18 22:19:10,0
2026-02-18 22:19:40,0
2026-02-18 22:20:10,0
2026-02-18 22:20:40,0
2026-02-18 22:21:10,0
2026-02-18 22:21:40,0
2026-02-18 22:22:10,0
2026-02-18 22:22:40,0
2026-02-18 22:23:10,0
2026-02-18 22:23:40,0
2026-02-18 22:24:10,0
2026-02-18 22:24:40,0
2026-02-18 22:25:10,0
2026-02-18 22:25:40,0
2026-02-18 22:26:10,0
2026-02-18 22:26:40,0
2026-02-18 22:27:10,0
2026-02-18 22:27:40,0
2026-02-18 22:28:10,0
2026-02-18 22:28:40,0
2026-02-18 22:29:10,0
2026-02-18 22:29:40,0
2026-02-18 22:30:10,0
2026-02-18 22:30:40,0
2026-02-18 22:31:10,0
2026-02-18 22:31:40,0
2026-02-18 22:32:10,0
2026-02-18 22:32:40,0
2026-02-18 22:33:10,0
2026-02-18 22:33:40,0
2026-02-18 22:34:10,0
2026-02-18 22:34:40,0
2026-02-18 22:35:10,0
2026-02-18 22:35:40,0
2026-02-18 22:36:10,0
2026-02-18 22:36:40,0
2026-02-18 22:37:10,0
2026-02-18 22:37:40,0
2026-02-18 22:38:10,0
2026-02-18 22:38:40,0
2026-02-18 22:39:10,0
2026-02-18 22:39:40,0
2026-02-18 22:40:10,0
2026-02-18 22:40:40,0
2026-02-18 22:41:10,0
2026-02-18 22:41:40,0
2026-02-18 22:42:10,0
2026-02-18 22:42:40,0
2026-02-18 22:43:10,0
2026-02-18 22:43:40,0
2026-02-18 22:44:10,0
2026-02-18 22:44:40,0
2026-02-18 22:45:10,0
2026-02-18 22:45:40,0
2026-02-18 22:46:10,0
2026-02-18 22:46:40,0
2026-02-18 22:47:10,0
2026-02-18 22:47:40,0
2026-02-18 22:48:10,0
2026-02-18 22:48:40,0
2026-02-18 22:49:10,0
2026-02-18 22:49:40,0
2026-02-18 22:50:10,0
2026-02-18 22:50:40,0
2026-02-18 22:51:10,0
2026-02-18 22:51:40,0
2026-02-18 22:52:10,0
2026-02-18 22:52:40,0
2026-02-18 22:53:10,0
2026-02-18 22:53:40,0
2026-02-18 22:54:10,0
2026-02-18 22:54:40,1
2026-02-18 22:55:10,0
2026-02-18 22:55:40,0
2026-02-18 22:56:10,0
2026-02-18 22:56:40,0
2026-02-18 22:57:10,0
2026-02-18 22:57:40,0
2026-02-18 22:58:10,0
2026-02-18 22:58:40,0
2026-02-18 22:59:10,0
2026-02-18 22:59:40,0
2026-02-18 23:00:10,0
2026-02-18 23:00:40,0
2026-02-18 23:01:10,0
2026-02-18 23:01:40,0
2026-02-18 23:02:10,0
2026-02-18 23:02:40,1
2026-02-18 23:03:10,0
2026-02-18 23:03:40,0
2026-02-18 23:04:10,0
2026-02-18 23:04:40,0
2026-02-18 23:05:10,0
2026-02-18 23:05:40,0
2026-02-18 23:06:10,0
2026-02-18 23:06:40,0
2026-02-18 23:07:10,0
2026-02-18 23:07:40,0
2026-02-18 23:08:10,0
2026-02-18 23:08:40,0
2026-02-18 23:09:10,0
2026-02-18 23:09:40,0
2026-02-18 23:10:10,0
2026-02-18 23:10:40,0
2026-02-18 23:11:10,0
2026-02-18 23:11:40,0
2026-02-18 23:12:10,0
2026-02-18 23:12:40,0
2026-02-18 23:13:10,0
2026-02-18 23:13:40,0
2026-02-18 23:14:10,0
2026-02-18 23:14:40,0
2026-02-18 23:15:10,0
2026-02-18 23:15:40,0
2026-02-18 23:16:10,0
2026-02-18 23:16:40,0
2026-02-18 23:17:10,0
2026-02-18 23:17:40,0
2026-02-18 23:18:10,0
2026-02-18 23:18:40,0
2026-02-18 23:19:10,0
2026-02-18 23:19:40,0
2026-02-18 23:20:10,0
2026-02-18 23:20:40,0
2026-02-18 23:21:10,0
2026-02-18 23:21:40,0
2026-02-18 23:22:10,0
2026-02-18 23:22:40,0
2026-02-18 23:23:10,0
2026-02-18 23:23:40,0
2026-02-18 23:24:10,1
2026-02-18 23:24:40,0
2026-02-18 23:25:10,0
2026-02-18 23:25:40,0
2026-02-18 23:26:10,0
2026-02-18 23:26:40,0
2026-02-18 23:27:10,0
2026-02-18 23:27:40,0
2026-02-18 23:28:10,0
2026-02-18 23:28:40,0
2026-02-18 23:29:10,0
2026-02-18 23:29:40,0
2026-02-18 23:30:10,0
2026-02-18 23:30:40,0
2026-02-18 23:31:10,0
2026-02-18 23:31:40,0
2026-02-18 23:32:10,0
2026-02-18 23:32:40,0
2026-02-18 23:33:10,0
2026-02-18 23:33:40,0
2026-02-18 23:34:10,0
2026-02-18 23:34:40,0
2026-02-18 23:35:10,0
2026-02-18 23:35:40,0
2026-02-18 23:36:10,0
2026-02-18 23:36:40,0
2026-02-18 23:37:10,0
2026-02-18 23:37:40,0
2026-02-18 23:38:10,0
2026-02-18 23:38:40,0
2026-02-18 23:39:10,0
2026-02-18 23:39:40,0
2026-02-18 23:40:10,0
2026-02-18 23:40:40,1
2026-02-18 23:41:10,1
2026-02-18 23:41:40,0
2026-02-18 23:42:10,0
2026-02-18 23:42:40,0
2026-02-18 23:43:10,0
2026-02-18 23:43:40,0
2026-02-18 23:44:10,0
2026-02-18 23:44:40,0
2026-02-18 23:45:10,0
2026-02-18 23:45:40,0
2026-02-18 23:46:10,0
2026-02-18 23:46:40,0
2026-02-18 23:47:10,0
2026-02-18 23:47:40,0
2026-02-18 23:48:10,0
2026-02-18 23:48:40,0
2026-02-18 23:49:10,0
2026-02-18 23:49:40,0
2026-02-18 23:50:10,0
2026-02-18 23:50:40,0
2026-02-18 23:51:10,0
2026-02-18 23:51:40,0
2026-02-18 23:52:10,0
2026-02-18 23:52:40,0
2026-02-18 23:53:10,0
2026-02-18 23:53:40,0
2026-02-18 23:54:10,0
2026-02-18 23:54:40,0
2026-02-18 23:55:10,0
2026-02-18 23:55:40,0
2026-02-18 23:56:10,0
2026-02-18 23:56:40,0
2026-02-18 23:57:10,0
2026-02-18 23:57:40,1
2026-02-18 23:58:10,0
2026-02-18 23:58:40,0
2026-02-18 23:59:10,0
2026-02-18 23:59:40,0
2026-02-19 00:00:10,0
2026-02-19 00:00:40,0
2026-02-19 00:01:10,0
2026-02-19 00:01:40,0
2026-02-19 00:02:10,0
2026-02-19 00:02:40,0
2026-02-19 00:03:10,0
2026-02-19 00:03:40,0
2026-02-19 00:04:10,0
2026-02-19 00:04:40,0
2026-02-19 00:05:10,1
2026-02-19 00:05:40,0
2026-02-19 00:06:10,0
2026-02-19 00:06:40,0
2026-02-19 00:07:10,0
2026-02-19 00:07:40,0
2026-02-19 00:08:10,0
2026-02-19 00:08:40,0
2026-02-19 00:09:10,0
2026-02-19 00:09:40,0
2026-02-19 00:10:10,0
2026-02-19 00:10:40,0
2026-02-19 00:11:10,0
2026-02-19 00:11:40,0
2026-02-19 00:12:10,0
2026-02-19 00:12:40,0
2026-02-19 00:13:10,0
2026-02-19 00:13:40,0
2026-02-19 00:14:10,0
2026-02-19 00:14:40,0
2026-02-19 00:15:10,0
2026-02-19 00:15:40,0
2026-02-19 00:16:10,0
2026-02-19 00:16:40,0
2026-02-19 00:17:10,0
2026-02-19 00:17:40,0
2026-02-19 00:18:10,0
2026-02-19 00:18:40,1
2026-02-19 00:19:10,0
2026-02-19 00:19:40,0
2026-02-19 00:20:10,0
2026-02-19 00:20:40,0
2026-02-19 00:21:10,0
2026-02-19 00:21:40,0
2026-02-19 00:22:10,0
2026-02-19 00:22:40,1
2026-02-19 00:23:10,0
2026-02-19 00:23:40,0
2026-02-19 00:24:10,0
2026-02-19 00:24:40,0
2026-02-19 00:25:10,0
2026-02-19 00:25:40,0
2026-02-19 00:26:10,0
2026-02-19 00:26:40,0
2026-02-19 00:27:10,0
2026-02-19 00:27:40,0
2026-02-19 00:28:10,1
2026-02-19 00:28:40,0
2026-02-19 00:29:10,0
2026-02-19 00:29:40,0
2026-02-19 00:30:10,0
2026-02-19 00:30:40,0
2026-02-19 00:31:10,0
2026-02-19 00:31:40,0
2026-02-19 00:32:10,0
2026-02-19 00:32:40,0
2026-02-19 00:33:10,0
2026-02-19 00:33:40,0
2026-02-19 00:34:10,0
2026-02-19 00:34:40,0
2026-02-19 00:35:10,0
2026-02-19 00:35:40,0
2026-02-19 00:36:10,0
2026-02-19 00:36:40,0
2026-02-19 00:37:10,0
2026-02-19 00:37:40,0
2026-02-19 00:38:10,0
2026-02-19 00:38:40,0
2026-02-19 00:39:10,0
2026-02-19 00:39:40,0
2026-02-19 00:40:10,0
2026-02-19 00:40:40,0
2026-02-19 00:41:10,0
2026-02-19 00:41:40,0
2026-02-19 00:42:10,0
2026-02-19 00:42:40,0
2026-02-19 00:43:10,0
2026-02-19 00:43:40,0
2026-02-19 00:44:10,0
2026-02-19 00:44:40,0
2026-02-19 00:45:10,0
2026-02-19 00:45:40,0
2026-02-19 00:46:10,0
2026-02-19 00:46:40,0
2026-02-19 00:47:10,0
2026-02-19 00:47:40,0
2026-02-19 00:48:10,0
2026-02-19 00:48:40,0
2026-02-19 00:49:10,0
2026-02-19 00:49:40,0
2026-02-19 00:50:10,0
2026-02-19 00:50:40,0
2026-02-19 00:51:10,0
2026-02-19 00:51:40,0
2026-02-19 00:52:10,0
2026-02-19 00:52:40,0
2026-02-19 00:53:10,0
2026-02-19 00:53:40,0
2026-02-19 00:54:10,0
2026-02-19 00:54:40,0
2026-02-19 00:55:10,0
2026-02-19 00:55:40,0
2026-02-19 00:56:10,0
2026-02-19 00:56:40,0
2026-02-19 00:57:10,0
2026-02-19 00:57:40,0
2026-02-19 00:58:10,0
2026-02-19 00:58:40,0
2026-02-19 00:59:10,0
2026-02-19 00:59:40,0
2026-02-19 01:00:10,0
2026-02-19 01:00:40,0
2026-02-19 01:01:10,0
2026-02-19 01:01:40,0
2026-02-19 01:02:10,0
2026-02-19 01:02:40,0
2026-02-19 01:03:10,0
2026-02-19 01:03:40,0
2026-02-19 01:04:10,0
2026-02-19 01:04:40,0
2026-02-19 01:05:10,0
2026-02-19 01:05:40,0
2026-02-19 01:06:10,0
2026-02-19 01:06:40,0
2026-02-19 01:07:10,0
2026-02-19 01:07:40,0
2026-02-19 01:08:10,0
2026-02-19 01:08:40,0
2026-02-19 01:09:10,0
2026-02-19 01:09:40,0
2026-02-19 01:10:10,0
2026-02-19 01:10:40,0
2026-02-19 01:11:10,0
2026-02-19 01:11:40,0
2026-02-19 01:12:10,0
2026-02-19 01:12:40,0
2026-02-19 01:13:10,0
2026-02-19 01:13:40,1
2026-02-19 01:14:10,0
2026-02-19 01:14:40,0
2026-02-19 01:15:10,0
2026-02-19 01:15:40,0
2026-02-19 01:16:10,0
2026-02-19 01:16:40,0
2026-02-19 01:17:10,0
2026-02-19 01:17:40,0
2026-02-19 01:18:10,0
2026-02-19 01:18:40,0
2026-02-19 01:19:10,0
2026-02-19 01:19:40,0
2026-02-19 01:20:10,0
2026-02-19 01:20:40,0
2026-02-19 01:21:10,1
2026-02-19 01:21:40,0
2026-02-19 01:22:10,0
2026-02-19 01:22:40,0
2026-02-19 01:23:10,0
2026-02-19 01:23:40,0
2026-02-19 01:24:10,0
2026-02-19 01:24:40,0
2026-02-19 01:25:10,0
2026-02-19 01:25:40,0
2026-02-19 01:26:10,0
2026-02-19 01:26:40,0
2026-02-19 01:27:10,0
2026-02-19 01:27:40,0
2026-02-19 01:28:10,0
2026-02-19 01:28:40,0
2026-02-19 01:29:10,0
2026-02-19 01:29:40,0
2026-02-19 01:30:10,0
2026-02-19 01:30:40,0
2026-02-19 01:31:10,0
2026-02-19 01:31:40,0
2026-02-19 01:32:10,0
2026-02-19 01:32:40,0
2026-02-19 01:33:10,0
2026-02-19 01:33:40,0
2026-02-19 01:34:10,0
2026-02-19 01:34:40,0
2026-02-19 01:35:10,0
2026-02-19 01:35:40,0
2026-02-19 01:36:10,0
2026-02-19 01:36:40,0
2026-02-19 01:37:10,0
2026-02-19 01:37:40,0
2026-02-19 01:38:10,0
2026-02-19 01:38:40,0
2026-02-19 01:39:10,0
2026-02-19 01:39:40,0
2026-02-19 01:40:10,0
2026-02-19 01:40:40,0
2026-02-19 01:41:10,0
2026-02-19 01:41:40,0
2026-02-19 01:42:10,0
2026-02-19 01:42:40,0
2026-02-19 01:43:10,0
2026-02-19 01:43:40,0
2026-02-19 01:44:10,0
2026-02-19 01:44:40,0
2026-02-19 01:45:10,0
2026-02-19 01:45:40,0
2026-02-19 01:46:10,0
2026-02-19 01:46:40,1
2026-02-19 01:47:10,0
2026-02-19 01:47:40,0
2026-02-19 01:48:10,0
2026-02-19 01:48:40,0
2026-02-19 01:49:10,0
2026-02-19 01:49:40,0
2026-02-19 01:50:10,0
2026-02-19 01:50:40,0
2026-02-19 01:51:10,0
2026-02-19 01:51:40,0
2026-02-19 01:52:10,0
2026-02-19 01:52:40,0
2026-02-19 01:53:10,0
2026-02-19 01:53:40,0
2026-02-19 01:54:10,0
2026-02-19 01:54:40,0
2026-02-19 01:55:10,0
2026-02-19 01:55:40,0
2026-02-19 01:56:10,0
2026-02-19 01:56:40,0
2026-02-19 01:57:10,0
2026-02-19 01:57:40,0
2026-02-19 01:58:10,0
2026-02-19 01:58:40,0
2026-02-19 01:59:10,0
2026-02-19 01:59:40,0
2026-02-19 02:00:10,0
2026-02-19 02:00:40,0
2026-02-19 02:01:10,0
2026-02-19 02:01:40,0
2026-02-19 02:02:10,0
2026-02-19 02:02:40,0
2026-02-19 02:03:10,0
2026-02-19 02:03:40,0
2026-02-19 02:04:10,0
2026-02-19 02:04:40,0
2026-02-19 02:05:10,0
2026-02-19 02:05:40,0
2026-02-19 02:06:10,0
2026-02-19 02:06:40,0
2026-02-19 02:07:10,0
2026-02-19 02:07:40,0
2026-02-19 02:08:10,0
2026-02-19 02:08:40,1
2026-02-19 02:09:10,0
2026-02-19 02:09:40,0
2026-02-19 02:10:10,0
2026-02-19 02:10:40,0
2026-02-19 02:11:10,0
2026-02-19 02:11:40,0
2026-02-19 02:12:10,0
2026-02-19 02:12:40,0
2026-02-19 02:13:10,0
2026-02-19 02:13:40,0
2026-02-19 02:14:10,0
2026-02-19 02:14:40,0
2026-02-19 02:15:10,0
2026-02-19 02:15:40,0
2026-02-19 02:16:10,0
2026-02-19 02:16:40,0
2026-02-19 02:17:10,0
2026-02-19 02:17:40,0
2026-02-19 02:18:10,0
2026-02-19 02:18:40,0
2026-02-19 02:19:10,0
2026-02-19 02:19:40,0
2026-02-19 02:20:10,0
2026-02-19 02:20:40,0
2026-02-19 02:21:10,0
2026-02-19 02:21:40,0
2026-02-19 02:22:10,0
2026-02-19 02:22:40,0
2026-02-19 02:23:10,0
2026-02-19 02:23:40,0
2026-02-19 02:24:10,0
2026-02-19 02:24:40,0
2026-02-19 02:25:10,0
2026-02-19 02:25:40,0
2026-02-19 02:26:10,0
2026-02-19 02:26:40,0
2026-02-19 02:27:10,0
2026-02-19 02:27:40,0
2026-02-19 02:28:10,0
2026-02-19 02:28:40,0
2026-02-19 02:29:10,0
2026-02-19 02:29:40,0
2026-02-19 02:30:10,0
2026-02-19 02:30:40,0
2026-02-19 02:31:10,0
2026-02-19 02:31:40,0
2026-02-19 02:32:10,0
2026-02-19 02:32:40,0
2026-02-19 02:33:10,0
2026-02-19 02:33:40,0
2026-02-19 02:34:10,0
2026-02-19 02:34:40,1
2026-02-19 02:35:10,0
2026-02-19 02:35:40,0
2026-02-19 02:36:10,0
2026-02-19 02:36:40,0
2026-02-19 02:37:10,0
2026-02-19 02:37:40,0
2026-02-19 02:38:10,0
2026-02-19 02:38:40,0
2026-02-19 02:39:10,0
2026-02-19 02:39:40,0
2026-02-19 02:40:10,0
2026-02-19 02:40:40,0
2026-02-19 02:41:10,0
2026-02-19 02:41:40,1
2026-02-19 02:42:10,0
2026-02-19 02:42:40,0
2026-02-19 02:43:10,0
2026-02-19 02:43:40,0
2026-02-19 02:44:10,0
2026-02-19 02:44:40,0
2026-02-19 02:45:10,0
2026-02-19 02:45:40,0
2026-02-19 02:46:10,0
2026-02-19 02:46:40,0
2026-02-19 02:47:10,0
2026-02-19 02:47:40,0
2026-02-19 02:48:10,0
2026-02-19 02:48:40,0
2026-02-19 02:49:10,0
2026-02-19 02:49:40,0
2026-02-19 02:50:10,0
2026-02-19 02:50:40,0
2026-02-19 02:51:10,0
2026-02-19 02:51:40,0
2026-02-19 02:52:10,0
2026-02-19 02:52:40,0
2026-02-19 02:53:10,0
2026-02-19 02:53:40,0
2026-02-19 02:54:10,0
2026-02-19 02:54:40,0
2026-02-19 02:55:10,0
2026-02-19 02:55:40,0
2026-02-19 02:56:10,0
2026-02-19 02:56:40,0
2026-02-19 02:57:10,0
2026-02-19 02:57:40,0
2026-02-19 02:58:10,0
2026-02-19 02:58:40,0
2026-02-19 02:59:10,0
2026-02-19 02:59:40,0
2026-02-19 03:00:10,0
2026-02-19 03:00:40,0
2026-02-19 03:01:10,0
2026-02-19 03:01:40,0
2026-02-19 03:02:10,0
2026-02-19 03:02:40,0
2026-02-19 03:03:10,1
2026-02-19 03:03:40,0
2026-02-19 03:04:10,0
2026-02-19 03:04:40,0
2026-02-19 03:05:10,0
2026-02-19 03:05:40,0
2026-02-19 03:06:10,0
2026-02-19 03:06:40,0
2026-02-19 03:07:10,0
2026-02-19 03:07:40,0
2026-02-19 03:08:10,0
2026-02-19 03:08:40,0
2026-02-19 03:09:10,0
2026-02-19 03:09:40,0
2026-02-19 03:10:10,0
2026-02-19 03:10:40,0
2026-02-19 03:11:10,0
2026-02-19 03:11:40,0
2026-02-19 03:12:10,0
2026-02-19 03:12:40,0
2026-02-19 03:13:10,0
2026-02-19 03:13:40,0
2026-02-19 03:14:10,0
2026-02-19 03:14:40,0
2026-02-19 03:15:10,0
2026-02-19 03:15:40,0
2026-02-19 03:16:10,0
2026-02-19 03:16:40,0
2026-02-19 03:17:10,0
2026-02-19 03:17:40,0
2026-02-19 03:18:10,0
2026-02-19 03:18:40,0
2026-02-19 03:19:10,0
2026-02-19 03:19:40,0
2026-02-19 03:20:10,0
2026-02-19 03:20:40,0
2026-02-19 03:21:10,0
2026-02-19 03:21:40,0
2026-02-19 03:22:10,0
2026-02-19 03:22:40,0
2026-02-19 03:23:10,0
2026-02-19 03:23:40,0
2026-02-19 03:24:10,0
2026-02-19 03:24:40,0
2026-02-19 03:25:10,0
2026-02-19 03:25:40,1
2026-02-19 03:26:10,0
2026-02-19 03:26:40,0
2026-02-19 03:27:10,0
2026-02-19 03:27:40,0
2026-02-19 03:28:10,0
2026-02-19 03:28:40,0
2026-02-19 03:29:10,0
2026-02-19 03:29:40,0
2026-02-19 03:30:10,0
2026-02-19 03:30:40,0
2026-02-19 03:31:10,0
2026-02-19 03:31:40,0
2026-02-19 03:32:10,0
2026-02-19 03:32:40,0
2026-02-19 03:33:10,0
2026-02-19 03:33:40,0
2026-02-19 03:34:10,0
2026-02-19 03:34:40,0
2026-02-19 03:35:10,0
2026-02-19 03:35:40,0
2026-02-19 03:36:10,0
2026-02-19 03:36:40,0
2026-02-19 03:37:10,0
2026-02-19 03:37:40,0
2026-02-19 03:38:10,0
2026-02-19 03:38:40,0
2026-02-19 03:39:10,0
2026-02-19 03:39:40,0
2026-02-19 03:40:10,0
2026-02-19 03:40:40,0
2026-02-19 03:41:10,0
2026-02-19 03:41:40,0
2026-02-19 03:42:10,0
2026-02-19 03:42:40,0
2026-02-19 03:43:10,0
2026-02-19 03:43:40,0
2026-02-19 03:44:10,0
2026-02-19 03:44:40,0
2026-02-19 03:45:10,0
2026-02-19 03:45:40,0
2026-02-19 03:46:10,0
2026-02-19 03:46:40,0
2026-02-19 03:47:10,0
2026-02-19 03:47:40,0
2026-02-19 03:48:10,0
2026-02-19 03:48:40,0
2026-02-19 03:49:10,0
2026-02-19 03:49:40,0
2026-02-19 03:50:10,0
2026-02-19 03:50:40,0
2026-02-19 03:51:10,0
2026-02-19 03:51:40,0
2026-02-19 03:52:10,0
2026-02-19 03:52:40,0
2026-02-19 03:53:10,0
2026-02-19 03:53:40,0
2026-02-19 03:54:10,0
2026-02-19 03:54:40,0
2026-02-19 03:55:10,0
2026-02-19 03:55:40,0
2026-02-19 03:56:10,0
2026-02-19 03:56:40,0
2026-02-19 03:57:10,0
2026-02-19 03:57:40,0
2026-02-19 03:58:10,0
2026-02-19 03:58:40,0
2026-02-19 03:59:10,0
2026-02-19 03:59:40,0
2026-02-19 04:00:10,0
2026-02-19 04:00:40,0
2026-02-19 04:01:10,0
2026-02-19 04:01:40,0
2026-02-19 04:02:10,0
2026-02-19 04:02:40,0
2026-02-19 04:03:10,0
2026-02-19 04:03:40,0
2026-02-19 04:04:10,0
2026-02-19 04:04:40,0
2026-02-19 04:05:10,0
2026-02-19 04:05:40,0
2026-02-19 04:06:10,0
2026-02-19 04:06:40,0
2026-02-19 04:07:10,0
2026-02-19 04:07:40,0
2026-02-19 04:08:10,0
2026-02-19 04:08:40,0
2026-02-19 04:09:10,0
2026-02-19 04:09:40,0
2026-02-19 04:10:10,0
2026-02-19 04:10:40,1
2026-02-19 04:11:10,0
2026-02-19 04:11:40,0
2026-02-19 04:12:10,0
2026-02-19 04:12:40,0
2026-02-19 04:13:10,0
2026-02-19 04:13:40,0
2026-02-19 04:14:10,0
2026-02-19 04:14:40,0
2026-02-19 04:15:10,0
2026-02-19 04:15:40,0
2026-02-19 04:16:10,0
2026-02-19 04:16:40,0
2026-02-19 04:17:10,0
2026-02-19 04:17:40,0
2026-02-19 04:18:10,0
2026-02-19 04:18:40,0
2026-02-19 04:19:10,0
2026-02-19 04:19:40,0
2026-02-19 04:20:10,0
2026-02-19 04:20:40,0
2026-02-19 04:21:10,0
2026-02-19 04:21:40,2
2026-02-19 04:22:10,0
2026-02-19 04:22:40,0
2026-02-19 04:23:10,0
2026-02-19 04:23:40,0
2026-02-19 04:24:10,0
2026-02-19 04:24:40,0
2026-02-19 04:25:10,0
2026-02-19 04:25:40,0
2026-02-19 04:26:10,0
2026-02-19 04:26:40,0
2026-02-19 04:27:10,1
2026-02-19 04:27:40,1
2026-02-19 04:28:10,1
2026-02-19 04:28:40,0
2026-02-19 04:29:10,0
2026-02-19 04:29:40,0
2026-02-19 04:30:10,0
2026-02-19 04:30:40,0
2026-02-19 04:31:10,0
2026-02-19 04:31:40,0
2026-02-19 04:32:10,0
2026-02-19 04:32:40,0
2026-02-19 04:33:10,0
2026-02-19 04:33:40,0
2026-02-19 04:34:10,0
2026-02-19 04:34:40,0
2026-02-19 04:35:10,0
2026-02-19 04:35:40,0
2026-02-19 04:36:10,0
2026-02-19 04:36:40,0
2026-02-19 04:37:10,0
2026-02-19 04:37:40,0
2026-02-19 04:38:10,0
2026-02-19 04:38:40,0
2026-02-19 04:39:10,0
2026-02-19 04:39:40,0
2026-02-19 04:40:10,0
2026-02-19 04:40:40,0
2026-02-19 04:41:10,0
2026-02-19 04:41:40,0
2026-02-19 04:42:10,0
2026-02-19 04:42:40,0
2026-02-19 04:43:10,0
2026-02-19 04:43:40,0
2026-02-19 04:44:10,0
2026-02-19 04:44:40,0
2026-02-19 04:45:10,0
2026-02-19 04:45:40,0
2026-02-19 04:46:10,0
2026-02-19 04:46:40,0
2026-02-19 04:47:10,0
2026-02-19 04:47:40,0
2026-02-19 04:48:10,0
2026-02-19 04:48:40,0
2026-02-19 04:49:10,0
2026-02-19 04:49:40,0
2026-02-19 04:50:10,0
2026-02-19 04:50:40,0
2026-02-19 04:51:10,0
2026-02-19 04:51:40,0
2026-02-19 04:52:10,0
2026-02-19 04:52:40,0
2026-02-19 04:53:10,0
2026-02-19 04:53:40,0
2026-02-19 04:54:10,0
2026-02-19 04:54:40,0
2026-02-19 04:55:10,0
2026-02-19 04:55:40,0
2026-02-19 04:56:10,0
2026-02-19 04:56:40,0
2026-02-19 04:57:10,1
2026-02-19 04:57:40,0
2026-02-19 04:58:10,0
2026-02-19 04:58:40,0
2026-02-19 04:59:10,0
2026-02-19 04:59:40,0
2026-02-19 05:00:10,0
2026-02-19 05:00:40,0
2026-02-19 05:01:10,0
2026-02-19 05:01:40,0
2026-02-19 05:02:10,0
2026-02-19 05:02:40,0
2026-02-19 05:03:10,0
2026-02-19 05:03:40,0
2026-02-19 05:04:10,0
2026-02-19 05:04:40,0
2026-02-19 05:05:10,0
2026-02-19 05:05:40,0
2026-02-19 05:06:10,0
2026-02-19 05:06:40,0
2026-02-19 05:07:10,0
2026-02-19 05:07:40,0
2026-02-19 05:08:10,0
2026-02-19 05:08:40,0
2026-02-19 05:09:10,0
2026-02-19 05:09:40,0
2026-02-19 05:10:10,0
2026-02-19 05:10:40,0
2026-02-19 05:11:10,0
2026-02-19 05:11:40,0
2026-02-19 05:12:10,0
2026-02-19 05:12:40,0
2026-02-19 05:13:10,0
2026-02-19 05:13:40,0
2026-02-19 05:14:10,0
2026-02-19 05:14:40,0
2026-02-19 05:15:10,0
2026-02-19 05:15:40,0
2026-02-19 05:16:10,0
2026-02-19 05:16:40,0
2026-02-19 05:17:10,0
2026-02-19 05:17:40,0
2026-02-19 05:18:10,0
2026-02-19 05:18:40,0
2026-02-19 05:19:10,0
2026-02-19 05:19:40,0
2026-02-19 05:20:10,0
2026-02-19 05:20:40,0
2026-02-19 05:21:10,0
2026-02-19 05:21:40,0
2026-02-19 05:22:10,0
2026-02-19 05:22:40,0
2026-02-19 05:23:10,0
2026-02-19 05:23:40,0
2026-02-19 05:24:10,0
2026-02-19 05:24:40,0
2026-02-19 05:25:10,0
2026-02-19 05:25:40,0
2026-02-19 05:26:10,0
2026-02-19 05:26:40,0
2026-02-19 05:27:10,0
2026-02-19 05:27:40,0
2026-02-19 05:28:10,0
2026-02-19 05:28:40,0
2026-02-19 05:29:10,0
2026-02-19 05:29:40,0
2026-02-19 05:30:10,0
2026-02-19 05:30:40,0
2026-02-19 05:31:10,0
2026-02-19 05:31:40,0
2026-02-19 05:32:10,0
2026-02-19 05:32:40,0
2026-02-19 05:33:10,0
2026-02-19 05:33:40,0
2026-02-19 05:34:10,0
2026-02-19 05:34:40,0
2026-02-19 05:35:10,0
2026-02-19 05:35:40,0
2026-02-19 05:36:10,0
2026-02-19 05:36:40,0
2026-02-19 05:37:10,0
2026-02-19 05:37:40,0
2026-02-19 05:38:10,0
2026-02-19 05:38:40,0
2026-02-19 05:39:10,0
2026-02-19 05:39:40,0
2026-02-19 05:40:10,0
2026-02-19 05:40:40,0
2026-02-19 05:41:10,0
2026-02-19 05:41:40,0
2026-02-19 05:42:10,0
2026-02-19 05:42:40,0
2026-02-19 05:43:10,0
2026-02-19 05:43:40,0
2026-02-19 05:44:10,0
2026-02-19 05:44:40,0
2026-02-19 05:45:10,0
2026-02-19 05:45:40,0
2026-02-19 05:46:10,0
2026-02-19 05:46:40,0
2026-02-19 05:47:10,0
2026-02-19 05:47:40,0
2026-02-19 05:48:10,0
2026-02-19 05:48:40,0
2026-02-19 05:49:10,0
2026-02-19 05:49:40,0
2026-02-19 05:50:10,0
2026-02-19 05:50:40,0
2026-02-19 05:51:10,0
2026-02-19 05:51:40,0
2026-02-19 05:52:10,0
2026-02-19 05:52:40,0
2026-02-19 05:53:10,0
2026-02-19 05:53:40,0
2026-02-19 05:54:10,1
2026-02-19 05:54:40,0
2026-02-19 05:55:10,0
2026-02-19 05:55:40,0
2026-02-19 05:56:10,0
2026-02-19 05:56:40,0
2026-02-19 05:57:10,0
2026-02-19 05:57:40,0
2026-02-19 05:58:10,0
2026-02-19 05:58:40,0
2026-02-19 05:59:10,0
2026-02-19 05:59:40,0
2026-02-19 06:00:10,0
2026-02-19 06:00:40,0
2026-02-19 06:01:10,0
2026-02-19 06:01:40,0
2026-02-19 06:02:10,0
2026-02-19 06:02:40,0
2026-02-19 06:03:10,0
2026-02-19 06:03:40,0
2026-02-19 06:04:10,0
2026-02-19 06:04:40,0
2026-02-19 06:05:10,0
2026-02-19 06:05:40,0
2026-02-19 06:06:10,0
2026-02-19 06:06:40,0
2026-02-19 06:07:10,0
2026-02-19 06:07:40,0
2026-02-19 06:08:10,0
2026-02-19 06:08:40,0
2026-02-19 06:09:10,0
2026-02-19 06:09:40,0
2026-02-19 06:10:10,0
2026-02-19 06:10:40,0
2026-02-19 06:11:10,0
2026-02-19 06:11:40,0
2026-02-19 06:12:10,0
2026-02-19 06:12:40,0
2026-02-19 06:13:10,0
2026-02-19 06:13:40,0
2026-02-19 06:14:10,0
2026-02-19 06:14:40,0
2026-02-19 06:15:10,0
2026-02-19 06:15:40,0
2026-02-19 06:16:10,0
2026-02-19 06:16:40,0
2026-02-19 06:17:10,0
2026-02-19 06:17:40,0
2026-02-19 06:18:10,0
2026-02-19 06:18:40,0
2026-02-19 06:19:10,0
2026-02-19 06:19:40,0
2026-02-19 06:20:10,0
2026-02-19 06:20:40,0
2026-02-19 06:21:10,0
2026-02-19 06:21:40,0
2026-02-19 06:22:10,0
2026-02-19 06:22:40,0
2026-02-19 06:23:10,0
2026-02-19 06:23:40,0
2026-02-19 06:24:10,0
2026-02-19 06:24:40,0
2026-02-19 06:25:10,0
2026-02-19 06:25:40,0
2026-02-19 06:26:10,0
2026-02-19 06:26:40,0
2026-02-19 06:27:10,0
2026-02-19 06:27:40,0
2026-02-19 06:28:10,0
2026-02-19 06:28:40,0
2026-02-19 06:29:10,0
2026-02-19 06:29:40,0
2026-02-19 06:30:10,0
2026-02-19 06:30:40,0
2026-02-19 06:31:10,0
2026-02-19 06:31:40,0
2026-02-19 06:32:10,0
2026-02-19 06:32:40,0
2026-02-19 06:33:10,0
2026-02-19 06:33:40,0
2026-02-19 06:34:10,0
2026-02-19 06:34:40,0
2026-02-19 06:35:10,0
2026-02-19 06:35:40,0
2026-02-19 06:36:10,0
2026-02-19 06:36:40,0
2026-02-19 06:37:10,0
2026-02-19 06:37:40,0
2026-02-19 06:38:10,0
2026-02-19 06:38:40,0
2026-02-19 06:39:10,0
2026-02-19 06:39:40,0
2026-02-19 06:40:10,0
2026-02-19 06:40:40,0
2026-02-19 06:41:10,0
2026-02-19 06:41:40,0
2026-02-19 06:42:10,0
2026-02-19 06:42:40,0
2026-02-19 06:43:10,0
2026-02-19 06:43:40,0
2026-02-19 06:44:10,0
2026-02-19 06:44:40,0
2026-02-19 06:45:10,0
2026-02-19 06:45:40,0
2026-02-19 06:46:10,0
2026-02-19 06:46:40,0
2026-02-19 06:47:10,0
2026-02-19 06:47:40,0
2026-02-19 06:48:10,0
2026-02-19 06:48:40,1
2026-02-19 06:49:10,0
2026-02-19 06:49:40,0
2026-02-19 06:50:10,0
2026-02-19 06:50:40,0
2026-02-19 06:51:10,0
2026-02-19 06:51:40,0
2026-02-19 06:52:10,0
2026-02-19 06:52:40,0
2026-02-19 06:53:10,0
2026-02-19 06:53:40,0
2026-02-19 06:54:10,0
2026-02-19 06:54:40,1
2026-02-19 06:55:10,0
2026-02-19 06:55:40,0
2026-02-19 06:56:10,0
2026-02-19 06:56:40,0
2026-02-19 06:57:10,0
2026-02-19 06:57:40,0
2026-02-19 06:58:10,0
2026-02-19 06:58:40,0
2026-02-19 06:59:10,0
2026-02-19 06:59:40,0
2026-02-19 07:00:10,0
2026-02-19 07:00:40,0
2026-02-19 07:01:10,0
2026-02-19 07:01:40,0
2026-02-19 07:02:10,0
2026-02-19 07:02:40,0
2026-02-19 07:03:10,0
2026-02-19 07:03:40,0
2026-02-19 07:04:10,0
2026-02-19 07:04:40,0
2026-02-19 07:05:10,0
2026-02-19 07:05:40,0
2026-02-19 07:06:10,0
2026-02-19 07:06:40,0
2026-02-19 07:07:10,0
2026-02-19 07:07:40,0
2026-02-19 07:08:10,0
2026-02-19 07:08:40,0
2026-02-19 07:09:10,0
2026-02-19 07:09:40,0
2026-02-19 07:10:10,0
2026-02-19 07:10:40,0
2026-02-19 07:11:10,0
2026-02-19 07:11:40,0
2026-02-19 07:12:10,0
2026-02-19 07:12:40,0
2026-02-19 07:13:10,0
2026-02-19 07:13:40,0
2026-02-19 07:14:10,0
2026-02-19 07:14:40,0
2026-02-19 07:15:10,0
2026-02-19 07:15:40,0
2026-02-19 07:16:10,0
2026-02-19 07:16:40,0
2026-02-19 07:17:10,1
2026-02-19 07:17:40,0
2026-02-19 07:18:10,0
2026-02-19 07:18:40,0
2026-02-19 07:19:10,0
2026-02-19 07:19:40,0
2026-02-19 07:20:10,0
2026-02-19 07:20:40,0
2026-02-19 07:21:10,0
2026-02-19 07:21:40,0
2026-02-19 07:22:10,0
2026-02-19 07:22:40,0
2026-02-19 07:23:10,0
2026-02-19 07:23:40,0
2026-02-19 07:24:10,0
2026-02-19 07:24:40,0
2026-02-19 07:25:10,0
2026-02-19 07:25:40,0
2026-02-19 07:26:10,0
2026-02-19 07:26:40,0
2026-02-19 07:27:10,0
2026-02-19 07:27:40,0
2026-02-19 07:28:10,0
2026-02-19 07:28:40,0
2026-02-19 07:29:10,0
2026-02-19 07:29:40,0
2026-02-19 07:30:10,0
2026-02-19 07:30:40,0
2026-02-19 07:31:10,0
2026-02-19 07:31:40,0
2026-02-19 07:32:10,0
2026-02-19 07:32:40,0
2026-02-19 07:33:10,0
2026-02-19 07:33:40,0
2026-02-19 07:34:10,0
2026-02-19 07:34:40,0
2026-02-19 07:35:10,0
2026-02-19 07:35:40,0
2026-02-19 07:36:10,0
2026-02-19 07:36:40,0
2026-02-19 07:37:10,0
2026-02-19 07:37:40,0
2026-02-19 07:38:10,0
2026-02-19 07:38:40,0
2026-02-19 07:39:10,0
2026-02-19 07:39:40,0
2026-02-19 07:40:10,0
2026-02-19 07:40:40,0
2026-02-19 07:41:10,0
2026-02-19 07:41:40,0
2026-02-19 07:42:10,0
2026-02-19 07:42:40,0
2026-02-19 07:43:10,0
2026-02-19 07:43:40,0
2026-02-19 07:44:10,0
2026-02-19 07:44:40,0
2026-02-19 07:45:10,0
2026-02-19 07:45:40,0
2026-02-19 07:46:10,0
2026-02-19 07:46:40,0
2026-02-19 07:47:10,0
2026-02-19 07:47:40,0
2026-02-19 07:48:10,0
2026-02-19 07:48:40,0
2026-02-19 07:49:10,0
2026-02-19 07:49:40,0
2026-02-19 07:50:10,0
2026-02-19 07:50:40,0
2026-02-19 07:51:10,0
2026-02-19 07:51:40,0
2026-02-19 07:52:10,0
2026-02-19 07:52:40,0
2026-02-19 07:53:10,0
2026-02-19 07:53:40,0
2026-02-19 07:54:10,0
2026-02-19 07:54:40,0
2026-02-19 07:55:10,0
2026-02-19 07:55:40,0
2026-02-19 07:56:10,0
2026-02-19 07:56:40,0
2026-02-19 07:57:10,0
2026-02-19 07:57:40,0
2026-02-19 07:58:10,0
2026-02-19 07:58:40,0
2026-02-19 07:59:10,1
2026-02-19 07:59:40,0
2026-02-19 08:00:10,0
2026-02-19 08:00:40,0
2026-02-19 08:01:10,0
2026-02-19 08:01:40,0
2026-02-19 08:02:10,0
2026-02-19 08:02:40,0
2026-02-19 08:03:10,0
2026-02-19 08:03:40,0
2026-02-19 08:04:10,0
2026-02-19 08:04:40,0
2026-02-19 08:05:10,0
2026-02-19 08:05:40,0
2026-02-19 08:06:10,0
2026-02-19 08:06:40,0
2026-02-19 08:07:10,0
2026-02-19 08:07:40,0
2026-02-19 08:08:10,0
2026-02-19 08:08:40,0
2026-02-19 08:09:10,0
2026-02-19 08:09:40,0
2026-02-19 08:10:10,0
2026-02-19 08:10:40,0
2026-02-19 08:11:10,0
2026-02-19 08:11:40,0
2026-02-19 08:12:10,0
2026-02-19 08:12:40,0
2026-02-19 08:13:10,0
2026-02-19 08:13:40,1
2026-02-19 08:14:10,0
2026-02-19 08:14:40,0
2026-02-19 08:15:10,0
2026-02-19 08:15:40,0
2026-02-19 08:16:10,0
2026-02-19 08:16:40,0
2026-02-19 08:17:10,0
2026-02-19 08:17:40,0
2026-02-19 08:18:10,0
2026-02-19 08:18:40,0
2026-02-19 08:19:10,0
2026-02-19 08:19:40,0
2026-02-19 08:20:10,0
2026-02-19 08:20:40,0
2026-02-19 08:21:10,0
2026-02-19 08:21:40,0
2026-02-19 08:22:10,0
2026-02-19 08:22:40,1
2026-02-19 08:23:10,0
2026-02-19 08:23:40,0
2026-02-19 08:24:10,0
2026-02-19 08:24:40,0
2026-02-19 08:25:10,0
2026-02-19 08:25:40,0
2026-02-19 08:26:10,0
2026-02-19 08:26:40,2
2026-02-19 08:27:10,0
2026-02-19 08:27:40,0
2026-02-19 08:28:10,0
2026-02-19 08:28:40,0
2026-02-19 08:29:10,0
2026-02-19 08:29:40,0
2026-02-19 08:30:10,0
2026-02-19 08:30:40,0
2026-02-19 08:31:10,0
2026-02-19 08:31:40,0
2026-02-19 08:32:10,0
2026-02-19 08:32:40,0
2026-02-19 08:33:10,0
2026-02-19 08:33:40,0
2026-02-19 08:34:10,0
2026-02-19 08:34:40,0
2026-02-19 08:35:10,0
2026-02-19 08:35:40,0
2026-02-19 08:36:10,0
2026-02-19 08:36:40,0
2026-02-19 08:37:10,0
2026-02-19 08:37:40,0
2026-02-19 08:38:10,0
2026-02-19 08:38:40,0
2026-02-19 08:39:10,0
2026-02-19 08:39:40,0
2026-02-19 08:40:10,0
2026-02-19 08:40:40,0
2026-02-19 08:41:10,0
2026-02-19 08:41:40,0
2026-02-19 08:42:10,0
2026-02-19 08:42:40,0
2026-02-19 08:43:10,0
2026-02-19 08:43:40,0
2026-02-19 08:44:10,0
2026-02-19 08:44:40,0
2026-02-19 08:45:10,0
2026-02-19 08:45:40,0
2026-02-19 08:46:10,0
2026-02-19 08:46:40,0
2026-02-19 08:47:10,0
2026-02-19 08:47:40,0
2026-02-19 08:48:10,0
2026-02-19 08:48:40,0
2026-02-19 08:49:10,0
2026-02-19 08:49:40,0
2026-02-19 08:50:10,0
2026-02-19 08:50:40,0
2026-02-19 08:51:10,0
2026-02-19 08:51:40,0
2026-02-19 08:52:10,0
2026-02-19 08:52:40,0
2026-02-19 08:53:10,0
2026-02-19 08:53:40,0
2026-02-19 08:54:10,0
2026-02-19 08:54:40,1
2026-02-19 08:55:10,0
2026-02-19 08:55:40,0
2026-02-19 08:56:10,0
2026-02-19 08:56:40,0
2026-02-19 08:57:10,0
2026-02-19 08:57:40,0
2026-02-19 08:58:10,0
2026-02-19 08:58:40,0
2026-02-19 08:59:10,0
2026-02-19 08:59:40,0
2026-02-19 09:00:10,0
2026-02-19 09:00:40,0
2026-02-19 09:01:10,0
2026-02-19 09:01:40,0
2026-02-19 09:02:10,0
2026-02-19 09:02:40,0
2026-02-19 09:03:10,0
2026-02-19 09:03:40,0
2026-02-19 09:04:10,0
2026-02-19 09:04:40,0
2026-02-19 09:05:10,0
2026-02-19 09:05:40,0
2026-02-19 09:06:10,0
2026-02-19 09:06:40,0
2026-02-19 09:07:10,0
2026-02-19 09:07:40,0
2026-02-19 09:08:10,0
2026-02-19 09:08:40,0
2026-02-19 09:09:10,0
2026-02-19 09:09:40,0
2026-02-19 09:10:10,0
2026-02-19 09:10:40,0
2026-02-19 09:11:10,0
2026-02-19 09:11:40,0
2026-02-19 09:12:10,0
2026-02-19 09:12:40,0
2026-02-19 09:13:10,0
2026-02-19 09:13:40,0
2026-02-19 09:14:10,0
2026-02-19 09:14:40,0
2026-02-19 09:15:10,0
2026-02-19 09:15:40,0
2026-02-19 09:16:10,0
2026-02-19 09:16:40,0
2026-02-19 09:17:10,0
2026-02-19 09:17:40,0
2026-02-19 09:18:10,0
2026-02-19 09:18:40,0
2026-02-19 09:19:10,0
2026-02-19 09:19:40,0
2026-02-19 09:20:10,0
2026-02-19 09:20:40,0
2026-02-19 09:21:10,0
2026-02-19 09:21:40,0
2026-02-19 09:22:10,0
2026-02-19 09:22:40,0
2026-02-19 09:23:10,0
2026-02-19 09:23:40,0
2026-02-19 09:24:10,0
2026-02-19 09:24:40,0
2026-02-19 09:25:10,0
2026-02-19 09:25:40,0
2026-02-19 09:26:10,0
2026-02-19 09:26:40,0
2026-02-19 09:27:10,0
2026-02-19 09:27:40,0
2026-02-19 09:28:10,0
2026-02-19 09:28:40,0
2026-02-19 09:29:10,0
2026-02-19 09:29:40,0
2026-02-19 09:30:10,0
2026-02-19 09:30:40,0
2026-02-19 09:31:10,0
2026-02-19 09:31:40,0
2026-02-19 09:32:10,0
2026-02-19 09:32:40,0
2026-02-19 09:33:10,0
2026-02-19 09:33:40,0
2026-02-19 09:34:10,0
2026-02-19 09:34:40,0
2026-02-19 09:35:10,0
2026-02-19 09:35:40,1
2026-02-19 09:36:10,0
2026-02-19 09:36:40,0
2026-02-19 09:37:10,0
2026-02-19 09:37:40,0
2026-02-19 09:38:10,0
2026-02-19 09:38:40,0
2026-02-19 09:39:10,0
2026-02-19 09:39:40,0
2026-02-19 09:40:10,0
2026-02-19 09:40:40,0
2026-02-19 09:41:10,0
2026-02-19 09:41:40,0
2026-02-19 09:42:10,0
2026-02-19 09:42:40,0
2026-02-19 09:43:10,0
2026-02-19 09:43:40,0
2026-02-19 09:44:10,0
2026-02-19 09:44:40,0
2026-02-19 09:45:10,0
2026-02-19 09:45:40,0
2026-02-19 09:46:10,0
2026-02-19 09:46:40,0
2026-02-19 09:47:10,0
2026-02-19 09:47:40,0
2026-02-19 09:48:10,0
2026-02-19 09:48:40,0
2026-02-19 09:49:10,0
2026-02-19 09:49:40,0
2026-02-19 09:50:10,0
2026-02-19 09:50:40,0
2026-02-19 09:51:10,0
2026-02-19 09:51:40,0
2026-02-19 09:52:10,0
2026-02-19 09:52:40,0
2026-02-19 09:53:10,0
2026-02-19 09:53:40,0
2026-02-19 09:54:10,0
2026-02-19 09:54:40,0
2026-02-19 09:55:10,0
2026-02-19 09:55:40,0
2026-02-19 09:56:10,0
2026-02-19 09:56:40,0
2026-02-19 09:57:10,1
2026-02-19 09:57:40,0
2026-02-19 09:58:10,0
2026-02-19 09:58:40,0
2026-02-19 09:59:10,0
2026-02-19 09:59:40,0
2026-02-19 10:00:10,0
2026-02-19 10:00:40,0
2026-02-19 10:01:10,0
2026-02-19 10:01:40,0
2026-02-19 10:02:10,0
2026-02-19 10:02:40,0
2026-02-19 10:03:10,0
2026-02-19 10:03:40,0
2026-02-19 10:04:10,0
2026-02-19 10:04:40,0
2026-02-19 10:05:10,0
2026-02-19 10:05:40,0
2026-02-19 10:06:10,0
2026-02-19 10:06:40,0
2026-02-19 10:07:10,0
2026-02-19 10:07:40,0
2026-02-19 10:08:10,0
2026-02-19 10:08:40,0
2026-02-19 10:09:10,0
2026-02-19 10:09:40,0
2026-02-19 10:10:10,0
2026-02-19 10:10:40,0
2026-02-19 10:11:10,0
2026-02-19 10:11:40,0
2026-02-19 10:12:10,0
2026-02-19 10:12:40,0
2026-02-19 10:13:10,0
2026-02-19 10:13:40,0
2026-02-19 10:14:10,0
2026-02-19 10:14:40,0
2026-02-19 10:15:10,0
2026-02-19 10:15:40,0
2026-02-19 10:16:10,0
2026-02-19 10:16:40,0
2026-02-19 10:17:10,0
2026-02-19 10:17:40,0
2026-02-19 10:18:10,0
2026-02-19 10:18:40,0
2026-02-19 10:19:10,0
2026-02-19 10:19:40,0
2026-02-19 10:20:10,0
2026-02-19 10:20:40,0
2026-02-19 10:21:10,0
2026-02-19 10:21:40,0
2026-02-19 10:22:10,0
2026-02-19 10:22:40,0
2026-02-19 10:23:10,0
2026-02-19 10:23:40,0
2026-02-19 10:24:10,0
2026-02-19 10:24:40,0
2026-02-19 10:25:10,1
2026-02-19 10:25:40,0
2026-02-19 10:26:10,0
2026-02-19 10:26:40,0
2026-02-19 10:27:10,0
2026-02-19 10:27:40,0
2026-02-19 10:28:10,1
2026-02-19 10:28:40,0
2026-02-19 10:29:10,0
2026-02-19 10:29:40,0
2026-02-19 10:30:10,0
2026-02-19 10:30:40,0
2026-02-19 10:31:10,0
2026-02-19 10:31:40,0
2026-02-19 10:32:10,0
2026-02-19 10:32:40,0
2026-02-19 10:33:10,0
2026-02-19 10:33:40,0
2026-02-19 10:34:10,0
2026-02-19 10:34:40,0
2026-02-19 10:35:10,0
2026-02-19 10:35:40,0
2026-02-19 10:36:10,0
2026-02-19 10:36:40,0
2026-02-19 10:37:10,0
2026-02-19 10:37:40,0
2026-02-19 10:38:10,0
2026-02-19 10:38:40,0
2026-02-19 10:39:10,0
2026-02-19 10:39:40,0
2026-02-19 10:40:10,0
2026-02-19 10:40:40,0
2026-02-19 10:41:10,0
2026-02-19 10:41:40,0
2026-02-19 10:42:10,0
2026-02-19 10:42:40,0
2026-02-19 10:43:10,0
2026-02-19 10:43:40,0
2026-02-19 10:44:10,0
2026-02-19 10:44:40,0
2026-02-19 10:45:10,0
2026-02-19 10:45:40,0
2026-02-19 10:46:10,0
2026-02-19 10:46:40,0
2026-02-19 10:47:10,0
2026-02-19 10:47:40,0
2026-02-19 10:48:10,0
2026-02-19 10:48:40,0
2026-02-19 10:49:10,0
2026-02-19 10:49:40,0
2026-02-19 10:50:10,0
2026-02-19 10:50:40,0
2026-02-19 10:51:10,0
2026-02-19 10:51:40,0
2026-02-19 10:52:10,0
2026-02-19 10:52:40,1
2026-02-19 10:53:10,0
2026-02-19 10:53:40,0
2026-02-19 10:54:10,0
2026-02-19 10:54:40,0
2026-02-19 10:55:10,0
2026-02-19 10:55:40,0
2026-02-19 10:56:10,0
2026-02-19 10:56:40,0
2026-02-19 10:57:10,0
2026-02-19 10:57:40,0
2026-02-19 10:58:10,0
2026-02-19 10:58:40,0
2026-02-19 10:59:10,0
2026-02-19 10:59:40,0
2026-02-19 11:00:10,0
2026-02-19 11:00:40,0
2026-02-19 11:01:10,0
2026-02-19 11:01:40,0
2026-02-19 11:02:10,0
2026-02-19 11:02:40,0
2026-02-19 11:03:10,0
2026-02-19 11:03:40,0
2026-02-19 11:04:10,0
2026-02-19 11:04:40,0
2026-02-19 11:05:10,0
2026-02-19 11:05:40,0
2026-02-19 11:06:10,0
2026-02-19 11:06:40,0
2026-02-19 11:07:10,0
2026-02-19 11:07:40,0
2026-02-19 11:08:10,0
2026-02-19 11:08:40,0
2026-02-19 11:09:10,0
2026-02-19 11:09:40,0
2026-02-19 11:10:10,0
2026-02-19 11:10:40,0
2026-02-19 11:11:10,0
2026-02-19 11:11:40,0
2026-02-19 11:12:10,0
2026-02-19 11:12:40,0
2026-02-19 11:13:10,0
2026-02-19 11:13:40,0
2026-02-19 11:14:10,0
2026-02-19 11:14:40,0
2026-02-19 11:15:10,0
2026-02-19 11:15:40,0
2026-02-19 11:16:10,0
2026-02-19 11:16:40,0
2026-02-19 11:17:10,0
2026-02-19 11:17:40,0
2026-02-19 11:18:10,0
2026-02-19 11:18:40,0
2026-02-19 11:19:10,0
2026-02-19 11:19:40,0
2026-02-19 11:20:10,0
2026-02-19 11:20:40,0
2026-02-19 11:21:10,0
2026-02-19 11:21:40,1
2026-02-19 11:22:10,0
2026-02-19 11:22:40,0
2026-02-19 11:23:10,0
2026-02-19 11:23:40,0
2026-02-19 11:24:10,0
2026-02-19 11:24:40,0
2026-02-19 11:25:10,0
2026-02-19 11:25:40,0
2026-02-19 11:26:10,0
2026-02-19 11:26:40,0
2026-02-19 11:27:10,0
2026-02-19 11:27:40,0
2026-02-19 11:28:10,0
2026-02-19 11:28:40,0
2026-02-19 11:29:10,0
2026-02-19 11:29:40,0
2026-02-19 11:30:10,0
2026-02-19 11:30:40,0
2026-02-19 11:31:10,0
2026-02-19 11:31:40,0
2026-02-19 11:32:10,0
2026-02-19 11:32:40,0
2026-02-19 11:33:10,0
2026-02-19 11:33:40,0
2026-02-19 11:34:10,0
2026-02-19 11:34:40,0
2026-02-19 11:35:10,1
2026-02-19 11:35:40,0
2026-02-19 11:36:10,1
2026-02-19 11:36:40,0
2026-02-19 11:37:10,0
2026-02-19 11:37:40,0
2026-02-19 11:38:10,0
2026-02-19 11:38:40,0
2026-02-19 11:39:10,0
2026-02-19 11:39:40,0
2026-02-19 11:40:10,0
2026-02-19 11:40:40,0
2026-02-19 11:41:10,0
2026-02-19 11:41:40,0
2026-02-19 11:42:10,0
2026-02-19 11:42:40,0
2026-02-19 11:43:10,0
2026-02-19 11:43:40,0
2026-02-19 11:44:10,0
2026-02-19 11:44:40,0
2026-02-19 11:45:10,0
2026-02-19 11:45:40,0
2026-02-19 11:46:10,0
2026-02-19 11:46:40,0
2026-02-19 11:47:10,0
2026-02-19 11:47:40,0
2026-02-19 11:48:10,0
2026-02-19 11:48:40,0
2026-02-19 11:49:10,1
2026-02-19 11:49:40,0
2026-02-19 11:50:10,0
2026-02-19 11:50:40,0
2026-02-19 11:51:10,0
2026-02-19 11:51:40,0
2026-02-19 11:52:10,0
2026-02-19 11:52:40,0
2026-02-19 11:53:10,0
2026-02-19 11:53:40,0
2026-02-19 11:54:10,0
2026-02-19 11:54:40,0
2026-02-19 11:55:10,0
2026-02-19 11:55:40,0
2026-02-19 11:56:10,0
2026-02-19 11:56:40,0
2026-02-19 11:57:10,0
2026-02-19 11:57:40,0
2026-02-19 11:58:10,0
2026-02-19 11:58:40,0
2026-02-19 11:59:10,0
2026-02-19 11:59:40,1
2026-02-19 12:00:10,0
2026-02-19 12:00:40,0
2026-02-19 12:01:10,0
2026-02-19 12:01:40,1
2026-02-19 12:02:10,0
2026-02-19 12:02:40,0
2026-02-19 12:03:10,0
2026-02-19 12:03:40,0
2026-02-19 12:04:10,0
2026-02-19 12:04:40,0
2026-02-19 12:05:10,0
2026-02-19 12:05:40,0
2026-02-19 12:06:10,0
2026-02-19 12:06:40,0
2026-02-19 12:07:10,0
2026-02-19 12:07:40,0
2026-02-19 12:08:10,0
2026-02-19 12:08:40,0
2026-02-19 12:09:10,1
2026-02-19 12:09:40,0
2026-02-19 12:10:10,0
2026-02-19 12:10:40,0
2026-02-19 12:11:10,0
2026-02-19 12:11:40,0
2026-02-19 12:12:10,0
2026-02-19 12:12:40,1
2026-02-19 12:13:10,0
2026-02-19 12:13:40,0
2026-02-19 12:14:10,0
2026-02-19 12:14:40,0
2026-02-19 12:15:10,0
2026-02-19 12:15:40,0
2026-02-19 12:16:10,0
2026-02-19 12:16:40,0
2026-02-19 12:17:10,0
2026-02-19 12:17:40,0
2026-02-19 12:18:10,0
2026-02-19 12:18:40,0
2026-02-19 12:19:10,0
2026-02-19 12:19:40,0
2026-02-19 12:20:10,0
2026-02-19 12:20:40,0
2026-02-19 12:21:10,0
2026-02-19 12:21:40,0
2026-02-19 12:22:10,0
2026-02-19 12:22:40,0
2026-02-19 12:23:10,0
2026-02-19 12:23:40,0
2026-02-19 12:24:10,0
2026-02-19 12:24:40,0
2026-02-19 12:25:10,0
2026-02-19 12:25:40,0
2026-02-19 12:26:10,0
2026-02-19 12:26:40,0
2026-02-19 12:27:10,0
2026-02-19 12:27:40,0
2026-02-19 12:28:10,0
2026-02-19 12:28:40,0
2026-02-19 12:29:10,0
2026-02-19 12:29:40,0
2026-02-19 12:30:10,0
2026-02-19 12:30:40,0
2026-02-19 12:31:10,0
2026-02-19 12:31:40,0
2026-02-19 12:32:10,0
2026-02-19 12:32:40,0
2026-02-19 12:33:10,0
2026-02-19 12:33:40,0
2026-02-19 12:34:10,0
2026-02-19 12:34:40,0
2026-02-19 12:35:10,1
2026-02-19 12:35:40,0
2026-02-19 12:36:10,0
2026-02-19 12:36:40,0
2026-02-19 12:37:10,0
2026-02-19 12:37:40,0
2026-02-19 12:38:10,0
2026-02-19 12:38:40,0
2026-02-19 12:39:10,0
2026-02-19 12:39:40,0
2026-02-19 12:40:10,1
2026-02-19 12:40:40,0
2026-02-19 12:41:10,0
2026-02-19 12:41:40,0
2026-02-19 12:42:10,0
2026-02-19 12:42:40,1
2026-02-19 12:43:10,0
2026-02-19 12:43:40,0
2026-02-19 12:44:10,0
2026-02-19 12:44:40,0
2026-02-19 12:45:10,0
2026-02-19 12:45:40,0
2026-02-19 12:46:10,0
2026-02-19 12:46:40,0
2026-02-19 12:47:10,0
2026-02-19 12:47:40,0
2026-02-19 12:48:10,0
2026-02-19 12:48:40,0
2026-02-19 12:49:10,0
2026-02-19 12:49:40,0
2026-02-19 12:50:10,0
2026-02-19 12:50:40,0
2026-02-19 12:51:10,0
2026-02-19 12:51:40,0
2026-02-19 12:52:10,0
2026-02-19 12:52:40,0
2026-02-19 12:53:10,0
2026-02-19 12:53:40,0
2026-02-19 12:54:10,0
2026-02-19 12:54:40,0
2026-02-19 12:55:10,0
2026-02-19 12:55:40,0
2026-02-19 12:56:10,0
2026-02-19 12:56:40,0
2026-02-19 12:57:10,0
2026-02-19 12:57:40,0
2026-02-19 12:58:10,0
2026-02-19 12:58:40,0
2026-02-19 12:59:10,0
2026-02-19 12:59:40,0
2026-02-19 13:00:10,0
2026-02-19 13:00:40,1
2026-02-19 13:01:10,1
2026-02-19 13:01:40,0
2026-02-19 13:02:10,0
2026-02-19 13:02:40,0
2026-02-19 13:03:10,0
2026-02-19 13:03:40,0
2026-02-19 13:04:10,0
2026-02-19 13:04:40,0
2026-02-19 13:05:10,0
2026-02-19 13:05:40,0
2026-02-19 13:06:10,0
2026-02-19 13:06:40,0
2026-02-19 13:07:10,0
2026-02-19 13:07:40,0
2026-02-19 13:08:10,0
2026-02-19 13:08:40,0
2026-02-19 13:09:10,0
2026-02-19 13:09:40,0
2026-02-19 13:10:10,1
2026-02-19 13:10:40,0
2026-02-19 13:11:10,0
2026-02-19 13:11:40,0
2026-02-19 13:12:10,0
2026-02-19 13:12:40,0
2026-02-19 13:13:10,0
2026-02-19 13:13:40,0
2026-02-19 13:14:10,0
2026-02-19 13:14:40,0
2026-02-19 13:15:10,0
2026-02-19 13:15:40,0
2026-02-19 13:16:10,0
2026-02-19 13:16:40,0
2026-02-19 13:17:10,0
2026-02-19 13:17:40,0
2026-02-19 13:18:10,0
2026-02-19 13:18:40,0
2026-02-19 13:19:10,0
2026-02-19 13:19:40,0
2026-02-19 13:20:10,0
2026-02-19 13:20:40,0
2026-02-19 13:21:10,0
2026-02-19 13:21:40,0
2026-02-19 13:22:10,0
2026-02-19 13:22:40,0
2026-02-19 13:23:10,0
2026-02-19 13:23:40,0
2026-02-19 13:24:10,0
2026-02-19 13:24:40,0
2026-02-19 13:25:10,0
2026-02-19 13:25:40,0
2026-02-19 13:26:10,0
2026-02-19 13:26:40,0
2026-02-19 13:27:10,0
2026-02-19 13:27:40,0
2026-02-19 13:28:10,0
2026-02-19 13:28:40,0
2026-02-19 13:29:10,0
2026-02-19 13:29:40,0
2026-02-19 13:30:10,0
2026-02-19 13:30:40,0
2026-02-19 13:31:10,0
2026-02-19 13:31:40,0
2026-02-19 13:32:10,0
2026-02-19 13:32:40,0
2026-02-19 13:33:10,0
2026-02-19 13:33:40,0
2026-02-19 13:34:10,0
2026-02-19 13:34:40,0
2026-02-19 13:35:10,0
2026-02-19 13:35:40,0
2026-02-19 13:36:10,0
2026-02-19 13:36:40,0
2026-02-19 13:37:10,0
2026-02-19 13:37:40,0
2026-02-19 13:38:10,0
2026-02-19 13:38:40,0
2026-02-19 13:39:10,0
2026-02-19 13:39:40,0
2026-02-19 13:40:10,0
2026-02-19 13:40:40,0
2026-02-19 13:41:10,0
2026-02-19 13:41:40,0
2026-02-19 13:42:10,0
2026-02-19 13:42:40,1
2026-02-19 13:43:10,0
2026-02-19 13:43:40,0
2026-02-19 13:44:10,0
2026-02-19 13:44:40,0
2026-02-19 13:45:10,0
2026-02-19 13:45:40,0
2026-02-19 13:46:10,0
2026-02-19 13:46:40,0
2026-02-19 13:47:10,0
2026-02-19 13:47:40,0
2026-02-19 13:48:10,0
2026-02-19 13:48:40,0
2026-02-19 13:49:10,0
2026-02-19 13:49:40,0
2026-02-19 13:50:10,0
2026-02-19 13:50:40,0
2026-02-19 13:51:10,0
2026-02-19 13:51:40,0
2026-02-19 13:52:10,0
2026-02-19 13:52:40,1
2026-02-19 13:53:10,1
2026-02-19 13:53:40,0
2026-02-19 13:54:10,0
2026-02-19 13:54:40,0
2026-02-19 13:55:10,0
2026-02-19 13:55:40,0
2026-02-19 13:56:10,0
2026-02-19 13:56:40,0
2026-02-19 13:57:10,0
2026-02-19 13:57:40,0
2026-02-19 13:58:10,0
2026-02-19 13:58:40,0
2026-02-19 13:59:10,0
2026-02-19 13:59:40,0
2026-02-19 14:00:10,0
2026-02-19 14:00:40,0
2026-02-19 14:01:10,0
2026-02-19 14:01:40,0
2026-02-19 14:02:10,0
2026-02-19 14:02:40,0
2026-02-19 14:03:10,0
2026-02-19 14:03:40,0
2026-02-19 14:04:10,1
2026-02-19 14:04:40,0
2026-02-19 14:05:10,0
2026-02-19 14:05:40,0
2026-02-19 14:06:10,0
2026-02-19 14:06:40,0
2026-02-19 14:07:10,0
2026-02-19 14:07:40,0
2026-02-19 14:08:10,0
2026-02-19 14:08:40,0
2026-02-19 14:09:10,0
2026-02-19 14:09:40,0
2026-02-19 14:10:10,0
2026-02-19 14:10:40,0
2026-02-19 14:11:10,0
2026-02-19 14:11:40,0
2026-02-19 14:12:10,0
2026-02-19 14:12:40,0
2026-02-19 14:13:10,0
2026-02-19 14:13:40,0
2026-02-19 14:14:10,0
2026-02-19 14:14:40,0
2026-02-19 14:15:10,0
2026-02-19 14:15:40,0
2026-02-19 14:16:10,0
2026-02-19 14:16:40,0
2026-02-19 14:17:10,0
2026-02-19 14:17:40,0
2026-02-19 14:18:10,0
2026-02-19 14:18:40,0
2026-02-19 14:19:10,0
2026-02-19 14:19:40,0
2026-02-19 14:20:10,0
2026-02-19 14:20:40,0
2026-02-19 14:21:10,0
2026-02-19 14:21:40,0
2026-02-19 14:22:10,0
2026-02-19 14:22:40,0
2026-02-19 14:23:10,0
2026-02-19 14:23:40,0
2026-02-19 14:24:10,0
2026-02-19 14:24:40,0
2026-02-19 14:25:10,0
2026-02-19 14:25:40,0
2026-02-19 14:26:10,0
2026-02-19 14:26:40,0
2026-02-19 14:27:10,0
2026-02-19 14:27:40,0
2026-02-19 14:28:10,0
2026-02-19 14:28:40,0
2026-02-19 14:29:10,0
2026-02-19 14:29:40,0
2026-02-19 14:30:10,0
2026-02-19 14:30:40,0
2026-02-19 14:31:10,0
2026-02-19 14:31:40,0
2026-02-19 14:32:10,0
2026-02-19 14:32:40,0
2026-02-19 14:33:10,0
2026-02-19 14:33:40,0
2026-02-19 14:34:10,0
2026-02-19 14:34:40,0
2026-02-19 14:35:10,0
2026-02-19 14:35:40,0
2026-02-19 14:36:10,0
2026-02-19 14:36:40,0
2026-02-19 14:37:10,0
2026-02-19 14:37:40,0
2026-02-19 14:38:10,0
2026-02-19 14:38:40,0
2026-02-19 14:39:10,0
2026-02-19 14:39:40,0
2026-02-19 14:40:10,0
2026-02-19 14:40:40,1
2026-02-19 14:41:10,0
2026-02-19 14:41:40,0
2026-02-19 14:42:10,0
2026-02-19 14:42:40,0
2026-02-19 14:43:10,0
2026-02-19 14:43:40,0
2026-02-19 14:44:10,0
2026-02-19 14:44:40,0
2026-02-19 14:45:10,0
2026-02-19 14:45:40,0
2026-02-19 14:46:10,0
2026-02-19 14:46:40,0
2026-02-19 14:47:10,0
2026-02-19 14:47:40,0
2026-02-19 14:48:10,0
2026-02-19 14:48:40,0
2026-02-19 14:49:10,0
2026-02-19 14:49:40,0
2026-02-19 14:50:10,0
2026-02-19 14:50:40,0
2026-02-19 14:51:10,0
2026-02-19 14:51:40,0
2026-02-19 14:52:10,0
2026-02-19 14:52:40,0
2026-02-19 14:53:10,0
2026-02-19 14:53:40,0
2026-02-19 14:54:10,0
2026-02-19 14:54:40,0
2026-02-19 14:55:10,0
2026-02-19 14:55:40,0
2026-02-19 14:56:10,0
2026-02-19 14:56:40,0
2026-02-19 14:57:10,0
2026-02-19 14:57:40,0
2026-02-19 14:58:10,0
2026-02-19 14:58:40,0
2026-02-19 14:59:10,0
2026-02-19 14:59:40,0
2026-02-19 15:00:10,0
2026-02-19 15:00:40,0
2026-02-19 15:01:10,0
2026-02-19 15:01:40,0
2026-02-19 15:02:10,0
2026-02-19 15:02:40,0
2026-02-19 15:03:10,0
2026-02-19 15:03:40,0
2026-02-19 15:04:10,0
2026-02-19 15:04:40,0
2026-02-19 15:05:10,0
2026-02-19 15:05:40,0
2026-02-19 15:06:10,0
2026-02-19 15:06:40,0
2026-02-19 15:07:10,0
2026-02-19 15:07:40,0
2026-02-19 15:08:10,0
2026-02-19 15:08:40,0
2026-02-19 15:09:10,0
2026-02-19 15:09:40,0
2026-02-19 15:10:10,0
2026-02-19 15:10:40,0
2026-02-19 15:11:10,0
2026-02-19 15:11:40,0
2026-02-19 15:12:10,0
2026-02-19 15:12:40,0
2026-02-19 15:13:10,0
2026-02-19 15:13:40,0
2026-02-19 15:14:10,0
2026-02-19 15:14:40,0
2026-02-19 15:15:10,0
2026-02-19 15:15:40,0
2026-02-19 15:16:10,0
2026-02-19 15:16:40,0
2026-02-19 15:17:10,0
2026-02-19 15:17:40,0
2026-02-19 15:18:10,0
2026-02-19 15:18:40,0
2026-02-19 15:19:10,0
2026-02-19 15:19:40,0
2026-02-19 15:20:10,0
2026-02-19 15:20:40,0
2026-02-19 15:21:10,0
2026-02-19 15:21:40,0
2026-02-19 15:22:10,1
2026-02-19 15:22:40,0
2026-02-19 15:23:10,0
2026-02-19 15:23:40,0
2026-02-19 15:24:10,0
2026-02-19 15:24:40,0
2026-02-19 15:25:10,0
2026-02-19 15:25:40,0
2026-02-19 15:26:10,0
2026-02-19 15:26:40,0
2026-02-19 15:27:10,0
2026-02-19 15:27:40,0
2026-02-19 15:28:10,0
2026-02-19 15:28:40,0
2026-02-19 15:29:10,0
2026-02-19 15:29:40,0
2026-02-19 15:30:10,0
2026-02-19 15:30:40,0
2026-02-19 15:31:10,0
2026-02-19 15:31:40,1
2026-02-19 15:32:10,1
2026-02-19 15:32:40,0
2026-02-19 15:33:10,0
2026-02-19 15:33:40,0
2026-02-19 15:34:10,0
2026-02-19 15:34:40,0
2026-02-19 15:35:10,0
2026-02-19 15:35:40,0
2026-02-19 15:36:10,0
2026-02-19 15:36:40,0
2026-02-19 15:37:10,0
2026-02-19 15:37:40,0
2026-02-19 15:38:10,0
2026-02-19 15:38:40,0
2026-02-19 15:39:10,0
2026-02-19 15:39:40,0
2026-02-19 15:40:10,0
2026-02-19 15:40:40,0
2026-02-19 15:41:10,0
2026-02-19 15:41:40,0
2026-02-19 15:42:10,0
2026-02-19 15:42:40,0
2026-02-19 15:43:10,0
2026-02-19 15:43:40,0
2026-02-19 15:44:10,0
2026-02-19 15:44:40,0
2026-02-19 15:45:10,0
2026-02-19 15:45:40,0
2026-02-19 15:46:10,0
2026-02-19 15:46:40,0
2026-02-19 15:47:10,0
2026-02-19 15:47:40,0
2026-02-19 15:48:10,0
2026-02-19 15:48:40,0
2026-02-19 15:49:10,0
2026-02-19 15:49:40,0
2026-02-19 15:50:10,1
2026-02-19 15:50:40,0
2026-02-19 15:51:10,0
2026-02-19 15:51:40,0
2026-02-19 15:52:10,0
2026-02-19 15:52:40,0
2026-02-19 15:53:10,0
2026-02-19 15:53:40,1
2026-02-19 15:54:10,0
2026-02-19 15:54:40,1
2026-02-19 15:55:10,0
2026-02-19 15:55:40,0
2026-02-19 15:56:10,0
2026-02-19 15:56:40,0
2026-02-19 15:57:10,0
2026-02-19 15:57:40,0
2026-02-19 15:58:10,0
2026-02-19 15:58:40,0
2026-02-19 15:59:10,0
2026-02-19 15:59:40,0
2026-02-19 16:00:10,0
2026-02-19 16:00:40,0
2026-02-19 16:01:10,0
2026-02-19 16:01:40,0
2026-02-19 16:02:10,0
2026-02-19 16:02:40,0
2026-02-19 16:03:10,0
2026-02-19 16:03:40,0
2026-02-19 16:04:10,0
2026-02-19 16:04:40,0
2026-02-19 16:05:10,0
2026-02-19 16:05:40,0
2026-02-19 16:06:10,0
2026-02-19 16:06:40,0
2026-02-19 16:07:10,0
2026-02-19 16:07:40,0
2026-02-19 16:08:10,0
2026-02-19 16:08:40,0
2026-02-19 16:09:10,0
2026-02-19 16:09:40,0
2026-02-19 16:10:10,0
2026-02-19 16:10:40,0
2026-02-19 16:11:10,0
2026-02-19 16:11:40,0
2026-02-19 16:12:10,0
2026-02-19 16:12:40,0
2026-02-19 16:13:10,0
2026-02-19 16:13:40,0
2026-02-19 16:14:10,0
2026-02-19 16:14:40,0
2026-02-19 16:15:10,0
2026-02-19 16:15:40,0
2026-02-19 16:16:10,0
2026-02-19 16:16:40,0
2026-02-19 16:17:10,0
2026-02-19 16:17:40,0
2026-02-19 16:18:10,0
2026-02-19 16:18:40,0
2026-02-19 16:19:10,0
2026-02-19 16:19:40,0
2026-02-19 16:20:10,0
2026-02-19 16:20:40,0
2026-02-19 16:21:10,0
2026-02-19 16:21:40,0
2026-02-19 16:22:10,0
2026-02-19 16:22:40,0
2026-02-19 16:23:10,0
2026-02-19 16:23:40,0
2026-02-19 16:24:10,0
2026-02-19 16:24:40,0
2026-02-19 16:25:10,0
2026-02-19 16:25:40,0
2026-02-19 16:26:10,0
2026-02-19 16:26:40,0
2026-02-19 16:27:10,0
2026-02-19 16:27:40,0
2026-02-19 16:28:10,0
2026-02-19 16:28:40,0
2026-02-19 16:29:10,0
2026-02-19 16:29:40,1
2026-02-19 16:30:10,0
2026-02-19 16:30:40,0
2026-02-19 16:31:10,0
2026-02-19 16:31:40,0
2026-02-19 16:32:10,0
2026-02-19 16:32:40,0
2026-02-19 16:33:10,0
2026-02-19 16:33:40,0
2026-02-19 16:34:10,0
2026-02-19 16:34:40,0
2026-02-19 16:35:10,0
2026-02-19 16:35:40,0
2026-02-19 16:36:10,0
2026-02-19 16:36:40,0
2026-02-19 16:37:10,0
2026-02-19 16:37:40,0
2026-02-19 16:38:10,0
2026-02-19 16:38:40,0
2026-02-19 16:39:10,0
2026-02-19 16:39:40,0
2026-02-19 16:40:10,0
2026-02-19 16:40:40,0
2026-02-19 16:41:10,0
2026-02-19 16:41:40,0
2026-02-19 16:42:10,1
2026-02-19 16:42:40,0
2026-02-19 16:43:10,0
2026-02-19 16:43:40,0
2026-02-19 16:44:10,0
2026-02-19 16:44:40,0
2026-02-19 16:45:10,0
2026-02-19 16:45:40,0
2026-02-19 16:46:10,0
2026-02-19 16:46:40,0
2026-02-19 16:47:10,0
2026-02-19 16:47:40,0
2026-02-19 16:48:10,0
2026-02-19 16:48:40,0
2026-02-19 16:49:10,0
2026-02-19 16:49:40,0
2026-02-19 16:50:10,0
2026-02-19 16:50:40,0
2026-02-19 16:51:10,0
2026-02-19 16:51:40,0
2026-02-19 16:52:10,0
2026-02-19 16:52:40,0
2026-02-19 16:53:10,0
2026-02-19 16:53:40,0
2026-02-19 16:54:10,0
2026-02-19 16:54:40,0
2026-02-19 16:55:10,0
2026-02-19 16:55:40,0
2026-02-19 16:56:10,0
2026-02-19 16:56:40,0
2026-02-19 16:57:10,0
2026-02-19 16:57:40,0
2026-02-19 16:58:10,0
2026-02-19 16:58:40,0
2026-02-19 16:59:10,0
2026-02-19 16:59:40,0
2026-02-19 17:00:10,0
2026-02-19 17:00:40,0
2026-02-19 17:01:10,0
2026-02-19 17:01:40,0
2026-02-19 17:02:10,0
2026-02-19 17:02:40,0
2026-02-19 17:03:10,0
2026-02-19 17:03:40,0
2026-02-19 17:04:10,0
2026-02-19 17:04:40,1
2026-02-19 17:05:10,0
2026-02-19 17:05:40,0
2026-02-19 17:06:10,0
2026-02-19 17:06:40,0
2026-02-19 17:07:10,0
2026-02-19 17:07:40,0
2026-02-19 17:08:10,0
2026-02-19 17:08:40,0
2026-02-19 17:09:10,0
2026-02-19 17:09:40,0
2026-02-19 17:10:10,0
2026-02-19 17:10:40,0
2026-02-19 17:11:10,0
2026-02-19 17:11:40,0
2026-02-19 17:12:10,0
2026-02-19 17:12:40,0
2026-02-19 17:13:10,0
2026-02-19 17:13:40,0
2026-02-19 17:14:10,0
2026-02-19 17:14:40,0
2026-02-19 17:15:10,0
2026-02-19 17:15:40,0
2026-02-19 17:16:10,0
2026-02-19 17:16:40,0
2026-02-19 17:17:10,0
2026-02-19 17:17:40,0
2026-02-19 17:18:10,1
2026-02-19 17:18:40,0
2026-02-19 17:19:10,0
2026-02-19 17:19:40,0
2026-02-19 17:20:10,0
2026-02-19 17:20:40,0
2026-02-19 17:21:10,0
2026-02-19 17:21:40,0
2026-02-19 17:22:10,0
2026-02-19 17:22:40,0
2026-02-19 17:23:10,0
2026-02-19 17:23:40,0
2026-02-19 17:24:10,0
2026-02-19 17:24:40,0
2026-02-19 17:25:10,0
2026-02-19 17:25:40,0
2026-02-19 17:26:10,0
2026-02-19 17:26:40,0
2026-02-19 17:27:10,0
2026-02-19 17:27:40,0
2026-02-19 17:28:10,1
2026-02-19 17:28:40,0
2026-02-19 17:29:10,0
2026-02-19 17:29:40,0
2026-02-19 17:30:10,0
2026-02-19 17:30:40,0
2026-02-19 17:31:10,0
2026-02-19 17:31:40,0
2026-02-19 17:32:10,0
2026-02-19 17:32:40,0
2026-02-19 17:33:10,0
2026-02-19 17:33:40,0
2026-02-19 17:34:10,0
2026-02-19 17:34:40,0
2026-02-19 17:35:10,0
2026-02-19 17:35:40,0
2026-02-19 17:36:10,0
2026-02-19 17:36:40,0
2026-02-19 17:37:10,0
2026-02-19 17:37:40,0
2026-02-19 17:38:10,0
2026-02-19 17:38:40,0
2026-02-19 17:39:10,0
2026-02-19 17:39:40,0
2026-02-19 17:40:10,0
2026-02-19 17:40:40,0
2026-02-19 17:41:10,0
2026-02-19 17:41:40,0
2026-02-19 17:42:10,0
2026-02-19 17:42:40,0
2026-02-19 17:43:10,0
2026-02-19 17:43:40,0
2026-02-19 17:44:10,0
2026-02-19 17:44:40,0
2026-02-19 17:45:10,0
2026-02-19 17:45:40,0
2026-02-19 17:46:10,0
2026-02-19 17:46:40,0
2026-02-19 17:47:10,0
2026-02-19 17:47:40,0
2026-02-19 17:48:10,0
2026-02-19 17:48:40,0
2026-02-19 17:49:10,0
2026-02-19 17:49:40,0
2026-02-19 17:50:10,0
2026-02-19 17:50:40,0
2026-02-19 17:51:10,0
2026-02-19 17:51:40,0
2026-02-19 17:52:10,0
2026-02-19 17:52:40,0
2026-02-19 17:53:10,0
2026-02-19 17:53:40,0
2026-02-19 17:54:10,0
2026-02-19 17:54:40,0
2026-02-19 17:55:10,0
2026-02-19 17:55:40,0
2026-02-19 17:56:10,0
2026-02-19 17:56:40,0
2026-02-19 17:57:10,0
2026-02-19 17:57:40,0
2026-02-19 17:58:10,0
2026-02-19 17:58:40,0
2026-02-19 17:59:10,0
2026-02-19 17:59:40,0
2026-02-19 18:00:10,0
2026-02-19 18:00:40,0
2026-02-19 18:01:10,0
2026-02-19 18:01:40,0
2026-02-19 18:02:10,0
2026-02-19 18:02:40,0
2026-02-19 18:03:10,0
2026-02-19 18:03:40,0
2026-02-19 18:04:10,0
2026-02-19 18:04:40,0
2026-02-19 18:05:10,0
2026-02-19 18:05:40,0
2026-02-19 18:06:10,0
2026-02-19 18:06:40,0
2026-02-19 18:07:10,0
2026-02-19 18:07:40,0
2026-02-19 18:08:10,0
2026-02-19 18:08:40,0
2026-02-19 18:09:10,0
2026-02-19 18:09:40,0
2026-02-19 18:10:10,0
2026-02-19 18:10:40,0
2026-02-19 18:11:10,0
2026-02-19 18:11:40,0
2026-02-19 18:12:10,0
2026-02-19 18:12:40,0
2026-02-19 18:13:10,0
2026-02-19 18:13:40,0
2026-02-19 18:14:10,0
2026-02-19 18:14:40,0
2026-02-19 18:15:10,0
2026-02-19 18:15:40,0
2026-02-19 18:16:10,0
2026-02-19 18:16:40,0
2026-02-19 18:17:10,0
2026-02-19 18:17:40,0
2026-02-19 18:18:10,0
2026-02-19 18:18:40,0
2026-02-19 18:19:10,0
2026-02-19 18:19:40,0
2026-02-19 18:20:10,0
2026-02-19 18:20:40,0
2026-02-19 18:21:10,0
2026-02-19 18:21:40,0
2026-02-19 18:22:10,0
2026-02-19 18:22:40,0
2026-02-19 18:23:10,0
2026-02-19 18:23:40,0
2026-02-19 18:24:10,0
2026-02-19 18:24:40,1
2026-02-19 18:25:10,1
2026-02-19 18:25:40,0
2026-02-19 18:26:10,0
2026-02-19 18:26:40,0
2026-02-19 18:27:10,0
2026-02-19 18:27:40,0
2026-02-19 18:28:10,0
2026-02-19 18:28:40,0
2026-02-19 18:29:10,0
2026-02-19 18:29:40,0
2026-02-19 18:30:10,0
2026-02-19 18:30:40,0
2026-02-19 18:31:10,0
2026-02-19 18:31:40,0
2026-02-19 18:32:10,0
2026-02-19 18:32:40,0
2026-02-19 18:33:10,0
2026-02-19 18:33:40,0
2026-02-19 18:34:10,0
2026-02-19 18:34:40,0
2026-02-19 18:35:10,0
2026-02-19 18:35:40,0
2026-02-19 18:36:10,0
2026-02-19 18:36:40,0
2026-02-19 18:37:10,0
2026-02-19 18:37:40,0
2026-02-19 18:38:10,0
2026-02-19 18:38:40,0
2026-02-19 18:39:10,0
2026-02-19 18:39:40,0
2026-02-19 18:40:10,0
2026-02-19 18:40:40,0
2026-02-19 18:41:10,0
2026-02-19 18:41:40,0
2026-02-19 18:42:10,0
2026-02-19 18:42:40,0
2026-02-19 18:43:10,0
2026-02-19 18:43:40,0
2026-02-19 18:44:10,0
2026-02-19 18:44:40,0
2026-02-19 18:45:10,0
2026-02-19 18:45:40,0
2026-02-19 18:46:10,0
2026-02-19 18:46:40,0
2026-02-19 18:47:10,0
2026-02-19 18:47:40,0
2026-02-19 18:48:10,0
2026-02-19 18:48:40,0
2026-02-19 18:49:10,0
2026-02-19 18:49:40,0
2026-02-19 18:50:10,0
2026-02-19 18:50:40,0
2026-02-19 18:51:10,0
2026-02-19 18:51:40,0
2026-02-19 18:52:10,0
2026-02-19 18:52:40,0
2026-02-19 18:53:10,0
2026-02-19 18:53:40,0
2026-02-19 18:54:10,0
2026-02-19 18:54:40,0
2026-02-19 18:55:10,0
2026-02-19 18:55:40,0
2026-02-19 18:56:10,0
2026-02-19 18:56:40,0
2026-02-19 18:57:10,0
2026-02-19 18:57:40,0
2026-02-19 18:58:10,0
2026-02-19 18:58:40,1
2026-02-19 18:59:10,1
2026-02-19 18:59:40,0
2026-02-19 19:00:10,0
2026-02-19 19:00:40,0
2026-02-19 19:01:10,0
2026-02-19 19:01:40,0
2026-02-19 19:02:10,0
2026-02-19 19:02:40,0
2026-02-19 19:03:10,0
2026-02-19 19:03:40,0
2026-02-19 19:04:10,0
2026-02-19 19:04:40,0
2026-02-19 19:05:10,0
2026-02-19 19:05:40,0
2026-02-19 19:06:10,0
2026-02-19 19:06:40,0
2026-02-19 19:07:10,0
2026-02-19 19:07:40,0
2026-02-19 19:08:10,0
2026-02-19 19:08:40,0
2026-02-19 19:09:10,0
2026-02-19 19:09:40,0
2026-02-19 19:10:10,0
2026-02-19 19:10:40,0
2026-02-19 19:11:10,0
2026-02-19 19:11:40,0
2026-02-19 19:12:10,0
2026-02-19 19:12:40,0
2026-02-19 19:13:10,0
2026-02-19 19:13:40,0
2026-02-19 19:14:10,0
2026-02-19 19:14:40,0
2026-02-19 19:15:10,0
2026-02-19 19:15:40,0
2026-02-19 19:16:10,0
2026-02-19 19:16:40,0
2026-02-19 19:17:10,0
2026-02-19 19:17:40,0
2026-02-19 19:18:10,0
2026-02-19 19:18:40,0
2026-02-19 19:19:10,0
2026-02-19 19:19:40,0
2026-02-19 19:20:10,0
2026-02-19 19:20:40,0
2026-02-19 19:21:10,0
2026-02-19 19:21:40,0
2026-02-19 19:22:10,0
2026-02-19 19:22:40,0
2026-02-19 19:23:10,0
2026-02-19 19:23:40,0
2026-02-19 19:24:10,0
2026-02-19 19:24:40,0
2026-02-19 19:25:10,0
2026-02-19 19:25:40,0
2026-02-19 19:26:10,0
2026-02-19 19:26:40,0
2026-02-19 19:27:10,0
2026-02-19 19:27:40,0
2026-02-19 19:28:10,0
2026-02-19 19:28:40,0
2026-02-19 19:29:10,0
2026-02-19 19:29:40,0
2026-02-19 19:30:10,0
2026-02-19 19:30:40,0
2026-02-19 19:31:10,0
2026-02-19 19:31:40,0
2026-02-19 19:32:10,0
2026-02-19 19:32:40,0
2026-02-19 19:33:10,0
2026-02-19 19:33:40,0
2026-02-19 19:34:10,0
2026-02-19 19:34:40,0
2026-02-19 19:35:10,0
2026-02-19 19:35:40,0
2026-02-19 19:36:10,0
2026-02-19 19:36:40,0
2026-02-19 19:37:10,0
2026-02-19 19:37:40,0
2026-02-19 19:38:10,0
2026-02-19 19:38:40,0
2026-02-19 19:39:10,0
2026-02-19 19:39:40,1
2026-02-19 19:40:10,0
2026-02-19 19:40:40,0
2026-02-19 19:41:10,0
2026-02-19 19:41:40,0
2026-02-19 19:42:10,0
2026-02-19 19:42:40,0
2026-02-19 19:43:10,0
2026-02-19 19:43:40,0
2026-02-19 19:44:10,0
2026-02-19 19:44:40,0
2026-02-19 19:45:10,0
2026-02-19 19:45:40,0
2026-02-19 19:46:10,0
2026-02-19 19:46:40,0
2026-02-19 19:47:10,0
2026-02-19 19:47:40,0
2026-02-19 19:48:10,0
2026-02-19 19:48:40,0
2026-02-19 19:49:10,0
2026-02-19 19:49:40,0
2026-02-19 19:50:10,0
2026-02-19 19:50:40,0
2026-02-19 19:51:10,0
2026-02-19 19:51:40,0
2026-02-19 19:52:10,0
2026-02-19 19:52:40,0
2026-02-19 19:53:10,0
2026-02-19 19:53:40,1
2026-02-19 19:54:10,0
2026-02-19 19:54:40,0
2026-02-19 19:55:10,0
2026-02-19 19:55:40,0
2026-02-19 19:56:10,0
2026-02-19 19:56:40,0
2026-02-19 19:57:10,0
2026-02-19 19:57:40,0
2026-02-19 19:58:10,0
2026-02-19 19:58:40,0
2026-02-19 19:59:10,0
2026-02-19 19:59:40,0
2026-02-19 20:00:10,0
2026-02-19 20:00:40,0
2026-02-19 20:01:10,0
2026-02-19 20:01:40,0
2026-02-19 20:02:10,0
2026-02-19 20:02:40,0
2026-02-19 20:03:10,0
2026-02-19 20:03:40,0
2026-02-19 20:04:10,0
2026-02-19 20:04:40,0
2026-02-19 20:05:10,0
2026-02-19 20:05:40,0
2026-02-19 20:06:10,0
2026-02-19 20:06:40,0
2026-02-19 20:07:10,0
2026-02-19 20:07:40,0
2026-02-19 20:08:10,0
2026-02-19 20:08:40,0
2026-02-19 20:09:10,0
2026-02-19 20:09:40,0
2026-02-19 20:10:10,0
2026-02-19 20:10:40,0
2026-02-19 20:11:10,0
2026-02-19 20:11:40,0
2026-02-19 20:12:10,0
2026-02-19 20:12:40,0
2026-02-19 20:13:10,0
2026-02-19 20:13:40,0
2026-02-19 20:14:10,0
2026-02-19 20:14:40,0
2026-02-19 20:15:10,0
2026-02-19 20:15:40,0
2026-02-19 20:16:10,0
2026-02-19 20:16:40,0
2026-02-19 20:17:10,0
2026-02-19 20:17:40,0
2026-02-19 20:18:10,0
2026-02-19 20:18:40,0
2026-02-19 20:19:10,0
2026-02-19 20:19:40,0
2026-02-19 20:20:10,0
2026-02-19 20:20:40,0
2026-02-19 20:21:10,0
2026-02-19 20:21:40,0
2026-02-19 20:22:10,0
2026-02-19 20:22:40,0
2026-02-19 20:23:10,0
2026-02-19 20:23:40,0
2026-02-19 20:24:10,0
2026-02-19 20:24:40,0
2026-02-19 20:25:10,0
2026-02-19 20:25:40,1
2026-02-19 20:26:10,0
2026-02-19 20:26:40,0
2026-02-19 20:27:10,0
2026-02-19 20:27:40,0
2026-02-19 20:28:10,0
2026-02-19 20:28:40,0
2026-02-19 20:29:10,0
2026-02-19 20:29:40,0
2026-02-19 20:30:10,0
2026-02-19 20:30:40,0
2026-02-19 20:31:10,0
2026-02-19 20:31:40,0
2026-02-19 20:32:10,0
2026-02-19 20:32:40,0
2026-02-19 20:33:10,0
2026-02-19 20:33:40,0
2026-02-19 20:34:10,0
2026-02-19 20:34:40,0
2026-02-19 20:35:10,0
2026-02-19 20:35:40,0
2026-02-19 20:36:10,0
2026-02-19 20:36:40,0
2026-02-19 20:37:10,0
2026-02-19 20:37:40,0
2026-02-19 20:38:10,0
2026-02-19 20:38:40,0
2026-02-19 20:39:10,0
2026-02-19 20:39:40,0
2026-02-19 20:40:10,0
2026-02-19 20:40:40,0
2026-02-19 20:41:10,0
2026-02-19 20:41:40,0
2026-02-19 20:42:10,0
2026-02-19 20:42:40,0
2026-02-19 20:43:10,0
2026-02-19 20:43:40,0
2026-02-19 20:44:10,0
2026-02-19 20:44:40,0
2026-02-19 20:45:10,0
2026-02-19 20:45:40,0
2026-02-19 20:46:10,0
2026-02-19 20:46:40,0
2026-02-19 20:47:10,0
2026-02-19 20:47:40,0
2026-02-19 20:48:10,0
2026-02-19 20:48:40,0
2026-02-19 20:49:10,0
2026-02-19 20:49:40,0
